LOC_BUFF_N,LOC_FILE_N,LOC_COMP_C,LOC_REC_SI,LOC_REC_TY,LOC_LOCATI,LOC_DESCRI
FILEDBF,FILEDBF,XFR,37,B,,
FILEDBF,FILEDBF,C,102,C,,
FILEDES,FILEDES,C,102,C,,
FILEDFLD,FILEDFLD,C,102,C,,
FILEDICT,FILEDICT,XFR,126,B,,
FILEDICT,FILEDICT,C,102,C,,
FILEKEY,FILEKEY,XFR,898,B,,
FILEKEY,FILEKEY,C,102,C,,
FILEKNUM,FILEKNUM,C,102,C,,
FILELOC,FILELOC,XFR,102,B,,
FILELOC,FILELOC,C,102,C,,
ERRMSG,ERRMSG,C,324,C,,
FILEDICT,XFR_FILEDICT,C,,C,,
FILEKEY,XFR_FILEKEY,C,,C,,
FILELOC,XFR_FILELOC,C,,C,,
FILEDBF,XFR_FILEDBF,C,,C,,
WTASFMGR,WTASFMGR,C,,C,,
BKMENUSU,BKMENUSU,C,,C,,
AHSYLOG,AHSYLOG,B,27,B,DEFAULT\,
AHSYLOG,AHSYLOG,B99,27,B,TESTDATA\,
BKABCUST,BKABCUST,B,13,B,DEFAULT\,
BKABCUST,BKABCUST,B99,13,B,TESTDATA\,
BKABVEND,BKABVEND,B,33,B,DEFAULT\,
BKABVEND,BKABVEND,B99,33,B,TESTDATA\,
BKACTRPT,BKACTRPT,B,534,B,DEFAULT\,
BKACTRPT,BKACTRPT,B99,534,B,TESTDATA\,
BKAPCHKF,BKAPCHKF,B,91,B,DEFAULT\,
BKAPCHKF,BKAPCHKF,B99,91,B,TESTDATA\,
BKAPCHKF,BKAPCHKH,B,91,B,DEFAULT\,
BKAPCHKF,BKAPCHKH,B99,91,B,TESTDATA\,
BKAPCHKF,BKARCHKF,B,91,B,DEFAULT\,
BKAPCHKF,BKARCHKF,B99,91,B,TESTDATA\,
BKAPCHKF,BKARCHKH,B,91,B,DEFAULT\,
BKAPCHKF,BKARCHKH,B99,91,B,TESTDATA\,
BKAPCHKF,ISAPACHK,B,91,B,DEFAULT\,
BKAPCHKF,ISAPACHK,B99,91,B,TESTDATA\,
BKAPCHKF,ISARACHK,B,91,B,DEFAULT\,
BKAPCHKF,ISARACHK,B99,91,B,TESTDATA\,
BKAPDESC,BKAPADSC,B,120,B,DEFAULT\,
BKAPDESC,BKAPADSC,B99,120,B,TESTDATA\,
BKAPDESC,BKAPDESC,B,120,B,DEFAULT\,
BKAPDESC,BKAPDESC,B99,120,B,TESTDATA\,
BKAPDESC,BKAPHDSC,B,120,B,DEFAULT\,
BKAPDESC,BKAPHDSC,B99,120,B,TESTDATA\,
BKAPDESC,BKARDESC,B,120,B,DEFAULT\,
BKAPDESC,BKARDESC,B99,120,B,TESTDATA\,
BKAPDESC,BKARDPST,B,120,B,DEFAULT\,
BKAPDESC,BKARDPST,B99,120,B,TESTDATA\,
BKAPDESC,BKARHDSC,B,120,B,DEFAULT\,
BKAPDESC,BKARHDSC,B99,120,B,TESTDATA\,
BKAPDESC,BKARRDSC,B,120,B,DEFAULT\,
BKAPDESC,BKARRDSC,B99,120,B,TESTDATA\,
BKAPDESC,BKGLDESC,B,120,B,DEFAULT\,
BKAPDESC,BKGLDESC,B99,120,B,TESTDATA\,
BKAPDESC,BKQTNOTE,B,120,B,DEFAULT\,
BKAPDESC,BKQTNOTE,B99,120,B,TESTDATA\,
BKAPDESC,BKQTTEMP,B,120,B,DEFAULT\,
BKAPDESC,BKQTTEMP,B99,120,B,TESTDATA\,
BKAPDESC,BKRFQDES,B,120,B,DEFAULT\,
BKAPDESC,BKRFQDES,B99,120,B,TESTDATA\,
BKAPDESC,BKSONOTE,B,120,B,DEFAULT\,
BKAPDESC,BKSONOTE,B99,120,B,TESTDATA\,
BKAPDESC,ISARADSC,B,120,B,DEFAULT\,
BKAPDESC,ISARADSC,B99,120,B,TESTDATA\,
BKAPDESC,ISARAHDS,B,120,B,DEFAULT\,
BKAPDESC,ISARAHDS,B99,120,B,TESTDATA\,
BKAPDESC,ISRFQADS,B,120,B,DEFAULT\,
BKAPDESC,ISRFQADS,B99,120,B,TESTDATA\,
BKAPDESC,ISRMADSC,B,120,B,DEFAULT\,
BKAPDESC,ISRMADSC,B99,120,B,TESTDATA\,
BKAPDESC,ISRMDESC,B,120,B,DEFAULT\,
BKAPDESC,ISRMDESC,B99,120,B,TESTDATA\,
BKAPDESC,ISSRADSC,B,120,B,DEFAULT\,
BKAPDESC,ISSRADSC,B99,120,B,TESTDATA\,
BKAPDESC,ISSRDESC,B,120,B,DEFAULT\,
BKAPDESC,ISSRDESC,B99,120,B,TESTDATA\,
BKAPDESC,ISWODESC,B,120,B,DEFAULT\,
BKAPDESC,ISWODESC,B99,120,B,TESTDATA\,
BKAPDESC,ISWOHDSC,B,120,B,DEFAULT\,
BKAPDESC,ISWOHDSC,B99,120,B,TESTDATA\,
BKAPDESC,NOTETEMP,B,120,B,DEFAULT\,
BKAPDESC,NOTETEMP,B99,120,B,TESTDATA\,
BKAPINVL,BKAPINVL,B,3756,B,DEFAULT\,
BKAPINVL,BKAPINVL,B99,3756,B,TESTDATA\,
BKAPINVL,BKAPRIVL,B,3756,B,DEFAULT\,
BKAPINVL,BKAPRIVL,B99,3756,B,TESTDATA\,
BKAPINVL,ISAPAINL,B,3756,B,DEFAULT\,
BKAPINVL,ISAPAINL,B99,3756,B,TESTDATA\,
BKAPINVT,BKAPEIVT,B,175,B,DEFAULT\,
BKAPINVT,BKAPEIVT,B99,175,B,TESTDATA\,
BKAPINVT,BKAPINVT,B,175,B,DEFAULT\,
BKAPINVT,BKAPINVT,B99,175,B,TESTDATA\,
BKAPINVT,ISAPAINT,B,175,B,DEFAULT\,
BKAPINVT,ISAPAINT,B99,175,B,TESTDATA\,
BKAPNOTE,BKAPNOTE,B,642,B,DEFAULT\,
BKAPNOTE,BKAPNOTE,B99,642,B,TESTDATA\,
BKAPPO,BKAPAPO,B,893,B,DEFAULT\,
BKAPPO,BKAPAPO,B99,893,B,TESTDATA\,
BKAPPO,BKAPHPO,B,893,B,DEFAULT\,
BKAPPO,BKAPHPO,B99,893,B,TESTDATA\,
BKAPPO,BKAPPO,B,893,B,DEFAULT\,
BKAPPO,BKAPPO,B99,893,B,TESTDATA\,
BKAPPO,BKAPRFQ,B,893,B,DEFAULT\,
BKAPPO,BKAPRFQ,B99,893,B,TESTDATA\,
BKAPPO,ISAPARFQ,B,893,B,DEFAULT\,
BKAPPO,ISAPARFQ,B99,893,B,TESTDATA\,
BKAPPO,ISAPOPO,B,893,B,DEFAULT\,
BKAPPO,ISAPOPO,B99,893,B,TESTDATA\,
BKAPPO,ISSRFQH,B,893,B,DEFAULT\,
BKAPPO,ISSRFQH,B99,893,B,TESTDATA\,
BKAPPOL,BKAPAPOL,B,370,B,DEFAULT\,
BKAPPOL,BKAPAPOL,B99,370,B,TESTDATA\,
BKAPPOL,BKAPHPOL,B,370,B,DEFAULT\,
BKAPPOL,BKAPHPOL,B99,370,B,TESTDATA\,
BKAPPOL,BKAPPOL,B,370,B,DEFAULT\,
BKAPPOL,BKAPPOL,B99,370,B,TESTDATA\,
BKAPPOL,BKAPRFQL,B,370,B,DEFAULT\,
BKAPPOL,BKAPRFQL,B99,370,B,TESTDATA\,
BKAPPOL,ISAPARFL,B,370,B,DEFAULT\,
BKAPPOL,ISAPARFL,B99,370,B,TESTDATA\,
BKAPPOL,ISAPOPOL,B,370,B,DEFAULT\,
BKAPPOL,ISAPOPOL,B99,370,B,TESTDATA\,
BKAPPOL,ISSRFQL,B,370,B,DEFAULT\,
BKAPPOL,ISSRFQL,B99,370,B,TESTDATA\,
BKAPVEND,BKAPEVND,B,2230,B,DEFAULT\,
BKAPVEND,BKAPEVND,B99,2230,B,TESTDATA\,
BKAPVEND,BKAPVEND,B,2230,B,DEFAULT\,
BKAPVEND,BKAPVEND,B99,2230,B,TESTDATA\,
BKAPVEND,ISAPAVND,B,2230,B,DEFAULT\,
BKAPVEND,ISAPAVND,B99,2230,B,TESTDATA\,
BKAPVND2,BKAPVND2,B,1831,B,DEFAULT\,
BKAPVND2,BKAPVND2,B99,1831,B,TESTDATA\,
BKARCUST,BKARCUST,B,2498,B,DEFAULT\,
BKARCUST,BKARCUST,B99,2498,B,TESTDATA\,
BKARCUST,BKARECST,B,2498,B,DEFAULT\,
BKARCUST,BKARECST,B99,2498,B,TESTDATA\,
BKARCUST,BKARSHIP,B,2498,B,DEFAULT\,
BKARCUST,BKARSHIP,B99,2498,B,TESTDATA\,
BKARCUST,BKCMCUST,B,2498,B,DEFAULT\,
BKARCUST,BKCMCUST,B99,2498,B,TESTDATA\,
BKARCUST,ISARACST,B,2498,B,DEFAULT\,
BKARCUST,ISARACST,B99,2498,B,TESTDATA\,
BKARDEP,BKAPDEP,B,81,B,DEFAULT\,
BKARDEP,BKAPDEP,B99,81,B,TESTDATA\,
BKARDEP,BKARDEP,B,81,B,DEFAULT\,
BKARDEP,BKARDEP,B99,81,B,TESTDATA\,
BKARHTAX,BKARHTAX,B,42,B,DEFAULT\,
BKARHTAX,BKARHTAX,B99,42,B,TESTDATA\,
BKARHTAX,ISARAHTX,B,42,B,DEFAULT\,
BKARHTAX,ISARAHTX,B99,42,B,TESTDATA\,
BKARINV,BKARHINV,B,1551,B,DEFAULT\,
BKARINV,BKARHINV,B99,1551,B,TESTDATA\,
BKARINV,BKARINV,B,1551,B,DEFAULT\,
BKARINV,BKARINV,B99,1551,B,TESTDATA\,
BKARINV,BKARRINV,B,1551,B,DEFAULT\,
BKARINV,BKARRINV,B99,1551,B,TESTDATA\,
BKARINV,BKEDIH,B,1551,B,DEFAULT\,
BKARINV,BKEDIH,B99,1551,B,TESTDATA\,
BKARINV,BKESTQT,B,1551,B,DEFAULT\,
BKARINV,BKESTQT,B99,1551,B,TESTDATA\,
BKARINV,ISARAHIN,B,1551,B,DEFAULT\,
BKARINV,ISARAHIN,B99,1551,B,TESTDATA\,
BKARINV,ISARAINV,B,1551,B,DEFAULT\,
BKARINV,ISARAINV,B99,1551,B,TESTDATA\,
BKARINV,ISESAHDR,B,1551,B,DEFAULT\,
BKARINV,ISESAHDR,B99,1551,B,TESTDATA\,
BKARINV,ISESTAQT,B,1551,B,DEFAULT\,
BKARINV,ISESTAQT,B99,1551,B,TESTDATA\,
BKARINV,ISESTHDR,B,1551,B,DEFAULT\,
BKARINV,ISESTHDR,B99,1551,B,TESTDATA\,
BKARINV,ISRMAINV,B,1551,B,DEFAULT\,
BKARINV,ISRMAINV,B99,1551,B,TESTDATA\,
BKARINV,ISRMINV,B,1551,B,DEFAULT\,
BKARINV,ISRMINV,B99,1551,B,TESTDATA\,
BKARINV,ISSNINV,B,1551,B,DEFAULT\,
BKARINV,ISSNINV,B99,1551,B,TESTDATA\,
BKARINV,ISSRAINV,B,1551,B,DEFAULT\,
BKARINV,ISSRAINV,B99,1551,B,TESTDATA\,
BKARINV,ISSRINV,B,1551,B,DEFAULT\,
BKARINV,ISSRINV,B99,1551,B,TESTDATA\,
BKARINV,ISSRMINV,B,1551,B,DEFAULT\,
BKARINV,ISSRMINV,B99,1551,B,TESTDATA\,
BKARINVI,BKARINVI,B,124,B,DEFAULT\,
BKARINVI,BKARINVI,B99,124,B,TESTDATA\,
BKARINVI,ISARAIVI,B,124,B,DEFAULT\,
BKARINVI,ISARAIVI,B99,124,B,TESTDATA\,
BKARINVL,BKARHIVL,B,312,B,DEFAULT\,
BKARINVL,BKARHIVL,B99,312,B,TESTDATA\,
BKARINVL,BKARINVL,B,312,B,DEFAULT\,
BKARINVL,BKARINVL,B99,312,B,TESTDATA\,
BKARINVL,BKARRIVL,B,312,B,DEFAULT\,
BKARINVL,BKARRIVL,B99,312,B,TESTDATA\,
BKARINVL,BKARSIVL,B,312,B,DEFAULT\,
BKARINVL,BKARSIVL,B99,312,B,TESTDATA\,
BKARINVL,BKEDIL,B,312,B,DEFAULT\,
BKARINVL,BKEDIL,B99,312,B,TESTDATA\,
BKARINVL,BKESTQTL,B,312,B,DEFAULT\,
BKARINVL,BKESTQTL,B99,312,B,TESTDATA\,
BKARINVL,ISARAHIL,B,312,B,DEFAULT\,
BKARINVL,ISARAHIL,B99,312,B,TESTDATA\,
BKARINVL,ISARAIVL,B,312,B,DEFAULT\,
BKARINVL,ISARAIVL,B99,312,B,TESTDATA\,
BKARINVL,ISESALNE,B,312,B,DEFAULT\,
BKARINVL,ISESALNE,B99,312,B,TESTDATA\,
BKARINVL,ISESTAQL,B,312,B,DEFAULT\,
BKARINVL,ISESTAQL,B99,312,B,TESTDATA\,
BKARINVL,ISESTLNE,B,312,B,DEFAULT\,
BKARINVL,ISESTLNE,B99,312,B,TESTDATA\,
BKARINVL,ISRMAIVL,B,312,B,DEFAULT\,
BKARINVL,ISRMAIVL,B99,312,B,TESTDATA\,
BKARINVL,ISRMINVL,B,312,B,DEFAULT\,
BKARINVL,ISRMINVL,B99,312,B,TESTDATA\,
BKARINVL,ISSNINVL,B,312,B,DEFAULT\,
BKARINVL,ISSNINVL,B99,312,B,TESTDATA\,
BKARINVL,ISSRAIVL,B,312,B,DEFAULT\,
BKARINVL,ISSRAIVL,B99,312,B,TESTDATA\,
BKARINVL,ISSRINVL,B,312,B,DEFAULT\,
BKARINVL,ISSRINVL,B99,312,B,TESTDATA\,
BKARINVL,ISSRMIVL,B,312,B,DEFAULT\,
BKARINVL,ISSRMIVL,B99,312,B,TESTDATA\,
BKARINVT,BKAREIVT,B,189,B,DEFAULT\,
BKARINVT,BKAREIVT,B99,189,B,TESTDATA\,
BKARINVT,BKARINVT,B,189,B,DEFAULT\,
BKARINVT,BKARINVT,B99,189,B,TESTDATA\,
BKARINVT,ISARAINT,B,189,B,DEFAULT\,
BKARINVT,ISARAINT,B99,189,B,TESTDATA\,
BKARINVV,BKARINVV,B,673,B,DEFAULT\,
BKARINVV,BKARINVV,B99,673,B,TESTDATA\,
BKARINVV,ISARAIVV,B,673,B,DEFAULT\,
BKARINVV,ISARAIVV,B99,673,B,TESTDATA\,
BKART,ARTTEMP,B,70,B,DEFAULT\,
BKART,ARTTEMP,B99,70,B,TESTDATA\,
BKART,BKART,B,70,B,DEFAULT\,
BKART,BKART,B99,70,B,TESTDATA\,
BKART,ISARAT,B,70,B,DEFAULT\,
BKART,ISARAT,B99,70,B,TESTDATA\,
BKARTNOT,BKARTNOT,B,40,B,DEFAULT\,
BKARTNOT,BKARTNOT,B99,40,B,TESTDATA\,
BKARTNOT,ISARATNT,B,40,B,DEFAULT\,
BKARTNOT,ISARATNT,B99,40,B,TESTDATA\,
BKARTXN,BKARTXN,B,251,B,DEFAULT\,
BKARTXN,BKARTXN,B99,251,B,TESTDATA\,
BKARTXN,BKARTXNB,B,251,B,DEFAULT\,
BKARTXN,BKARTXNB,B99,251,B,TESTDATA\,
BKARTXN,BKARTXNS,B,251,B,DEFAULT\,
BKARTXN,BKARTXNS,B99,251,B,TESTDATA\,
BKARTXN,BKSOHLOT,B,251,B,DEFAULT\,
BKARTXN,BKSOHLOT,B99,251,B,TESTDATA\,
BKARTXN,BKSOHSER,B,251,B,DEFAULT\,
BKARTXN,BKSOHSER,B99,251,B,TESTDATA\,
BKARTXN,ISARATXN,B,251,B,DEFAULT\,
BKARTXN,ISARATXN,B99,251,B,TESTDATA\,
BKARTXN,ISARATXS,B,251,B,DEFAULT\,
BKARTXN,ISARATXS,B99,251,B,TESTDATA\,
BKARTXN,ISRMATXN,B,251,B,DEFAULT\,
BKARTXN,ISRMATXN,B99,251,B,TESTDATA\,
BKARTXN,ISRMATXS,B,251,B,DEFAULT\,
BKARTXN,ISRMATXS,B99,251,B,TESTDATA\,
BKARTXN,ISRMTXN,B,251,B,DEFAULT\,
BKARTXN,ISRMTXN,B99,251,B,TESTDATA\,
BKARTXN,ISRMTXNS,B,251,B,DEFAULT\,
BKARTXN,ISRMTXNS,B99,251,B,TESTDATA\,
BKARTXN,ISSNTXN,B,251,B,DEFAULT\,
BKARTXN,ISSNTXN,B99,251,B,TESTDATA\,
BKARTXN,ISSNTXNS,B,251,B,DEFAULT\,
BKARTXN,ISSNTXNS,B99,251,B,TESTDATA\,
BKARTXN,ISSOALOT,B,251,B,DEFAULT\,
BKARTXN,ISSOALOT,B99,251,B,TESTDATA\,
BKARTXN,ISSOASER,B,251,B,DEFAULT\,
BKARTXN,ISSOASER,B99,251,B,TESTDATA\,
BKARTXN,ISSRATXN,B,251,B,DEFAULT\,
BKARTXN,ISSRATXN,B99,251,B,TESTDATA\,
BKARTXN,ISSRATXS,B,251,B,DEFAULT\,
BKARTXN,ISSRATXS,B99,251,B,TESTDATA\,
BKARTXN,ISSRTXN,B,251,B,DEFAULT\,
BKARTXN,ISSRTXN,B99,251,B,TESTDATA\,
BKARTXN,ISSRTXNS,B,251,B,DEFAULT\,
BKARTXN,ISSRTXNS,B99,251,B,TESTDATA\,
BKBMCNFG,BKBMCNFG,B,26,B,DEFAULT\,
BKBMCNFG,BKBMCNFG,B99,26,B,TESTDATA\,
BKBMDIM,BKBMDIM,B,134,B,DEFAULT\,
BKBMDIM,BKBMDIM,B99,134,B,TESTDATA\,
BKBMMSTR,BKBMAMTR,B,215,B,DEFAULT\,
BKBMMSTR,BKBMAMTR,B99,215,B,TESTDATA\,
BKBMMSTR,BKBMARC,B,215,B,DEFAULT\,
BKBMMSTR,BKBMARC,B99,215,B,TESTDATA\,
BKBMMSTR,BKBMAVAL,B,215,B,DEFAULT\,
BKBMMSTR,BKBMAVAL,B99,215,B,TESTDATA\,
BKBMMSTR,BKBMEMTR,B,215,B,DEFAULT\,
BKBMMSTR,BKBMEMTR,B99,215,B,TESTDATA\,
BKBMMSTR,BKBMMSTR,B,215,B,DEFAULT\,
BKBMMSTR,BKBMMSTR,B99,215,B,TESTDATA\,
BKBMMSTR,BKBMSUMM,B,215,B,DEFAULT\,
BKBMMSTR,BKBMSUMM,B99,215,B,TESTDATA\,
BKBMMSTR,ISBMESA,B,215,B,DEFAULT\,
BKBMMSTR,ISBMESA,B99,215,B,TESTDATA\,
BKBMMSTR,ISBMEST,B,215,B,DEFAULT\,
BKBMMSTR,ISBMEST,B99,215,B,TESTDATA\,
BKBMMSTR,ISBMTMP,B,215,B,DEFAULT\,
BKBMMSTR,ISBMTMP,B99,215,B,TESTDATA\,
BKBMNOTE,BKBMNOTE,B,975,B,DEFAULT\,
BKBMNOTE,BKBMNOTE,B99,975,B,TESTDATA\,
BKBMREMK,BKBMERMK,B,1062,B,DEFAULT\,
BKBMREMK,BKBMERMK,B99,1062,B,TESTDATA\,
BKBMREMK,BKBMREMK,B,1062,B,DEFAULT\,
BKBMREMK,BKBMREMK,B99,1062,B,TESTDATA\,
BKCMACCC,BKCMACCC,B,30,B,DEFAULT\,
BKCMACCC,BKCMACCC,B99,30,B,TESTDATA\,
BKCMACCC,ISBRANDC,B,30,B,DEFAULT\,
BKCMACCC,ISBRANDC,B99,30,B,TESTDATA\,
BKCMACCC,ISPOSC,B,30,B,DEFAULT\,
BKCMACCC,ISPOSC,B99,30,B,TESTDATA\,
BKCMACCL,BKCMACCL,B,15,B,DEFAULT\,
BKCMACCL,BKCMACCL,B99,15,B,TESTDATA\,
BKCMACCL,BKCMEACC,B,15,B,DEFAULT\,
BKCMACCL,BKCMEACC,B99,15,B,TESTDATA\,
BKCMACCL,ISBRANDS,B,15,B,DEFAULT\,
BKCMACCL,ISBRANDS,B99,15,B,TESTDATA\,
BKCMACCL,ISPOS,B,15,B,DEFAULT\,
BKCMACCL,ISPOS,B99,15,B,TESTDATA\,
BKCMACCN,BKAPACCN,B,4251,B,DEFAULT\,
BKCMACCN,BKAPACCN,B99,4251,B,TESTDATA\,
BKCMACCN,BKCMACCN,B,4251,B,DEFAULT\,
BKCMACCN,BKCMACCN,B99,4251,B,TESTDATA\,
BKCMACCT,BKCMACCT,B,1014,B,DEFAULT\,
BKCMACCT,BKCMACCT,B99,1014,B,TESTDATA\,
BKCMACCT,BKCMDE,B,1014,B,DEFAULT\,
BKCMACCT,BKCMDE,B99,1014,B,TESTDATA\,
BKCMACCT,BKCMEACT,B,1014,B,DEFAULT\,
BKCMACCT,BKCMEACT,B99,1014,B,TESTDATA\,
BKCMACFC,BKCMACFC,B,33,B,DEFAULT\,
BKCMACFC,BKCMACFC,B99,33,B,TESTDATA\,
BKCMACTD,BKCMACTD,B,116,B,DEFAULT\,
BKCMACTD,BKCMACTD,B99,116,B,TESTDATA\,
BKCMACTD,BKCMEACD,B,116,B,DEFAULT\,
BKCMACTD,BKCMEACD,B99,116,B,TESTDATA\,
BKCMACTD,TEMPOLD,B,116,B,DEFAULT\,
BKCMACTD,TEMPOLD,B99,116,B,TESTDATA\,
BKCMACTF,BKCMACTF,B,331,B,DEFAULT\,
BKCMACTF,BKCMACTF,B99,331,B,TESTDATA\,
BKCMACTF,BKCMEACF,B,331,B,DEFAULT\,
BKCMACTF,BKCMEACF,B99,331,B,TESTDATA\,
BKCMACTH,BKCMACTH,B,201,B,DEFAULT\,
BKCMACTH,BKCMACTH,B99,201,B,TESTDATA\,
BKCMACTH,BKCMEACH,B,201,B,DEFAULT\,
BKCMACTH,BKCMEACH,B99,201,B,TESTDATA\,
BKCMCNTD,BKCMCNTD,B,252,B,DEFAULT\,
BKCMCNTD,BKCMCNTD,B99,252,B,TESTDATA\,
BKCMCTRL,BKCMCTL1,B,10,B,DEFAULT\,
BKCMCTRL,BKCMCTL1,B99,10,B,TESTDATA\,
BKCMCTRL,BKCMCTL2,B,10,B,DEFAULT\,
BKCMCTRL,BKCMCTL2,B99,10,B,TESTDATA\,
BKCMCTRL,BKCMCTL3,B,10,B,DEFAULT\,
BKCMCTRL,BKCMCTL3,B99,10,B,TESTDATA\,
BKCMCTRL,BKCMCTL4,B,10,B,DEFAULT\,
BKCMCTRL,BKCMCTL4,B99,10,B,TESTDATA\,
BKCMCTRL,BKCMCTRL,B,10,B,DEFAULT\,
BKCMCTRL,BKCMCTRL,B99,10,B,TESTDATA\,
BKCMDTCD,BKCMDTCD,B,27,B,DEFAULT\,
BKCMDTCD,BKCMDTCD,B99,27,B,TESTDATA\,
BKCMDUN,BKCMDUN,B,482,B,DEFAULT\,
BKCMDUN,BKCMDUN,B99,482,B,TESTDATA\,
BKCMDUNH,BKCMDUNH,B,47,B,DEFAULT\,
BKCMDUNH,BKCMDUNH,B99,47,B,TESTDATA\,
BKCMFORM,BKCMFORM,B,132,B,DEFAULT\,
BKCMFORM,BKCMFORM,B99,132,B,TESTDATA\,
BKCMFTME,BKCMEFTM,B,53,B,DEFAULT\,
BKCMFTME,BKCMEFTM,B99,53,B,TESTDATA\,
BKCMFTME,BKCMFTME,B,53,B,DEFAULT\,
BKCMFTME,BKCMFTME,B99,53,B,TESTDATA\,
BKCMHCD2,BKCMHCD2,B,50,B,DEFAULT\,
BKCMHCD2,BKCMHCD2,B99,50,B,TESTDATA\,
BKCMHCOD,BKCMHCOD,B,85,B,DEFAULT\,
BKCMHCOD,BKCMHCOD,B99,85,B,TESTDATA\,
BKCMLEAD,BKCMLEAD,B,30,B,DEFAULT\,
BKCMLEAD,BKCMLEAD,B99,30,B,TESTDATA\,
BKCMMHST,BKCMMHST,B,384,B,DEFAULT\,
BKCMMHST,BKCMMHST,B99,384,B,TESTDATA\,
BKCMPCFC,BKCMPCFC,B,33,B,DEFAULT\,
BKCMPCFC,BKCMPCFC,B99,33,B,TESTDATA\,
BKCMPCNT,BKCMPCNT,B,733,B,DEFAULT\,
BKCMPCNT,BKCMPCNT,B99,733,B,TESTDATA\,
BKCMPCTF,BKCMPCTF,B,322,B,DEFAULT\,
BKCMPCTF,BKCMPCTF,B99,322,B,TESTDATA\,
BKCMPCTH,BKCMPCTH,B,134,B,DEFAULT\,
BKCMPCTH,BKCMPCTH,B99,134,B,TESTDATA\,
BKCMREP,BKCMREP,B,128,B,DEFAULT\,
BKCMREP,BKCMREP,B99,128,B,TESTDATA\,
BKCMSBDF,BKCMSBDF,B,21,B,DEFAULT\,
BKCMSBDF,BKCMSBDF,B99,21,B,TESTDATA\,
BKCMTEMP,BKCMTEMP,B,46,B,DEFAULT\,
BKCMTEMP,BKCMTEMP,B99,46,B,TESTDATA\,
BKCMTEMP,BKCMTMP1,B,46,B,DEFAULT\,
BKCMTEMP,BKCMTMP1,B99,46,B,TESTDATA\,
BKCMTEMP,BKCMTMP2,B,46,B,DEFAULT\,
BKCMTEMP,BKCMTMP2,B99,46,B,TESTDATA\,
BKCMTEMP,BKCMTMP3,B,46,B,DEFAULT\,
BKCMTEMP,BKCMTMP3,B99,46,B,TESTDATA\,
BKCMTEMP,BKCMTMP4,B,46,B,DEFAULT\,
BKCMTEMP,BKCMTMP4,B99,46,B,TESTDATA\,
BKCMTERR,BKCMTERR,B,296,B,DEFAULT\,
BKCMTERR,BKCMTERR,B99,296,B,TESTDATA\,
BKCMVNDF,BKCMVNDF,B,330,B,DEFAULT\,
BKCMVNDF,BKCMVNDF,B99,330,B,TESTDATA\,
BKCMVNDH,BKCMVNDH,B,134,B,DEFAULT\,
BKCMVNDH,BKCMVNDH,B99,134,B,TESTDATA\,
BKCMVNFC,BKCMVNFC,B,33,B,DEFAULT\,
BKCMVNFC,BKCMVNFC,B99,33,B,TESTDATA\,
BKCPEC,BKCPEC,B,84,B,DEFAULT\,
BKCPEC,BKCPEC,B99,84,B,TESTDATA\,
BKCPMSTR,BKCPMSTR,B,280,B,DEFAULT\,
BKCPMSTR,BKCPMSTR,B99,280,B,TESTDATA\,
BKDCCFG,BKDCCFG,B,200,B,DEFAULT\,
BKDCCFG,BKDCCFG,B99,200,B,TESTDATA\,
BKDCLAB,BKDCCLAB,B,877,B,DEFAULT\,
BKDCLAB,BKDCCLAB,B99,877,B,TESTDATA\,
BKDCLAB,BKDCHLAB,B,877,B,DEFAULT\,
BKDCLAB,BKDCHLAB,B99,877,B,TESTDATA\,
BKDCLAB,BKDCLAB,B,877,B,DEFAULT\,
BKDCLAB,BKDCLAB,B99,877,B,TESTDATA\,
BKDCLAB,BKDCPLAB,B,877,B,DEFAULT\,
BKDCLAB,BKDCPLAB,B99,877,B,TESTDATA\,
BKDCLAB,BKDCTLAB,B,877,B,DEFAULT\,
BKDCLAB,BKDCTLAB,B99,877,B,TESTDATA\,
BKDCSHFT,BKDCSHFT,B,245,B,DEFAULT\,
BKDCSHFT,BKDCSHFT,B99,245,B,TESTDATA\,
BKEDIDUN,BKEDIDUN,B,33,B,DEFAULT\,
BKEDIDUN,BKEDIDUN,B99,33,B,TESTDATA\,
BKEDMSTR,BKEDMSTR,B,89,B,DEFAULT\,
BKEDMSTR,BKEDMSTR,B99,89,B,TESTDATA\,
BKEDNOTE,BKEDNOTE,B,96,B,DEFAULT\,
BKEDNOTE,BKEDNOTE,B99,96,B,TESTDATA\,
BKEDPOST,BKEDPOST,B,18,B,DEFAULT\,
BKEDPOST,BKEDPOST,B99,18,B,TESTDATA\,
BKESTCFG,BKESTCFG,B,315,B,DEFAULT\,
BKESTCFG,BKESTCFG,B99,315,B,TESTDATA\,
BKFLDHLP,BKFLDHLP,B,79,B,DEFAULT\,
BKFLDHLP,BKFLDHLP,B99,79,B,TESTDATA\,
BKFOCFG,BKFOCFG,B,71,B,DEFAULT\,
BKFOCFG,BKFOCFG,B99,71,B,TESTDATA\,
BKGLCCOA,BKGLCCOA,B,490,B,DEFAULT\,
BKGLCCOA,BKGLCCOA,B99,490,B,TESTDATA\,
BKGLCHK,BKGLACHK,B,173,B,DEFAULT\,
BKGLCHK,BKGLACHK,B99,173,B,TESTDATA\,
BKGLCHK,BKGLCHK,B,173,B,DEFAULT\,
BKGLCHK,BKGLCHK,B99,173,B,TESTDATA\,
BKGLCHK,BKGLICC,B,173,B,DEFAULT\,
BKGLCHK,BKGLICC,B99,173,B,TESTDATA\,
BKGLCOA,BKGLCOA,B,556,B,DEFAULT\,
BKGLCOA,BKGLCOA,B99,556,B,TESTDATA\,
BKGLCOA,BKGLECOA,B,556,B,DEFAULT\,
BKGLCOA,BKGLECOA,B99,556,B,TESTDATA\,
BKGLCOA,BKGLFCOA,B,556,B,DEFAULT\,
BKGLCOA,BKGLFCOA,B99,556,B,TESTDATA\,
BKGLCOA,EMERSNGL,B,556,B,DEFAULT\,
BKGLCOA,EMERSNGL,B99,556,B,TESTDATA\,
BKGLFSTL,BKGLFSTL,B,68,B,DEFAULT\,
BKGLFSTL,BKGLFSTL,B99,68,B,TESTDATA\,
BKGLGJLN,BKGLAGJL,B,123,B,DEFAULT\,
BKGLGJLN,BKGLAGJL,B99,123,B,TESTDATA\,
BKGLGJLN,BKGLGJLN,B,123,B,DEFAULT\,
BKGLGJLN,BKGLGJLN,B99,123,B,TESTDATA\,
BKGLGJLN,BKGLRGJL,B,123,B,DEFAULT\,
BKGLGJLN,BKGLRGJL,B99,123,B,TESTDATA\,
BKGLGJLN,BKGLTGJL,B,123,B,DEFAULT\,
BKGLGJLN,BKGLTGJL,B99,123,B,TESTDATA\,
BKGLGJRN,BKGLAGJR,B,104,B,DEFAULT\,
BKGLGJRN,BKGLAGJR,B99,104,B,TESTDATA\,
BKGLGJRN,BKGLGJRN,B,104,B,DEFAULT\,
BKGLGJRN,BKGLGJRN,B99,104,B,TESTDATA\,
BKGLGJRN,BKGLRGJR,B,104,B,DEFAULT\,
BKGLGJRN,BKGLRGJR,B99,104,B,TESTDATA\,
BKGLGJRN,BKGLTGJR,B,104,B,DEFAULT\,
BKGLGJRN,BKGLTGJR,B99,104,B,TESTDATA\,
BKGLSTMT,BKGLSTMT,B,1670,B,DEFAULT\,
BKGLSTMT,BKGLSTMT,B99,1670,B,TESTDATA\,
BKGLTRAN,BKGLATRN,B,137,B,DEFAULT\,
BKGLTRAN,BKGLATRN,B99,137,B,TESTDATA\,
BKGLTRAN,BKGLETRN,B,137,B,DEFAULT\,
BKGLTRAN,BKGLETRN,B99,137,B,TESTDATA\,
BKGLTRAN,BKGLHIST,B,137,B,DEFAULT\,
BKGLTRAN,BKGLHIST,B99,137,B,TESTDATA\,
BKGLTRAN,BKGLTEMP,B,137,B,DEFAULT\,
BKGLTRAN,BKGLTEMP,B99,137,B,TESTDATA\,
BKGLTRAN,BKGLTMP,B,137,B,DEFAULT\,
BKGLTRAN,BKGLTMP,B99,137,B,TESTDATA\,
BKGLTRAN,BKGLTMP2,B,137,B,DEFAULT\,
BKGLTRAN,BKGLTMP2,B99,137,B,TESTDATA\,
BKGLTRAN,BKGLTMP3,B,137,B,DEFAULT\,
BKGLTRAN,BKGLTMP3,B99,137,B,TESTDATA\,
BKGLTRAN,BKGLTRAN,B,137,B,DEFAULT\,
BKGLTRAN,BKGLTRAN,B99,137,B,TESTDATA\,
BKGLX,BKGLX,B,139,B,DEFAULT\,
BKGLX,BKGLX,B99,139,B,TESTDATA\,
BKGLX,BKGLXH,B,139,B,DEFAULT\,
BKGLX,BKGLXH,B99,139,B,TESTDATA\,
BKICALTD,BKICALTD,B,436,B,DEFAULT\,
BKICALTD,BKICALTD,B99,436,B,TESTDATA\,
BKICALTP,BKICALTP,B,131,B,DEFAULT\,
BKICALTP,BKICALTP,B99,131,B,TESTDATA\,
BKICDIM,BKICDIM,B,867,B,DEFAULT\,
BKICDIM,BKICDIM,B99,867,B,TESTDATA\,
BKICLOC,BKICELOC,B,350,B,DEFAULT\,
BKICLOC,BKICELOC,B99,350,B,TESTDATA\,
BKICLOC,BKICLOC,B,350,B,DEFAULT\,
BKICLOC,BKICLOC,B99,350,B,TESTDATA\,
BKICLOCM,BKICLOCM,B,325,B,DEFAULT\,
BKICLOCM,BKICLOCM,B99,325,B,TESTDATA\,
BKICMFG,BKICMFG,B,155,B,DEFAULT\,
BKICMFG,BKICMFG,B99,155,B,TESTDATA\,
BKICMSTR,BKICAMTR,B,617,B,DEFAULT\,
BKICMSTR,BKICAMTR,B99,617,B,TESTDATA\,
BKICMSTR,BKICEMTR,B,617,B,DEFAULT\,
BKICMSTR,BKICEMTR,B99,617,B,TESTDATA\,
BKICMSTR,BKICMSTR,B,617,B,DEFAULT\,
BKICMSTR,BKICMSTR,B99,617,B,TESTDATA\,
BKICMSTR,ISICADT,B,617,B,DEFAULT\,
BKICMSTR,ISICADT,B99,617,B,TESTDATA\,
BKICMSTR,ISICESA,B,617,B,DEFAULT\,
BKICMSTR,ISICESA,B99,617,B,TESTDATA\,
BKICMSTR,ISICEST,B,617,B,DEFAULT\,
BKICMSTR,ISICEST,B99,617,B,TESTDATA\,
BKICMSTR,ISICSTD,B,617,B,DEFAULT\,
BKICMSTR,ISICSTD,B99,617,B,TESTDATA\,
BKICMSTR,XXICMSTR,B,617,B,DEFAULT\,
BKICMSTR,XXICMSTR,B99,617,B,TESTDATA\,
BKICPMAT,BKICAPMA,B,1353,B,DEFAULT\,
BKICPMAT,BKICAPMA,B99,1353,B,TESTDATA\,
BKICPMAT,BKICPMAT,B,1353,B,DEFAULT\,
BKICPMAT,BKICPMAT,B99,1353,B,TESTDATA\,
BKICPMAT,DISCOUNT,B,1353,B,DEFAULT\,
BKICPMAT,DISCOUNT,B99,1353,B,TESTDATA\,
BKICPMAT,ISICAPMT,B,1353,B,DEFAULT\,
BKICPMAT,ISICAPMT,B99,1353,B,TESTDATA\,
BKICREF,BKICREF,B,420,B,DEFAULT\,
BKICREF,BKICREF,B99,420,B,TESTDATA\,
BKICREF,ISICAREF,B,420,B,DEFAULT\,
BKICREF,ISICAREF,B99,420,B,TESTDATA\,
BKICREQ,BKICREQ,B,790,B,DEFAULT\,
BKICREQ,BKICREQ,B99,790,B,TESTDATA\,
BKICTAX,BKICTAX,B,373,B,DEFAULT\,
BKICTAX,BKICTAX,B99,373,B,TESTDATA\,
BKICVAL,BKICVAL,B,35,B,DEFAULT\,
BKICVAL,BKICVAL,B99,35,B,TESTDATA\,
BKISTAX,BKISHTAX,B,89,B,DEFAULT\,
BKISTAX,BKISHTAX,B99,89,B,TESTDATA\,
BKISTAX,BKISTAX,B,89,B,DEFAULT\,
BKISTAX,BKISTAX,B99,89,B,TESTDATA\,
BKISTAX,ISISATAX,B,89,B,DEFAULT\,
BKISTAX,ISISATAX,B99,89,B,TESTDATA\,
BKLOGON,BKLOGON,B,46,B,DEFAULT\,
BKLOGON,BKLOGON,B99,46,B,TESTDATA\,
BKMATCST,BKMATCST,B,245,B,DEFAULT\,
BKMATCST,BKMATCST,B99,245,B,TESTDATA\,
BKMATRIM,BKMATRIM,B,20,B,DEFAULT\,
BKMATRIM,BKMATRIM,B99,20,B,TESTDATA\,
BKMRPFC,BKMRPFC,B,91,B,DEFAULT\,
BKMRPFC,BKMRPFC,B99,91,B,TESTDATA\,
BKMRPFC,ISAMRPF,B,91,B,DEFAULT\,
BKMRPFC,ISAMRPF,B99,91,B,TESTDATA\,
BKMRPFC,ISMRPFC,B,91,B,DEFAULT\,
BKMRPFC,ISMRPFC,B99,91,B,TESTDATA\,
BKMRPFC,ISSLSFC,B,91,B,DEFAULT\,
BKMRPFC,ISSLSFC,B99,91,B,TESTDATA\,
BKMRPPO,BKMRPPO,B,166,B,DEFAULT\,
BKMRPPO,BKMRPPO,B99,166,B,TESTDATA\,
BKMRPPO,BKSOPO,B,166,B,DEFAULT\,
BKMRPPO,BKSOPO,B99,166,B,TESTDATA\,
BKMRPPO,BKWOPO,B,166,B,DEFAULT\,
BKMRPPO,BKWOPO,B99,166,B,TESTDATA\,
BKMRPPO,ISESTPO,B,166,B,DEFAULT\,
BKMRPPO,ISESTPO,B99,166,B,TESTDATA\,
BKMRPSW,BKMRPSW,B,16,B,DEFAULT\,
BKMRPSW,BKMRPSW,B99,16,B,TESTDATA\,
BKPCKIT,BKPCKIT,B,68,B,DEFAULT\,
BKPCKIT,BKPCKIT,B99,68,B,TESTDATA\,
BKPCPLOT,BKPCPLOT,B,98,B,DEFAULT\,
BKPCPLOT,BKPCPLOT,B99,98,B,TESTDATA\,
BKPIFROZ,BKPIFROZ,B,109,B,DEFAULT\,
BKPIFROZ,BKPIFROZ,B99,109,B,TESTDATA\,
BKPILOT,BKPILCNT,B,86,B,DEFAULT\,
BKPILOT,BKPILCNT,B99,86,B,TESTDATA\,
BKPILOT,BKPILOT,B,86,B,DEFAULT\,
BKPILOT,BKPILOT,B99,86,B,TESTDATA\,
BKPIMSTR,BKPIMSTR,B,36,B,DEFAULT\,
BKPIMSTR,BKPIMSTR,B99,36,B,TESTDATA\,
BKPIPHYS,BKPIPHYS,B,152,B,DEFAULT\,
BKPIPHYS,BKPIPHYS,B99,152,B,TESTDATA\,
BKPISER,BKPISCNT,B,103,B,DEFAULT\,
BKPISER,BKPISCNT,B99,103,B,TESTDATA\,
BKPISER,BKPISER,B,103,B,DEFAULT\,
BKPISER,BKPISER,B99,103,B,TESTDATA\,
BKPOX,BKPOX,B,203,B,DEFAULT\,
BKPOX,BKPOX,B99,203,B,TESTDATA\,
BKPOX,BKPOXH,B,203,B,DEFAULT\,
BKPOX,BKPOXH,B99,203,B,TESTDATA\,
BKPRAGNT,BKPRAGNT,B,26,B,DEFAULT\,
BKPRAGNT,BKPRAGNT,B99,26,B,TESTDATA\,
BKPRCOMM,BKPRACOM,B,104,B,DEFAULT\,
BKPRCOMM,BKPRACOM,B99,104,B,TESTDATA\,
BKPRCOMM,BKPRCOMM,B,104,B,DEFAULT\,
BKPRCOMM,BKPRCOMM,B99,104,B,TESTDATA\,
BKPRCOMM,BKPRHCOM,B,104,B,DEFAULT\,
BKPRCOMM,BKPRHCOM,B99,104,B,TESTDATA\,
BKPRCURP,BKPRCURP,B,1122,B,DEFAULT\,
BKPRCURP,BKPRCURP,B99,1122,B,TESTDATA\,
BKPRCURP,BKPRHIST,B,1122,B,DEFAULT\,
BKPRCURP,BKPRHIST,B99,1122,B,TESTDATA\,
BKPRCURP,ISPRAHST,B,1122,B,DEFAULT\,
BKPRCURP,ISPRAHST,B99,1122,B,TESTDATA\,
BKPRFTAX,BKPRFTAX,B,671,B,DEFAULT\,
BKPRFTAX,BKPRFTAX,B99,671,B,TESTDATA\,
BKPRGLFL,BKPRGLFL,B,3908,B,DEFAULT\,
BKPRGLFL,BKPRGLFL,B99,3908,B,TESTDATA\,
BKPRINFO,BKPRINFO,B,4039,B,DEFAULT\,
BKPRINFO,BKPRINFO,B99,4039,B,TESTDATA\,
BKPRINFO,ISPRAINF,B,4039,B,DEFAULT\,
BKPRINFO,ISPRAINF,B99,4039,B,TESTDATA\,
BKPRMSTR,BKPRMSTR,B,3575,B,DEFAULT\,
BKPRMSTR,BKPRMSTR,B99,3575,B,TESTDATA\,
BKPRMSTR,BKPRW2,B,3575,B,DEFAULT\,
BKPRMSTR,BKPRW2,B99,3575,B,TESTDATA\,
BKPRMSTR,ISPRAMST,B,3575,B,DEFAULT\,
BKPRMSTR,ISPRAMST,B99,3575,B,TESTDATA\,
BKPRMSTR,ISPRMSTR,B,3575,B,DEFAULT\,
BKPRMSTR,ISPRMSTR,B99,3575,B,TESTDATA\,
BKPRSALE,BKPRBOOK,B,894,B,DEFAULT\,
BKPRSALE,BKPRBOOK,B99,894,B,TESTDATA\,
BKPRSALE,BKPRSALE,B,894,B,DEFAULT\,
BKPRSALE,BKPRSALE,B99,894,B,TESTDATA\,
BKPRSALE,ISPRSALE,B,894,B,DEFAULT\,
BKPRSALE,ISPRSALE,B99,894,B,TESTDATA\,
BKPRSTFL,BKPRSTFL,B,12,B,DEFAULT\,
BKPRSTFL,BKPRSTFL,B99,12,B,TESTDATA\,
BKPRTC,BKPRTC,B,44,B,DEFAULT\,
BKPRTC,BKPRTC,B99,44,B,TESTDATA\,
BKPRTCFG,BKPRTCFG,B,2039,B,DEFAULT\,
BKPRTCFG,BKPRTCFG,B99,2039,B,TESTDATA\,
BKPSUSER,BKPSUSER,B,71,B,DEFAULT\,
BKPSUSER,BKPSUSER,B99,71,B,TESTDATA\,
BKQCMSTR,BKQCMSTR,B,147,B,DEFAULT\,
BKQCMSTR,BKQCMSTR,B99,147,B,TESTDATA\,
BKQCMSTR,ISQCAMST,B,147,B,DEFAULT\,
BKQCMSTR,ISQCAMST,B99,147,B,TESTDATA\,
BKQCTRAN,BKQCTRAN,B,437,B,DEFAULT\,
BKQCTRAN,BKQCTRAN,B99,437,B,TESTDATA\,
BKQCTRAN,ISQCATRN,B,437,B,DEFAULT\,
BKQCTRAN,ISQCATRN,B99,437,B,TESTDATA\,
BKRFQ,BKAPQUOT,B,466,B,DEFAULT\,
BKRFQ,BKAPQUOT,B99,466,B,TESTDATA\,
BKRFQ,BKRFQ,B,466,B,DEFAULT\,
BKRFQ,BKRFQ,B99,466,B,TESTDATA\,
BKRFQ,ISAPHQT,B,466,B,DEFAULT\,
BKRFQ,ISAPHQT,B99,466,B,TESTDATA\,
BKRFQ,ISAPQTQT,B,466,B,DEFAULT\,
BKRFQ,ISAPQTQT,B99,466,B,TESTDATA\,
BKRFQ,ISARFQ,B,466,B,DEFAULT\,
BKRFQ,ISARFQ,B99,466,B,TESTDATA\,
BKRTCST,BKRTCST,B,149,B,DEFAULT\,
BKRTCST,BKRTCST,B99,149,B,TESTDATA\,
BKRTSPEC,BKRTSPEC,B,99,B,DEFAULT\,
BKRTSPEC,BKRTSPEC,B99,99,B,TESTDATA\,
BKRTTEMP,BKRTTEMP,B,97,B,DEFAULT\,
BKRTTEMP,BKRTTEMP,B99,97,B,TESTDATA\,
BKSAREPT,BKSAREPT,B,559,B,DEFAULT\,
BKSAREPT,BKSAREPT,B99,559,B,TESTDATA\,
BKSBMFG,BKSBMFG,B,223,B,DEFAULT\,
BKSBMFG,BKSBMFG,B99,223,B,TESTDATA\,
BKSBMFG,ISSBAMFG,B,223,B,DEFAULT\,
BKSBMFG,ISSBAMFG,B99,223,B,TESTDATA\,
BKSBPART,BKSBPART,B,105,B,DEFAULT\,
BKSBPART,BKSBPART,B99,105,B,TESTDATA\,
BKSBPART,ISALPART,B,105,B,DEFAULT\,
BKSBPART,ISALPART,B99,105,B,TESTDATA\,
BKSBPART,ISRLPART,B,105,B,DEFAULT\,
BKSBPART,ISRLPART,B99,105,B,TESTDATA\,
BKSBPART,ISSBAPRT,B,105,B,DEFAULT\,
BKSBPART,ISSBAPRT,B99,105,B,TESTDATA\,
BKSBVEND,BKSBVEND,B,125,B,DEFAULT\,
BKSBVEND,BKSBVEND,B99,125,B,TESTDATA\,
BKSBVEND,ISSBAVND,B,125,B,DEFAULT\,
BKSBVEND,ISSBAVND,B99,125,B,TESTDATA\,
BKSHORT,BKSHORT,B,110,B,DEFAULT\,
BKSHORT,BKSHORT,B99,110,B,TESTDATA\,
BKSLEVEL,BKSLEVEL,B,424,B,DEFAULT\,
BKSLEVEL,BKSLEVEL,B99,424,B,TESTDATA\,
BKSLMSTR,BKSLMSTR,B,47,B,DEFAULT\,
BKSLMSTR,BKSLMSTR,B99,47,B,TESTDATA\,
BKSOLOCK,BKSOLOCK,B,68,B,DEFAULT\,
BKSOLOCK,BKSOLOCK,B99,68,B,TESTDATA\,
BKSOX,BKSOX,B,269,B,DEFAULT\,
BKSOX,BKSOX,B99,269,B,TESTDATA\,
BKSOX,BKSOXH,B,269,B,DEFAULT\,
BKSOX,BKSOXH,B99,269,B,TESTDATA\,
BKSYAP,BKSYAP,B,50,B,DEFAULT\,
BKSYAP,BKSYAP,B99,50,B,TESTDATA\,
BKSYAR,BKSYAR,B,16,B,DEFAULT\,
BKSYAR,BKSYAR,B99,16,B,TESTDATA\,
BKSYCFG,BKSYCFG,B,4,B,DEFAULT\,
BKSYCFG,BKSYCFG,B99,4,B,TESTDATA\,
BKSYHELP,BKSYHELP,B,70,B,DEFAULT\,
BKSYHELP,BKSYHELP,B99,70,B,TESTDATA\,
BKSYLOG,BKSYLOG,B,259,B,DEFAULT\,
BKSYLOG,BKSYLOG,B99,259,B,TESTDATA\,
BKSYMSTR,BKSYMSTR,B,2331,B,DEFAULT\,
BKSYMSTR,BKSYMSTR,B99,2331,B,TESTDATA\,
BKSYPRTR,BKSYPRTR,B,64,B,DEFAULT\,Available printers
BKSYPRTR,BKSYPRTR,B99,64,B,TESTDATA\,Available printers
BKSYUSER,BKSYUSER,B,30,B,DEFAULT\,
BKSYUSER,BKSYUSER,B99,30,B,TESTDATA\,
BKUMSRTY,BKUMSRTY,B,25,B,DEFAULT\,
BKUMSRTY,BKUMSRTY,B99,25,B,TESTDATA\,
BKUPDATE,BKUPDATE,B,22,B,DEFAULT\,
BKUPDATE,BKUPDATE,B99,22,B,TESTDATA\,
BKYSMSTR,BKYSMSTR,B,1045,B,DEFAULT\,
BKYSMSTR,BKYSMSTR,B99,1045,B,TESTDATA\,
BOMCHG,BOMCHG,B,343,B,DEFAULT\,
BOMCHG,BOMCHG,B99,343,B,TESTDATA\,
BTRVCOM,COMMENT,DDF,104,B,,
BTRVFILE,BTRVFILE,B,97,B,DEFAULT\,FILE.DDF fields
BTRVFILE,FILE,DDF,97,B,,
BTRVFILE,BTRVFILE,B99,97,B,TESTDATA\,FILE.DDF fields
BTRVFLD,FIELD,DDF,31,B,,
BTRVFLDX,FIELDEXT,DDF,6,B,,
BTRVINDX,INDEX,DDF,10,B,,
BUCKETS,BUCKETS,B,89,B,DEFAULT\,
BUCKETS,BUCKETS,B99,89,B,TESTDATA\,
CALENDAR,CALENDAR,B,33,B,DEFAULT\,
CALENDAR,CALENDAR,B99,33,B,TESTDATA\,
CALTEMP,CALTEMP,B,12,B,DEFAULT\,
CALTEMP,CALTEMP,B99,12,B,TESTDATA\,
CCEDIXRF,CCEDIXRF,B,70,B,DEFAULT\,
CCEDIXRF,CCEDIXRF,B99,70,B,TESTDATA\,
CLASMSTR,CLASMSTR,B,34,B,DEFAULT\,
CLASMSTR,CLASMSTR,B99,34,B,TESTDATA\,
CLASMSTR,CUSTCLAS,B,34,B,DEFAULT\,
CLASMSTR,CUSTCLAS,B99,34,B,TESTDATA\,
CLASMSTR,ISFSMARK,B,34,B,DEFAULT\,
CLASMSTR,ISFSMARK,B99,34,B,TESTDATA\,
CLASMSTR,VENDCLAS,B,34,B,DEFAULT\,
CLASMSTR,VENDCLAS,B99,34,B,TESTDATA\,
CLASS,CLASS,B,234,B,DEFAULT\,
CLASS,CLASS,B99,234,B,TESTDATA\,
CMPDFLT,CMPDFLT,B,22,B,DEFAULT\,Compiler info for each program as req
CMPDFLT,CMPDFLT,B99,22,B,TESTDATA\,Compiler info for each program as req
DBACNAME,DBACNAME,B,67,B,DEFAULT\,
DBACNAME,DBACNAME,B99,67,B,TESTDATA\,
DBAFIFO,DBAFIFO,B,43,B,DEFAULT\,
DBAFIFO,DBAFIFO,B99,43,B,TESTDATA\,
DBAHELP,DBAHELP,B,105,B,DEFAULT\,
DBAHELP,DBAHELP,B99,105,B,TESTDATA\,
DBAHELP,USERHELP,B,105,B,DEFAULT\,
DBAHELP,USERHELP,B99,105,B,TESTDATA\,
DBAHLPID,DBAHLPID,B,10,B,DEFAULT\,
DBAHLPID,DBAHLPID,B99,10,B,TESTDATA\,
DBAHLPID,EVOHLPID,B,10,B,DEFAULT\,
DBALOC,DBALOC,B,59,B,DEFAULT\,
DBALOC,DBALOC,B99,59,B,TESTDATA\,
DBAMAIMN,DBAMAIMN,B,14,B,DEFAULT\,
DBAMAIMN,DBAMAIMN,B99,14,B,TESTDATA\,
DBAMODUL,DBAMODUL,B,101,B,DEFAULT\,
DBAMODUL,DBAMODUL,B99,101,B,TESTDATA\,
DBAUSRMN,DBAUSRMN,B,96,B,DEFAULT\,
DBAUSRMN,DBAUSRMN,B99,96,B,TESTDATA\,
DCBUFFER,DCBUFFER,B,0,B,DEFAULT\,
DCBUFFER,DCBUFFER,B99,0,B,TESTDATA\,
DEFAULTS,DEFAULTS,B,0,B,DEFAULT\,
DEFAULTS,DEFAULTS,B99,0,B,TESTDATA\,
DPTMENT,DPTMENT,B,34,B,DEFAULT\,
DPTMENT,DPTMENT,B99,34,B,TESTDATA\,
EIMCOLST,EIMCOLST,B,462,B,DEFAULT\,
EIMCOLST,EIMCOLST,B99,462,B,TESTDATA\,
ESTCHGS,ESTCHGS,B,46,B,DEFAULT\,
ESTCHGS,ESTCHGS,B99,46,B,TESTDATA\,
ESTMAT,ESTMAT,B,271,B,DEFAULT\,
ESTMAT,ESTMAT,B99,271,B,TESTDATA\,
ESTROUT,ESTROUT,B,1219,B,DEFAULT\,
ESTROUT,ESTROUT,B99,1219,B,TESTDATA\,
ESTSUM,ESTSUM,B,2465,B,DEFAULT\,
ESTSUM,ESTSUM,B99,2465,B,TESTDATA\,
ESTSUM,ISESTASM,B,2465,B,DEFAULT\,
ESTSUM,ISESTASM,B99,2465,B,TESTDATA\,
FIELDS,FIELDS,B,34,B,DEFAULT\,
FIELDS,FIELDS,B99,34,B,TESTDATA\,
HELPURL,HELPURL,B,366,B,DEFAULT\,
HELPURL,HELPURL,B99,366,B,TESTDATA\,
INVTXN,INVATXN,B,543,B,DEFAULT\,
INVTXN,INVATXN,B99,543,B,TESTDATA\,
INVTXN,INVETXN,B,543,B,DEFAULT\,
INVTXN,INVETXN,B99,543,B,TESTDATA\,
INVTXN,INVTXN,B,543,B,DEFAULT\,
INVTXN,INVTXN,B99,543,B,TESTDATA\,
IS2DBAR,IS2DBAR,B,329,B,DEFAULT\,
IS2DBAR,IS2DBAR,B99,329,B,TESTDATA\,
ISACCESS,ISACCESS,B,275,B,DEFAULT\,
ISACCESS,ISACCESS,B99,275,B,TESTDATA\,
ISACTION,ISACTION,B,130,B,DEFAULT\,
ISACTION,ISACTION,B99,130,B,TESTDATA\,
ISAPCHG,ISAPCHG,B,506,B,DEFAULT\,
ISAPCHG,ISAPCHG,B99,506,B,TESTDATA\,
ISAPCHG,ISAPHCHG,B,506,B,DEFAULT\,
ISAPCHG,ISAPHCHG,B99,506,B,TESTDATA\,
ISAPEX,ISAPEX,B,995,B,DEFAULT\,
ISAPEX,ISAPEX,B99,995,B,TESTDATA\,
ISAPPROJ,ISAPPROJ,B,205,B,DEFAULT\,
ISAPPROJ,ISAPPROJ,B99,205,B,TESTDATA\,
ISAPQPO,ISAPQPO,B,1857,B,DEFAULT\,
ISAPQPO,ISAPQPO,B99,1857,B,TESTDATA\,
ISARCHG,ISARACHG,B,488,B,DEFAULT\,
ISARCHG,ISARACHG,B99,488,B,TESTDATA\,
ISARCHG,ISARCHG,B,488,B,DEFAULT\,
ISARCHG,ISARCHG,B99,488,B,TESTDATA\,
ISARCHG,ISARECHG,B,488,B,DEFAULT\,
ISARCHG,ISARECHG,B99,488,B,TESTDATA\,
ISARCHG,ISARHCHG,B,488,B,DEFAULT\,
ISARCHG,ISARHCHG,B99,488,B,TESTDATA\,
ISARCHG,ISARICHG,B,488,B,DEFAULT\,
ISARCHG,ISARICHG,B99,488,B,TESTDATA\,
ISARCHG,ISARMCHG,B,488,B,DEFAULT\,
ISARCHG,ISARMCHG,B99,488,B,TESTDATA\,
ISARCHG,ISARQCHG,B,488,B,DEFAULT\,
ISARCHG,ISARQCHG,B99,488,B,TESTDATA\,
ISARCHG,ISARRCHG,B,488,B,DEFAULT\,
ISARCHG,ISARRCHG,B99,488,B,TESTDATA\,
ISARCHG,ISARSCGH,B,488,B,DEFAULT\,
ISARCHG,ISARSCGH,B99,488,B,TESTDATA\,
ISARDEPL,ISARDEPL,B,285,B,DEFAULT\,
ISARDEPL,ISARDEPL,B99,285,B,TESTDATA\,
ISAREX,ISAREX,B,1313,B,DEFAULT\,
ISAREX,ISAREX,B99,1313,B,TESTDATA\,
ISARINVX,ISARINVX,B,216,B,DEFAULT\,
ISARINVX,ISARINVX,B99,216,B,TESTDATA\,
ISARJDLP,ISARHJDL,B,1861,B,DEFAULT\,
ISARJDLP,ISARHJDL,B99,1861,B,TESTDATA\,
ISARJDLP,ISARJDLP,B,1861,B,DEFAULT\,
ISARJDLP,ISARJDLP,B99,1861,B,TESTDATA\,
ISARTXNB,ISARTXNB,B,381,B,DEFAULT\,
ISARTXNB,ISARTXNB,B99,381,B,TESTDATA\,
ISARTXNB,ISSNTXNB,B,381,B,DEFAULT\,
ISARTXNB,ISSNTXNB,B99,381,B,TESTDATA\,
ISAUTODC,ISAUTODC,B,205,B,DEFAULT\,
ISAUTODC,ISAUTODC,B99,205,B,TESTDATA\,
ISBANKS,ISBANKS,B,478,B,DEFAULT\,
ISBANKS,ISBANKS,B99,478,B,TESTDATA\,
ISBILLSH,ISBILLSH,B,121,B,DEFAULT\,
ISBILLSH,ISBILLSH,B99,121,B,TESTDATA\,
ISBINLOC,ISBINLOC,B,162,B,DEFAULT\,
ISBINLOC,ISBINLOC,B99,162,B,TESTDATA\,
ISBINLOT,ISBINLOT,B,199,B,DEFAULT\,
ISBINLOT,ISBINLOT,B99,199,B,TESTDATA\,
ISBNMSTR,ISBNMSTR,B,185,B,DEFAULT\,
ISBNMSTR,ISBNMSTR,B99,185,B,TESTDATA\,
ISBROKER,ISBROKER,B,27,B,DEFAULT\,
ISBROKER,ISBROKER,B99,27,B,TESTDATA\,
ISBSF,ISBSF,B,1236,B,DEFAULT\,
ISBSF,ISBSF,B99,1236,B,TESTDATA\,
ISBSF,ISJBSF,B,1236,B,DEFAULT\,
ISBSF,ISJBSF,B99,1236,B,TESTDATA\,
ISBUILD,ISBUILD,B,338,B,DEFAULT\,
ISBUILD,ISBUILD,B99,338,B,TESTDATA\,
ISCACT,ISCACT,B,5941,B,DEFAULT\,
ISCACT,ISCACT,B99,5941,B,TESTDATA\,
ISCARDTE,ISCARDTE,B,1707,B,DEFAULT\,
ISCARDTE,ISCARDTE,B99,1707,B,TESTDATA\,
ISCARFUP,ISACARFU,B,156,B,DEFAULT\,
ISCARFUP,ISACARFU,B99,156,B,TESTDATA\,
ISCARFUP,ISCARFUP,B,156,B,DEFAULT\,
ISCARFUP,ISCARFUP,B99,156,B,TESTDATA\,
ISCATMST,ISCATMST,B,164,B,DEFAULT\,
ISCATMST,ISCATMST,B99,164,B,TESTDATA\,
ISCATMST,ISQTCODE,B,164,B,DEFAULT\,
ISCATMST,ISQTCODE,B99,164,B,TESTDATA\,
ISCC,ISCC,B,305,B,DEFAULT\,
ISCC,ISCC,B99,305,B,TESTDATA\,
ISCCBTXN,ISCCBTXN,B,205,B,DEFAULT\,
ISCCBTXN,ISCCBTXN,B99,205,B,TESTDATA\,
ISCCICM,ISCCICM,B,2286,B,DEFAULT\,
ISCCICM,ISCCICM,B99,2286,B,TESTDATA\,
ISCCMTF,ISCCMTF,B,75,B,DEFAULT\,
ISCCMTF,ISCCMTF,B99,75,B,TESTDATA\,
ISCCMTF,ISCMGRP,B,75,B,DEFAULT\,
ISCCMTF,ISCMGRP,B99,75,B,TESTDATA\,
ISCHAINM,ISCHAIN,B,394,B,DEFAULT\,
ISCHAINM,ISCHAIN,B99,394,B,TESTDATA\,
ISCHAINM,ISCHAINM,B,394,B,DEFAULT\,
ISCHAINM,ISCHAINM,B99,394,B,TESTDATA\,
ISCONVRT,ISCONVRT,B,253,B,DEFAULT\,
ISCONVRT,ISCONVRT,B99,253,B,TESTDATA\,
ISCRISLS,ISCRISLS,B,225,B,DEFAULT\,
ISCRISLS,ISCRISLS,B99,225,B,TESTDATA\,
ISCSERIA,ISCSERIA,B,129,B,DEFAULT\,
ISCSERIA,ISCSERIA,B99,129,B,TESTDATA\,
ISCTEAM,ISCTEAM,B,90,B,DEFAULT\,
ISCTEAM,ISCTEAM,B99,90,B,TESTDATA\,
ISCTREVU,ISCTREVU,B,187,B,DEFAULT\,
ISCTREVU,ISCTREVU,B99,187,B,TESTDATA\,
ISCYCLCD,ISCYCLCD,B,113,B,DEFAULT\,
ISCYCLCD,ISCYCLCD,B99,113,B,TESTDATA\,
ISCYCLE,ISACYCLE,B,614,B,DEFAULT\,
ISCYCLE,ISACYCLE,B99,614,B,TESTDATA\,
ISCYCLE,ISCYCLE,B,614,B,DEFAULT\,
ISCYCLE,ISCYCLE,B99,614,B,TESTDATA\,
ISCYLOC,ISACYLOC,B,137,B,DEFAULT\,
ISCYLOC,ISACYLOC,B99,137,B,TESTDATA\,
ISCYLOC,ISCYLOC,B,137,B,DEFAULT\,
ISCYLOC,ISCYLOC,B99,137,B,TESTDATA\,
ISDCSER,ISDCSER,B,253,B,DEFAULT\,
ISDCSER,ISDCSER,B99,253,B,TESTDATA\,
ISDEFECT,ISDEFECT,B,120,B,DEFAULT\,
ISDEFECT,ISDEFECT,B99,120,B,TESTDATA\,
ISDEPT,ISDEPT,B,150,B,DEFAULT\,
ISDEPT,ISDEPT,B99,150,B,TESTDATA\,
ISDIGSIG,ISDIGSIG,B,757,B,DEFAULT\,
ISDIGSIG,ISDIGSIG,B99,757,B,TESTDATA\,
ISDIGSIG,ISSODIGS,B,757,B,DEFAULT\,
ISDIGSIG,ISSODIGS,B99,757,B,TESTDATA\,
ISDIV,ISDIV,B,150,B,DEFAULT\,
ISDIV,ISDIV,B99,150,B,TESTDATA\,
ISDLCK1,ISDLCK1,B,10,B,DEFAULT\,
ISDLCK1,ISDLCK1,B99,10,B,TESTDATA\,
ISDLCK1,ISDLCK2,B,10,B,DEFAULT\,
ISDLCK1,ISDLCK2,B99,10,B,TESTDATA\,
ISDRILL,ISDRILL,B,3416,B,DEFAULT\,
ISDRILL,ISDRILL,B99,3416,B,TESTDATA\,
ISDRILLM,ISDRILLM,B,400,B,DEFAULT\,
ISDRILLM,ISDRILLM,B99,400,B,TESTDATA\,
ISDROP,ISDROP,B,120,B,DEFAULT\,
ISDROP,ISDROP,B99,120,B,TESTDATA\,
ISDUTY,ISDUTY,B,14,B,DEFAULT\,
ISDUTY,ISDUTY,B99,14,B,TESTDATA\,
ISEAB,ISEAB,B,195,B,DEFAULT\,
ISEAB,ISEAB,B99,195,B,TESTDATA\,
ISECO,ISECO,B,170,B,DEFAULT\,
ISECO,ISECO,B99,170,B,TESTDATA\,
ISESTDTL,ISESADTL,B,1823,B,DEFAULT\,
ISESTDTL,ISESADTL,B99,1823,B,TESTDATA\,
ISESTDTL,ISESTDTL,B,1823,B,DEFAULT\,
ISESTDTL,ISESTDTL,B99,1823,B,TESTDATA\,
ISFIELDS,ISFIELDS,B,118,B,DEFAULT\,
ISFIELDS,ISFIELDS,B99,118,B,TESTDATA\,
ISFOBMRM,ISFOBMRM,B,1132,B,DEFAULT\,
ISFOBMRM,ISFOBMRM,B99,1132,B,TESTDATA\,
ISFOHEAD,ISFOHEAD,B,320,B,DEFAULT\,
ISFOHEAD,ISFOHEAD,B99,320,B,TESTDATA\,
ISFOHIST,ISFOHIST,B,290,B,DEFAULT\,
ISFOHIST,ISFOHIST,B99,290,B,TESTDATA\,
ISFOLINE,ISFOLINE,B,413,B,DEFAULT\,
ISFOLINE,ISFOLINE,B99,413,B,TESTDATA\,
ISFOORDL,ISFOORDL,B,274,B,DEFAULT\,
ISFOORDL,ISFOORDL,B99,274,B,TESTDATA\,
ISFSCLAS,ISFSCLAS,B,104,B,DEFAULT\,
ISFSCLAS,ISFSCLAS,B99,104,B,TESTDATA\,
ISFSCLAS,ISFSEMP,B,104,B,DEFAULT\,
ISFSCLAS,ISFSEMP,B99,104,B,TESTDATA\,
ISFSINFO,ISFSINFO,B,195,B,DEFAULT\,
ISFSINFO,ISFSINFO,B99,195,B,TESTDATA\,
ISFSPROJ,ISFSPROJ,B,152,B,DEFAULT\,
ISFSPROJ,ISFSPROJ,B99,152,B,TESTDATA\,
ISFSPS,ISFSPS,B,397,B,DEFAULT\,
ISFSPS,ISFSPS,B99,397,B,TESTDATA\,
ISFSWHO,ISFSWHO,B,84,B,DEFAULT\,
ISFSWHO,ISFSWHO,B99,84,B,TESTDATA\,
ISFUTYPE,ISFUTYPE,B,120,B,DEFAULT\,
ISFUTYPE,ISFUTYPE,B99,120,B,TESTDATA\,
ISFXASST,ISFXASST,B,634,B,DEFAULT\,
ISFXASST,ISFXASST,B99,634,B,TESTDATA\,
ISFXATRN,ISFXATRN,B,190,B,DEFAULT\,
ISFXATRN,ISFXATRN,B99,190,B,TESTDATA\,
ISGLCOA,ISGLBDGT,B,622,B,DEFAULT\,
ISGLCOA,ISGLBDGT,B99,622,B,TESTDATA\,
ISGLCOA,ISGLCOA,B,622,B,DEFAULT\,
ISGLCOA,ISGLCOA,B99,622,B,TESTDATA\,
ISGLCOA,ISGLFCOA,B,622,B,DEFAULT\,
ISGLCOA,ISGLFCOA,B99,622,B,TESTDATA\,
ISGLDATE,ISGLDATE,B,390,B,DEFAULT\,
ISGLDATE,ISGLDATE,B99,390,B,TESTDATA\,
ISGLDATE,ISGLHDAT,B,390,B,DEFAULT\,
ISGLDATE,ISGLHDAT,B99,390,B,TESTDATA\,
ISGLNBGT,ISGLNBGT,B,327,B,DEFAULT\,
ISGLNBGT,ISGLNBGT,B99,327,B,TESTDATA\,
ISICMSTR,ISICAMTR,B,948,B,DEFAULT\,
ISICMSTR,ISICAMTR,B99,948,B,TESTDATA\,
ISICMSTR,ISICMSTR,B,948,B,DEFAULT\,
ISICMSTR,ISICMSTR,B99,948,B,TESTDATA\,
ISICUL,ISICUL,B,907,B,DEFAULT\,
ISICUL,ISICUL,B99,907,B,TESTDATA\,
ISIS,ISIS,B,56,B,DEFAULT\,
ISIS,ISIS,B99,56,B,TESTDATA\,
ISITP,ISITP,B,200,B,DEFAULT\,
ISITP,ISITP,B99,200,B,TESTDATA\,
ISJAVA,ISJAVA,B,2044,B,DEFAULT\,
ISJAVA,ISJAVA,B99,2044,B,TESTDATA\,
ISJOB,ISJOB,B,175,B,DEFAULT\,
ISJOB,ISJOB,B99,175,B,TESTDATA\,
ISLANDF,ISLANDF,B,42,B,DEFAULT\,
ISLANDF,ISLANDF,B99,42,B,TESTDATA\,
ISLBLMAP,ISLBLMAP,B,893,B,DEFAULT\,
ISLBLMAP,ISLBLMAP,B99,893,B,TESTDATA\,
ISLINKS,ISALINKS,B,1359,B,DEFAULT\,
ISLINKS,ISALINKS,B99,1359,B,TESTDATA\,
ISLINKS,ISLINKS,B,1359,B,DEFAULT\,
ISLINKS,ISLINKS,B99,1359,B,TESTDATA\,
ISLOCCST,ISLOCCST,B,199,B,DEFAULT\,
ISLOCCST,ISLOCCST,B99,199,B,TESTDATA\,
ISLOG,ISLOG,B,430,B,DEFAULT\,
ISLOG,ISLOG,B99,430,B,TESTDATA\,
ISLSMAP,ISLSMAP,B,449,B,DEFAULT\,
ISLSMAP,ISLSMAP,B99,449,B,TESTDATA\,
ISLTYPE,ISLTYPE,B,135,B,DEFAULT\,
ISLTYPE,ISLTYPE,B99,135,B,TESTDATA\,
ISMACS,ISMACS,B,152,B,DEFAULT\,
ISMACS,ISMACS,B99,152,B,TESTDATA\,
ISMCF,ISMCF,B,347,B,DEFAULT\,
ISMCF,ISMCF,B99,347,B,TESTDATA\,
ISMCR,ISMCR,B,117,B,DEFAULT\,
ISMCR,ISMCR,B99,117,B,TESTDATA\,
ISNCR,ISACAR,B,2319,B,DEFAULT\,
ISNCR,ISACAR,B99,2319,B,TESTDATA\,
ISNCR,ISANCR,B,2319,B,DEFAULT\,
ISNCR,ISANCR,B99,2319,B,TESTDATA\,
ISNCR,ISCAR,B,2319,B,DEFAULT\,
ISNCR,ISCAR,B99,2319,B,TESTDATA\,
ISNCR,ISNCR,B,2319,B,DEFAULT\,
ISNCR,ISNCR,B99,2319,B,TESTDATA\,
ISNCRLNS,ISNCRLNS,B,283,B,DEFAULT\,
ISNCRLNS,ISNCRLNS,B99,283,B,TESTDATA\,
ISNOTES,ISANOTES,B,6256,B,DEFAULT\,
ISNOTES,ISANOTES,B99,6256,B,TESTDATA\,
ISNOTES,ISNOTES,B,6256,B,DEFAULT\,
ISNOTES,ISNOTES,B99,6256,B,TESTDATA\,
ISNOTES,ISSNOTES,B,6256,B,DEFAULT\,
ISNOTES,ISSNOTES,B99,6256,B,TESTDATA\,
ISNTYPE,ISNTYPE,B,135,B,DEFAULT\,
ISNTYPE,ISNTYPE,B99,135,B,TESTDATA\,
ISNUMBER,ISNUMBER,B,510,B,DEFAULT\,
ISNUMBER,ISNUMBER,B99,510,B,TESTDATA\,
ISORDDSC,ISORDDSC,B,30,B,DEFAULT\,
ISORDDSC,ISORDDSC,B99,30,B,TESTDATA\,
ISORDDSC,ISPODESC,B,30,B,DEFAULT\,
ISORDDSC,ISPODESC,B99,30,B,TESTDATA\,
ISORDECO,ISORDECO,B,228,B,DEFAULT\,
ISORDECO,ISORDECO,B99,228,B,TESTDATA\,
ISPOLOG,ISPOLOG,B,241,B,DEFAULT\,
ISPOLOG,ISPOLOG,B99,241,B,TESTDATA\,
ISPOTRK,ISPOHTRK,B,201,B,DEFAULT\,
ISPOTRK,ISPOHTRK,B99,201,B,TESTDATA\,
ISPOTRK,ISPOTRK,B,201,B,DEFAULT\,
ISPOTRK,ISPOTRK,B99,201,B,TESTDATA\,
ISPRCONS,ISPRACON,B,1994,B,DEFAULT\,
ISPRCONS,ISPRACON,B99,1994,B,TESTDATA\,
ISPRCONS,ISPRCONS,B,1994,B,DEFAULT\,
ISPRCONS,ISPRCONS,B99,1994,B,TESTDATA\,
ISPREQ,ISPREQ,B,871,B,DEFAULT\,
ISPREQ,ISPREQ,B99,871,B,TESTDATA\,
ISPRESN,ISPRESN,B,30,B,DEFAULT\,
ISPRESN,ISPRESN,B99,30,B,TESTDATA\,
ISPRINFO,ISPRINFO,B,551,B,DEFAULT\,
ISPRINFO,ISPRINFO,B99,551,B,TESTDATA\,
ISPRTEMP,ISPRTEMP,B,122,B,DEFAULT\,
ISPRTEMP,ISPRTEMP,B99,122,B,TESTDATA\,
ISPRUDD,ISPRUDD,B,214,B,DEFAULT\,
ISPRUDD,ISPRUDD,B99,214,B,TESTDATA\,
ISPRUDF,ISPRUDF,B,284,B,DEFAULT\,
ISPRUDF,ISPRUDF,B99,284,B,TESTDATA\,
ISPRUDIV,ISPRUDIV,B,156,B,DEFAULT\,
ISPRUDIV,ISPRUDIV,B99,156,B,TESTDATA\,
ISQCMTHD,ISPMMTHD,B,3367,B,DEFAULT\,
ISQCMTHD,ISPMMTHD,B99,3367,B,TESTDATA\,
ISQCMTHD,ISQCMTHD,B,3367,B,DEFAULT\,
ISQCMTHD,ISQCMTHD,B99,3367,B,TESTDATA\,
ISQCSPEC,ISPMINPR,B,1161,B,DEFAULT\,
ISQCSPEC,ISPMINPR,B99,1161,B,TESTDATA\,
ISQCSPEC,ISPMRSLT,B,1161,B,DEFAULT\,
ISQCSPEC,ISPMRSLT,B99,1161,B,TESTDATA\,
ISQCSPEC,ISPMSPEC,B,1161,B,DEFAULT\,
ISQCSPEC,ISPMSPEC,B99,1161,B,TESTDATA\,
ISQCSPEC,ISQCRSLT,B,1161,B,DEFAULT\,
ISQCSPEC,ISQCRSLT,B99,1161,B,TESTDATA\,
ISQCSPEC,ISQCSPEC,B,1161,B,DEFAULT\,
ISQCSPEC,ISQCSPEC,B99,1161,B,TESTDATA\,
ISQRYSQL,ISQRYSQL,B,1030,B,DEFAULT\,
ISQRYSQL,ISQRYSQL,B99,1030,B,TESTDATA\,
ISQSOA,ISQSOA,B,191,B,DEFAULT\,
ISQSOA,ISQSOA,B99,191,B,TESTDATA\,
ISREMIND,ISAREMND,B,6950,B,DEFAULT\,
ISREMIND,ISAREMND,B99,6950,B,TESTDATA\,
ISREMIND,ISREMIND,B,6950,B,DEFAULT\,
ISREMIND,ISREMIND,B99,6950,B,TESTDATA\,
ISREPDEF,ISREPDEF,B,85,B,DEFAULT\,
ISREPDEF,ISREPDEF,B99,85,B,TESTDATA\,
ISREPLNK,ISREPLNK,B,170,B,DEFAULT\,
ISREPLNK,ISREPLNK,B99,170,B,TESTDATA\,
ISREPORD,ISREPORD,B,207,B,DEFAULT\,
ISREPORD,ISREPORD,B99,207,B,TESTDATA\,
ISRMAC,ISRMAC,B,190,B,DEFAULT\,
ISRMAC,ISRMAC,B99,190,B,TESTDATA\,
ISRMAI,ISRMAAI,B,1185,B,DEFAULT\,
ISRMAI,ISRMAAI,B99,1185,B,TESTDATA\,
ISRMAI,ISRMAI,B,1185,B,DEFAULT\,
ISRMAI,ISRMAI,B99,1185,B,TESTDATA\,
ISROUTEX,ISROUTEX,B,2339,B,DEFAULT\,
ISROUTEX,ISROUTEX,B99,2339,B,TESTDATA\,
ISRTLOAD,ISRTLOAD,B,317,B,DEFAULT\,
ISRTLOAD,ISRTLOAD,B99,317,B,TESTDATA\,
ISRTMS,ISRTMS,B,2286,B,DEFAULT\,
ISRTMS,ISRTMS,B99,2286,B,TESTDATA\,
ISSCHED,ISESCHED,B,3649,B,DEFAULT\,
ISSCHED,ISESCHED,B99,3649,B,TESTDATA\,
ISSCHED,ISSCHED,B,3649,B,DEFAULT\,
ISSCHED,ISSCHED,B99,3649,B,TESTDATA\,
ISSCOMP,ISSCOMP,B,141,B,DEFAULT\,
ISSCOMP,ISSCOMP,B99,141,B,TESTDATA\,
ISSDET,ISSDET,B,81,B,DEFAULT\,
ISSDET,ISSDET,B99,81,B,TESTDATA\,
ISSEPROC,ISSEPROC,B,65,B,DEFAULT\,
ISSEPROC,ISSEPROC,B99,65,B,TESTDATA\,
ISSEQUIP,ISSEQUIP,B,60,B,DEFAULT\,
ISSEQUIP,ISSEQUIP,B99,60,B,TESTDATA\,
ISSERCNT,ISITMCFG,B,160,B,DEFAULT\,
ISSERCNT,ISITMCFG,B99,160,B,TESTDATA\,
ISSERCNT,ISSERCNT,B,160,B,DEFAULT\,
ISSERCNT,ISSERCNT,B99,160,B,TESTDATA\,
ISSERIAL,ISHLOTS,B,258,B,DEFAULT\,
ISSERIAL,ISHLOTS,B99,258,B,TESTDATA\,
ISSERIAL,ISHSERIA,B,258,B,DEFAULT\,
ISSERIAL,ISHSERIA,B99,258,B,TESTDATA\,
ISSERIAL,ISLOTS,B,258,B,DEFAULT\,
ISSERIAL,ISLOTS,B99,258,B,TESTDATA\,
ISSERIAL,ISSERIAL,B,258,B,DEFAULT\,
ISSERIAL,ISSERIAL,B99,258,B,TESTDATA\,
ISSERR,ISSERR,B,3228,B,DEFAULT\,
ISSERR,ISSERR,B99,3228,B,TESTDATA\,
ISSETYPE,ISSETYPE,B,65,B,DEFAULT\,
ISSETYPE,ISSETYPE,B99,65,B,TESTDATA\,
ISSHIPA,ISSHIPA,B,150,B,DEFAULT\,
ISSHIPA,ISSHIPA,B99,150,B,TESTDATA\,
ISSHIPCO,ISSHIPCO,B,1175,B,DEFAULT\,
ISSHIPCO,ISSHIPCO,B99,1175,B,TESTDATA\,
ISSHPVIA,ISSHPVIA,B,848,B,DEFAULT\,
ISSHPVIA,ISSHPVIA,B99,848,B,TESTDATA\,
ISSIGN,ISASIGN,B,485,B,DEFAULT\,
ISSIGN,ISASIGN,B99,485,B,TESTDATA\,
ISSIGN,ISSIGN,B,485,B,DEFAULT\,
ISSIGN,ISSIGN,B99,485,B,TESTDATA\,
ISSMTCFG,ISSMTCFG,B,124,B,DEFAULT\,
ISSMTCFG,ISSMTCFG,B99,124,B,TESTDATA\,
ISSOBOX,ISBOLMS,B,931,B,DEFAULT\,
ISSOBOX,ISBOLMS,B99,931,B,TESTDATA\,
ISSOBOX,ISPOBOX,B,931,B,DEFAULT\,
ISSOBOX,ISPOBOX,B99,931,B,TESTDATA\,
ISSOBOX,ISSOABOX,B,931,B,DEFAULT\,
ISSOBOX,ISSOABOX,B99,931,B,TESTDATA\,
ISSOBOX,ISSOAHBX,B,931,B,DEFAULT\,
ISSOBOX,ISSOAHBX,B99,931,B,TESTDATA\,
ISSOBOX,ISSOBOX,B,931,B,DEFAULT\,
ISSOBOX,ISSOBOX,B99,931,B,TESTDATA\,
ISSOBOX,ISSOHBOX,B,931,B,DEFAULT\,
ISSOBOX,ISSOHBOX,B99,931,B,TESTDATA\,
ISSOREVU,ISSOREVU,B,215,B,DEFAULT\,
ISSOREVU,ISSOREVU,B99,215,B,TESTDATA\,
ISSPC,ISSPC,B,1415,B,DEFAULT\,
ISSPC,ISSPC,B99,1415,B,TESTDATA\,
ISSRINFO,ISBTCSB,B,1171,B,DEFAULT\,
ISSRINFO,ISBTCSB,B99,1171,B,TESTDATA\,
ISSRINFO,ISEDINFO,B,1171,B,DEFAULT\,
ISSRINFO,ISEDINFO,B99,1171,B,TESTDATA\,
ISSRINFO,ISESINFO,B,1171,B,DEFAULT\,
ISSRINFO,ISESINFO,B99,1171,B,TESTDATA\,
ISSRINFO,ISICINFO,B,1171,B,DEFAULT\,
ISSRINFO,ISICINFO,B99,1171,B,TESTDATA\,
ISSRINFO,ISQTINFO,B,1171,B,DEFAULT\,
ISSRINFO,ISQTINFO,B99,1171,B,TESTDATA\,
ISSRINFO,ISRMAINF,B,1171,B,DEFAULT\,
ISSRINFO,ISRMAINF,B99,1171,B,TESTDATA\,
ISSRINFO,ISRMHINF,B,1171,B,DEFAULT\,
ISSRINFO,ISRMHINF,B99,1171,B,TESTDATA\,
ISSRINFO,ISRMINFO,B,1171,B,DEFAULT\,
ISSRINFO,ISRMINFO,B99,1171,B,TESTDATA\,
ISSRINFO,ISSOAINF,B,1171,B,DEFAULT\,
ISSRINFO,ISSOAINF,B99,1171,B,TESTDATA\,
ISSRINFO,ISSOHINF,B,1171,B,DEFAULT\,
ISSRINFO,ISSOHINF,B99,1171,B,TESTDATA\,
ISSRINFO,ISSOINFO,B,1171,B,DEFAULT\,
ISSRINFO,ISSOINFO,B99,1171,B,TESTDATA\,
ISSRINFO,ISSRAINF,B,1171,B,DEFAULT\,
ISSRINFO,ISSRAINF,B99,1171,B,TESTDATA\,
ISSRINFO,ISSRHINF,B,1171,B,DEFAULT\,
ISSRINFO,ISSRHINF,B99,1171,B,TESTDATA\,
ISSRINFO,ISSRINFO,B,1171,B,DEFAULT\,
ISSRINFO,ISSRINFO,B99,1171,B,TESTDATA\,
ISSRMMS,ISSRAMMS,B,599,B,DEFAULT\,
ISSRMMS,ISSRAMMS,B99,599,B,TESTDATA\,
ISSRMMS,ISSRMMS,B,599,B,DEFAULT\,
ISSRMMS,ISSRMMS,B99,599,B,TESTDATA\,
ISSTRACK,ISSTRACK,B,1166,B,DEFAULT\,
ISSTRACK,ISSTRACK,B99,1166,B,TESTDATA\,
ISSTYPE,ISSTEQUI,B,125,B,DEFAULT\,
ISSTYPE,ISSTEQUI,B99,125,B,TESTDATA\,
ISSTYPE,ISSTTYPE,B,125,B,DEFAULT\,
ISSTYPE,ISSTTYPE,B99,125,B,TESTDATA\,
ISSTYPE,ISSTYPE,B,125,B,DEFAULT\,
ISSTYPE,ISSTYPE,B99,125,B,TESTDATA\,
ISTAXFIL,ISTAXFIL,B,563,B,DEFAULT\,
ISTAXFIL,ISTAXFIL,B99,563,B,TESTDATA\,
ISTAXGRP,ISTAXGRP,B,857,B,DEFAULT\,
ISTAXGRP,ISTAXGRP,B99,857,B,TESTDATA\,
ISTERMS,ISTERMS,B,191,B,DEFAULT\,
ISTERMS,ISTERMS,B99,191,B,TESTDATA\,
ISTOOLOG,ISTOOLOG,B,1005,B,DEFAULT\,
ISTOOLOG,ISTOOLOG,B99,1005,B,TESTDATA\,
ISTRIGRS,ISTRIGRS,B,6664,B,DEFAULT\,
ISTRIGRS,ISTRIGRS,B99,6664,B,TESTDATA\,
ISUDFINV,ISUDFINV,B,167,B,DEFAULT\,
ISUDFINV,ISUDFINV,B99,167,B,TESTDATA\,
ISUDMSTR,ISUDMSTR,B,185,B,DEFAULT\,
ISUDMSTR,ISUDMSTR,B99,185,B,TESTDATA\,
ISUSAGE,ISUSAGE,B,2103,B,DEFAULT\,
ISUSAGE,ISUSAGE,B99,2103,B,TESTDATA\,
ISVAR,ISVAR,B,1106,B,DEFAULT\,
ISVAR,ISVAR,B99,1106,B,TESTDATA\,
ISVARSQL,ISVARSQL,B,63,B,DEFAULT\,
ISVARSQL,ISVARSQL,B99,63,B,TESTDATA\,
ISVNDADT,ISVNDADT,B,699,B,DEFAULT\,
ISVNDADT,ISVNDADT,B99,699,B,TESTDATA\,
ISWOCLOG,ISWOCLOG,B,443,B,DEFAULT\,
ISWOCLOG,ISWOCLOG,B99,443,B,TESTDATA\,
ISWOEX,ISWOEX,B,1171,B,DEFAULT\,
ISWOEX,ISWOEX,B99,1171,B,TESTDATA\,
ISWOEX,ISWOHEX,B,1171,B,DEFAULT\,
ISWOEX,ISWOHEX,B99,1171,B,TESTDATA\,
ISWOPRIO,ISWOPRIO,B,139,B,DEFAULT\,
ISWOPRIO,ISWOPRIO,B99,139,B,TESTDATA\,
ISWOQUE,ISWOQUE,B,149,B,DEFAULT\,
ISWOQUE,ISWOQUE,B99,149,B,TESTDATA\,
ISWOROEX,ISWOROEX,B,799,B,DEFAULT\,
ISWOROEX,ISWOROEX,B99,799,B,TESTDATA\,
ISWOROEX,ISWROHEX,B,799,B,DEFAULT\,
ISWOROEX,ISWROHEX,B99,799,B,TESTDATA\,
ISWOTRAY,ISWOBINS,B,1015,B,DEFAULT\,
ISWOTRAY,ISWOBINS,B99,1015,B,TESTDATA\,
ISWOTRAY,ISWOHBNS,B,1015,B,DEFAULT\,
ISWOTRAY,ISWOHBNS,B99,1015,B,TESTDATA\,
ISWOTRAY,ISWOTRAY,B,1015,B,DEFAULT\,
ISWOTRAY,ISWOTRAY,B99,1015,B,TESTDATA\,
JGPITEMS,JGPITEMS,B,3959,B,DEFAULT\,
JGPITEMS,JGPITEMS,B99,3959,B,TESTDATA\,
JSPCNLCD,JSPCNLCD,B,165,B,DEFAULT\,
JSPCNLCD,JSPCNLCD,B99,165,B,TESTDATA\,
JSPCNLSO,JSPCNLSO,B,183,B,DEFAULT\,
JSPCNLSO,JSPCNLSO,B99,183,B,TESTDATA\,
LANGDICT,LANGDICT,B,343,B,DEFAULT\,
LANGDICT,LANGDICT,B99,343,B,TESTDATA\,
LOT,ISALOT,B,427,B,DEFAULT\,
LOT,ISALOT,B99,427,B,TESTDATA\,
LOT,LOT,B,427,B,DEFAULT\,
LOT,LOT,B99,427,B,TESTDATA\,
MACHINE,MACHINE,B,651,B,DEFAULT\,
MACHINE,MACHINE,B99,651,B,TESTDATA\,
MEMORY,MEMORY,B,0,B,DEFAULT\,
MENUFILE,MENUFILE,B,932,B,DEFAULT\,
MENUFILE,MENUFILE,B99,932,B,TESTDATA\,
MKAHIST,MKAHIST,B,161,B,DEFAULT\,
MKAHIST,MKAHIST,B99,161,B,TESTDATA\,
MKASSIGN,MKASSIGN,B,36,B,DEFAULT\,
MKASSIGN,MKASSIGN,B99,36,B,TESTDATA\,
MKDEF,MKDEF,B,63,B,DEFAULT\,
MKDEF,MKDEF,B99,63,B,TESTDATA\,
MKECLASS,MKECLASS,B,54,B,DEFAULT\,
MKECLASS,MKECLASS,B99,54,B,TESTDATA\,
MKECLASS,MKICLASS,B,54,B,DEFAULT\,
MKECLASS,MKICLASS,B99,54,B,TESTDATA\,
MKEVENT,MKEVENT,B,243,B,DEFAULT\,
MKEVENT,MKEVENT,B99,243,B,TESTDATA\,
MKFORM,MKFORM,B,105,B,DEFAULT\,
MKFORM,MKFORM,B99,105,B,TESTDATA\,
MKTCLASS,MKTCLASS,B,54,B,DEFAULT\,
MKTCLASS,MKTCLASS,B99,54,B,TESTDATA\,
MKTNOTE,MKTNOTE,B,80,B,DEFAULT\,
MKTNOTE,MKTNOTE,B99,80,B,TESTDATA\,
MKTRACK,MKTRACK,B,62,B,DEFAULT\,
MKTRACK,MKTRACK,B99,62,B,TESTDATA\,
MKTROUT,MKTROUT,B,36,B,DEFAULT\,
MKTROUT,MKTROUT,B99,36,B,TESTDATA\,
MTEXCHG,MTEXCHG,B,127,B,DEFAULT\,
MTEXCHG,MTEXCHG,B99,127,B,TESTDATA\,
MTICMSTR,ISMICADT,B,1533,B,DEFAULT\,
MTICMSTR,ISMICADT,B99,1533,B,TESTDATA\,
MTICMSTR,ISMICESA,B,1533,B,DEFAULT\,
MTICMSTR,ISMICESA,B99,1533,B,TESTDATA\,
MTICMSTR,ISMICEST,B,1533,B,DEFAULT\,
MTICMSTR,ISMICEST,B99,1533,B,TESTDATA\,
MTICMSTR,ISMICSTD,B,1533,B,DEFAULT\,
MTICMSTR,ISMICSTD,B99,1533,B,TESTDATA\,
MTICMSTR,MTICAMTR,B,1533,B,DEFAULT\,
MTICMSTR,MTICAMTR,B99,1533,B,TESTDATA\,
MTICMSTR,MTICEMTR,B,1533,B,DEFAULT\,
MTICMSTR,MTICEMTR,B99,1533,B,TESTDATA\,
MTICMSTR,MTICMSTR,B,1533,B,DEFAULT\,
MTICMSTR,MTICMSTR,B99,1533,B,TESTDATA\,
MTICMSTR,MTINVDEF,B,1533,B,DEFAULT\,
MTICMSTR,MTINVDEF,B99,1533,B,TESTDATA\,
MTMRP,ISMRPOLD,B,145,B,DEFAULT\,
MTMRP,ISMRPOLD,B99,145,B,TESTDATA\,
MTMRP,MTMRP,B,145,B,DEFAULT\,
MTMRP,MTMRP,B99,145,B,TESTDATA\,
MWOPTEMP,MWOPTEMP,B,163,B,DEFAULT\,
MWOPTEMP,MWOPTEMP,B99,163,B,TESTDATA\,
NZITPRE,NZITPRE,B,828,B,DEFAULT\,
NZITPRE,NZITPRE,B99,828,B,TESTDATA\,
OPQCDESC,OPQCDESC,B,161,B,DEFAULT\,
OPQCDESC,OPQCDESC,B99,161,B,TESTDATA\,
OUTPROC,OUTHPROC,B,229,B,DEFAULT\,
OUTPROC,OUTHPROC,B99,229,B,TESTDATA\,
OUTPROC,OUTPROC,B,229,B,DEFAULT\,
OUTPROC,OUTPROC,B99,229,B,TESTDATA\,
PIBINLOC,PIBINLOC,B,212,B,DEFAULT\,
PIBINLOC,PIBINLOC,B99,212,B,TESTDATA\,
PIBINLOT,PIBINLOT,B,166,B,DEFAULT\,
PIBINLOT,PIBINLOT,B99,166,B,TESTDATA\,
PRGFILE,PRGFILE,B,0,B,DEFAULT\,
PRGFILE,PRGFILE,B99,0,B,TESTDATA\,
PRGFILE2,PRGFILE2,B,0,B,DEFAULT\,
PRGFILE2,PRGFILE2,B99,0,B,TESTDATA\,
QCCODES,QCCODES,B,32,B,DEFAULT\,
QCCODES,QCCODES,B99,32,B,TESTDATA\,
ROCHG,ROCHG,B,342,B,DEFAULT\,
ROCHG,ROCHG,B99,342,B,TESTDATA\,
ROUTING,BKRTEMTR,B,1514,B,DEFAULT\,
ROUTING,BKRTEMTR,B99,1514,B,TESTDATA\,
ROUTING,ISRTESA,B,1514,B,DEFAULT\,
ROUTING,ISRTESA,B99,1514,B,TESTDATA\,
ROUTING,ISRTEST,B,1514,B,DEFAULT\,
ROUTING,ISRTEST,B99,1514,B,TESTDATA\,
ROUTING,ROUTAING,B,1514,B,DEFAULT\,
ROUTING,ROUTAING,B99,1514,B,TESTDATA\,
ROUTING,ROUTING,B,1514,B,DEFAULT\,
ROUTING,ROUTING,B99,1514,B,TESTDATA\,
ROUTING,ROUTTEMP,B,1514,B,DEFAULT\,
ROUTING,ROUTTEMP,B99,1514,B,TESTDATA\,
SCHEDCAL,SCHEDCAL,B,29,B,DEFAULT\,
SCHEDCAL,SCHEDCAL,B99,29,B,TESTDATA\,
SCHWO,SCHWO,B,68,B,DEFAULT\,
SCHWO,SCHWO,B99,68,B,TESTDATA\,
SCRAP,SCRAP,B,272,B,DEFAULT\,
SCRAP,SCRAP,B99,272,B,TESTDATA\,
SERIAL,SERIAL,B,417,B,DEFAULT\,
SERIAL,SERIAL,B99,417,B,TESTDATA\,
SERIAL,SERIALH,B,417,B,DEFAULT\,
SERIAL,SERIALH,B99,417,B,TESTDATA\,
SUMCUST,SUMCUST,B,30,B,DEFAULT\,
SUMCUST,SUMCUST,B99,30,B,TESTDATA\,
SUMINV,SUMINV,B,149,B,DEFAULT\,
SUMINV,SUMINV,B99,149,B,TESTDATA\,
SUMPNCUS,SUMPNCUS,B,45,B,DEFAULT\,
SUMPNCUS,SUMPNCUS,B99,45,B,TESTDATA\,
SUMWC,SUMWC,B,48,B,DEFAULT\,
SUMWC,SUMWC,B99,48,B,TESTDATA\,
TASCMDH,TASCMDH,B,0,B,DEFAULT\,
TASCMDL,TASCMDL,B,0,B,DEFAULT\,
TASCOLOR,TASCOLOR,OVL,76,F,,Color information file.
TASEDHLP,TASEDHLP,B,72,B,DEFAULT\,
TASMAKE,TASMAKE,B,27,B,DEFAULT\,Make file list for LIB compiler
TASMSLB,TASMSLB,B,98,B,DEFAULT\,Source library master controlling file.
TESTARRA,TESTARRA,B,110,B,DEFAULT\,
TESTARRA,TESTARRA,B99,110,B,TESTDATA\,
TESTFILE,TESTFILE,B,247,B,DEFAULT\,
TESTFILE,TESTFILE,B99,247,B,TESTDATA\,
TOOL,TOOL,B,1134,B,DEFAULT\,
TOOL,TOOL,B99,1134,B,TESTDATA\,
TRANSLTE,TRANSLTE,B,0,B,,
WBTRVMEM,WBTRVMEMO,B,0,B,,
WCCTL,WCCTL,B,37,B,DEFAULT\,
WCCTL,WCCTL,B99,37,B,TESTDATA\,
WCTRLOAD,WCTRLOAD,B,152,B,DEFAULT\,
WCTRLOAD,WCTRLOAD,B99,152,B,TESTDATA\,
WCTRLOAD,WCTRSLOD,B,152,B,DEFAULT\,
WCTRLOAD,WCTRSLOD,B99,152,B,TESTDATA\,
WOBOM,WOBOM,B,496,B,DEFAULT\,
WOBOM,WOBOM,B99,496,B,TESTDATA\,
WOBOM,WOHBOM,B,496,B,DEFAULT\,
WOBOM,WOHBOM,B99,496,B,TESTDATA\,
WOBOM,WOSBOM,B,496,B,DEFAULT\,
WOBOM,WOSBOM,B99,496,B,TESTDATA\,
WOBOMCHG,WOBOMCHG,B,353,B,DEFAULT\,
WOBOMCHG,WOBOMCHG,B99,353,B,TESTDATA\,
WOBOMREM,WOBOMHRM,B,1320,B,DEFAULT\,
WOBOMREM,WOBOMHRM,B99,1320,B,TESTDATA\,
WOBOMREM,WOBOMREM,B,1320,B,DEFAULT\,
WOBOMREM,WOBOMREM,B99,1320,B,TESTDATA\,
WODATE,WODATE,B,157,B,DEFAULT\,
WODATE,WODATE,B99,157,B,TESTDATA\,
WODATE,WOHDATE,B,157,B,DEFAULT\,
WODATE,WOHDATE,B99,157,B,TESTDATA\,
WOEXCHG,WOEXCHG,B,113,B,DEFAULT\,
WOEXCHG,WOEXCHG,B99,113,B,TESTDATA\,
WOEXCHG,WOHEXCHG,B,113,B,DEFAULT\,
WOEXCHG,WOHEXCHG,B99,113,B,TESTDATA\,
WOLABOR,WOELABOR,B,799,B,DEFAULT\,
WOLABOR,WOELABOR,B99,799,B,TESTDATA\,
WOLABOR,WOHLABOR,B,799,B,DEFAULT\,
WOLABOR,WOHLABOR,B99,799,B,TESTDATA\,
WOLABOR,WOLABOR,B,799,B,DEFAULT\,
WOLABOR,WOLABOR,B99,799,B,TESTDATA\,
WOLABOR,WOLABRPT,B,799,B,DEFAULT\,
WOLABOR,WOLABRPT,B99,799,B,TESTDATA\,
WOMAT,WOEMAT,B,466,B,DEFAULT\,
WOMAT,WOEMAT,B99,466,B,TESTDATA\,
WOMAT,WOHMAT,B,466,B,DEFAULT\,
WOMAT,WOHMAT,B99,466,B,TESTDATA\,
WOMAT,WOMAT,B,466,B,DEFAULT\,
WOMAT,WOMAT,B99,466,B,TESTDATA\,
WORECV,ISNCRTXN,B,131,B,DEFAULT\,
WORECV,ISNCRTXN,B99,131,B,TESTDATA\,
WORECV,WOERECV,B,131,B,DEFAULT\,
WORECV,WOERECV,B99,131,B,TESTDATA\,
WORECV,WOHRECV,B,131,B,DEFAULT\,
WORECV,WOHRECV,B99,131,B,TESTDATA\,
WORECV,WORECV,B,131,B,DEFAULT\,
WORECV,WORECV,B99,131,B,TESTDATA\,
WORKCHG,WORKACHG,B,458,B,DEFAULT\,
WORKCHG,WORKACHG,B99,458,B,TESTDATA\,
WORKCHG,WORKCHG,B,458,B,DEFAULT\,
WORKCHG,WORKCHG,B99,458,B,TESTDATA\,
WORKCTR,WORKCTR,B,468,B,DEFAULT\,
WORKCTR,WORKCTR,B99,468,B,TESTDATA\,
WORKORD,WORKHORD,B,1173,B,DEFAULT\,
WORKORD,WORKHORD,B99,1173,B,TESTDATA\,
WORKORD,WORKORD,B,1173,B,DEFAULT\,
WORKORD,WORKORD,B99,1173,B,TESTDATA\,
WORKORD,WORKSORD,B,1173,B,DEFAULT\,
WORKORD,WORKSORD,B99,1173,B,TESTDATA\,
WOROCHG,WOROCHG,B,352,B,DEFAULT\,
WOROCHG,WOROCHG,B99,352,B,TESTDATA\,
WOROUT,WOHROUT,B,1590,B,DEFAULT\,
WOROUT,WOHROUT,B99,1590,B,TESTDATA\,
WOROUT,WOROUT,B,1590,B,DEFAULT\,
WOROUT,WOROUT,B99,1590,B,TESTDATA\,
WOROUT,WOROUTMP,B,1590,B,DEFAULT\,
WOROUT,WOROUTMP,B99,1590,B,TESTDATA\,
WOROUT,WOSROUT,B,1590,B,DEFAULT\,
WOROUT,WOSROUT,B99,1590,B,TESTDATA\,
BKBMMSTR,ISMYBOM,B,215,B,DEFAULT\,
BKBMMSTR,ISMYBOM,B99,215,B,TESTDATA\,
ISEXUSER,ISEXUSER,B,944,B,DEFAULT\,
ISEXUSER,ISEXUSER,B99,944,B,TESTDATA\,
BKARINV,ISECIH,B,1551,B,DEFAULT\,
BKARINV,ISECIH,B99,1551,B,TESTDATA\,
BKARINVL,ISECIL,B,312,B,DEFAULT\,
BKARINVL,ISECIL,B99,312,B,TESTDATA\,
INVTXN,ISBTXFER,B,543,B,DEFAULT\,
INVTXN,ISBTXFER,B99,543,B,TESTDATA\,
ISCNTRY,ISCNTRY,B,108,B,DEFAULT\,
ISCNTRY,ISCNTRY,B99,108,B,TESTDATA\,
ISSRINFO,ISECINFO,B,1171,B,DEFAULT\,
ISSRINFO,ISECINFO,B99,1171,B,TESTDATA\,
WOBOM,ISMYWOBM,B,496,B,DEFAULT\,
WOBOM,ISMYWOBM,B99,496,B,TESTDATA\,
BKAPPO,ISSPOH,B,893,B,DEFAULT\,
BKAPPO,ISSPOH,B99,893,B,TESTDATA\,
BKAPPOL,ISSPOL,B,370,B,DEFAULT\,
BKAPPOL,ISSPOL,B99,370,B,TESTDATA\,
BKARINV,ISSSOH,B,1551,B,DEFAULT\,
BKARINV,ISSSOH,B99,1551,B,TESTDATA\,
BKARINV,ISSQTH,B,1551,B,DEFAULT\,
BKARINV,ISSQTH,B99,1551,B,TESTDATA\,
BKARINV,ISSEDH,B,1551,B,DEFAULT\,
BKARINV,ISSEDH,B99,1551,B,TESTDATA\,
BKARINV,ISSRCH,B,1551,B,DEFAULT\,
BKARINV,ISSRCH,B99,1551,B,TESTDATA\,
BKARINV,ISSRMH,B,1551,B,DEFAULT\,
BKARINV,ISSRMH,B99,1551,B,TESTDATA\,
BKARINV,ISSSRH,B,1551,B,DEFAULT\,
BKARINV,ISSSRH,B99,1551,B,TESTDATA\,
BKARINV,ISSESH,B,1551,B,DEFAULT\,
BKARINV,ISSESH,B99,1551,B,TESTDATA\,
BKARINVL,ISSSOL,B,312,B,DEFAULT\,
BKARINVL,ISSSOL,B99,312,B,TESTDATA\,
BKARINVL,ISSQTL,B,312,B,DEFAULT\,
BKARINVL,ISSQTL,B99,312,B,TESTDATA\,
BKARINVL,ISSEDL,B,312,B,DEFAULT\,
BKARINVL,ISSEDL,B99,312,B,TESTDATA\,
BKARINVL,ISSRCL,B,312,B,DEFAULT\,
BKARINVL,ISSRCL,B99,312,B,TESTDATA\,
BKARINVL,ISSRML,B,312,B,DEFAULT\,
BKARINVL,ISSRML,B99,312,B,TESTDATA\,
BKARINVL,ISSSRL,B,312,B,DEFAULT\,
BKARINVL,ISSSRL,B99,312,B,TESTDATA\,
BKARINVL,ISSESL,B,312,B,DEFAULT\,
BKARINVL,ISSESL,B99,312,B,TESTDATA\,
BKLUGRID,BKLUGRID,C,,C,DRILL\,
AHSYLOG,AHSYLOG,BI2,27,B,I2\,
BKART,ARTTEMP,BI2,70,B,I2\,
BKABCUST,BKABCUST,BI2,13,B,I2\,
BKABVEND,BKABVEND,BI2,33,B,I2\,
BKACTRPT,BKACTRPT,BI2,534,B,I2\,
BKCMACCN,BKAPACCN,BI2,4251,B,I2\,
BKAPDESC,BKAPADSC,BI2,120,B,I2\,
BKAPPO,BKAPAPO,BI2,893,B,I2\,
BKAPPOL,BKAPAPOL,BI2,370,B,I2\,
BKAPCHKF,BKAPCHKF,BI2,91,B,I2\,
BKAPCHKF,BKAPCHKH,BI2,91,B,I2\,
BKARDEP,BKAPDEP,BI2,81,B,I2\,
BKAPDESC,BKAPDESC,BI2,120,B,I2\,
BKAPINVT,BKAPEIVT,BI2,175,B,I2\,
BKAPVEND,BKAPEVND,BI2,2230,B,I2\,
BKAPDESC,BKAPHDSC,BI2,120,B,I2\,
BKAPPO,BKAPHPO,BI2,893,B,I2\,
BKAPPOL,BKAPHPOL,BI2,370,B,I2\,
BKAPINVL,BKAPINVL,BI2,3756,B,I2\,
BKAPINVT,BKAPINVT,BI2,175,B,I2\,
BKAPNOTE,BKAPNOTE,BI2,642,B,I2\,
BKAPPO,BKAPPO,BI2,893,B,I2\,
BKAPPOL,BKAPPOL,BI2,370,B,I2\,
BKRFQ,BKAPQUOT,BI2,466,B,I2\,
BKAPPO,BKAPRFQ,BI2,893,B,I2\,
BKAPPOL,BKAPRFQL,BI2,370,B,I2\,
BKAPINVL,BKAPRIVL,BI2,3756,B,I2\,
BKAPVEND,BKAPVEND,BI2,2230,B,I2\,
BKAPVND2,BKAPVND2,BI2,1831,B,I2\,
BKAPCHKF,BKARCHKF,BI2,91,B,I2\,
BKAPCHKF,BKARCHKH,BI2,91,B,I2\,
BKARCUST,BKARCUST,BI2,2498,B,I2\,
BKARDEP,BKARDEP,BI2,81,B,I2\,
BKAPDESC,BKARDESC,BI2,120,B,I2\,
BKAPDESC,BKARDPST,BI2,120,B,I2\,
BKARCUST,BKARECST,BI2,2498,B,I2\,
BKARINVT,BKAREIVT,BI2,189,B,I2\,
BKAPDESC,BKARHDSC,BI2,120,B,I2\,
BKARINV,BKARHINV,BI2,1551,B,I2\,
BKARINVL,BKARHIVL,BI2,312,B,I2\,
BKARHTAX,BKARHTAX,BI2,42,B,I2\,
BKARINV,BKARINV,BI2,1551,B,I2\,
BKARINVI,BKARINVI,BI2,124,B,I2\,
BKARINVL,BKARINVL,BI2,312,B,I2\,
BKARINVT,BKARINVT,BI2,189,B,I2\,
BKARINVV,BKARINVV,BI2,673,B,I2\,
BKAPDESC,BKARRDSC,BI2,120,B,I2\,
BKARINV,BKARRINV,BI2,1551,B,I2\,
BKARINVL,BKARRIVL,BI2,312,B,I2\,
BKARCUST,BKARSHIP,BI2,2498,B,I2\,
BKARINVL,BKARSIVL,BI2,312,B,I2\,
BKART,BKART,BI2,70,B,I2\,
BKARTNOT,BKARTNOT,BI2,40,B,I2\,
BKARTXN,BKARTXN,BI2,251,B,I2\,
BKARTXN,BKARTXNB,BI2,251,B,I2\,
BKARTXN,BKARTXNS,BI2,251,B,I2\,
BKBMMSTR,BKBMAMTR,BI2,215,B,I2\,
BKBMMSTR,BKBMARC,BI2,215,B,I2\,
BKBMMSTR,BKBMAVAL,BI2,215,B,I2\,
BKBMCNFG,BKBMCNFG,BI2,26,B,I2\,
BKBMDIM,BKBMDIM,BI2,134,B,I2\,
BKBMMSTR,BKBMEMTR,BI2,215,B,I2\,
BKBMREMK,BKBMERMK,BI2,1062,B,I2\,
BKBMMSTR,BKBMMSTR,BI2,215,B,I2\,
BKBMNOTE,BKBMNOTE,BI2,975,B,I2\,
BKBMREMK,BKBMREMK,BI2,1062,B,I2\,
BKBMMSTR,BKBMSUMM,BI2,215,B,I2\,
BKCMACCC,BKCMACCC,BI2,30,B,I2\,
BKCMACCL,BKCMACCL,BI2,15,B,I2\,
BKCMACCN,BKCMACCN,BI2,4251,B,I2\,
BKCMACCT,BKCMACCT,BI2,1014,B,I2\,
BKCMACFC,BKCMACFC,BI2,33,B,I2\,
BKCMACTD,BKCMACTD,BI2,116,B,I2\,
BKCMACTF,BKCMACTF,BI2,331,B,I2\,
BKCMACTH,BKCMACTH,BI2,201,B,I2\,
BKCMCNTD,BKCMCNTD,BI2,252,B,I2\,
BKCMCTRL,BKCMCTL1,BI2,10,B,I2\,
BKCMCTRL,BKCMCTL2,BI2,10,B,I2\,
BKCMCTRL,BKCMCTL3,BI2,10,B,I2\,
BKCMCTRL,BKCMCTL4,BI2,10,B,I2\,
BKCMCTRL,BKCMCTRL,BI2,10,B,I2\,
BKARCUST,BKCMCUST,BI2,2498,B,I2\,
BKCMACCT,BKCMDE,BI2,1014,B,I2\,
BKCMDTCD,BKCMDTCD,BI2,27,B,I2\,
BKCMDUN,BKCMDUN,BI2,482,B,I2\,
BKCMDUNH,BKCMDUNH,BI2,47,B,I2\,
BKCMACCL,BKCMEACC,BI2,15,B,I2\,
BKCMACTD,BKCMEACD,BI2,116,B,I2\,
BKCMACTF,BKCMEACF,BI2,331,B,I2\,
BKCMACTH,BKCMEACH,BI2,201,B,I2\,
BKCMACCT,BKCMEACT,BI2,1014,B,I2\,
BKCMFTME,BKCMEFTM,BI2,53,B,I2\,
BKCMFORM,BKCMFORM,BI2,132,B,I2\,
BKCMFTME,BKCMFTME,BI2,53,B,I2\,
BKCMHCD2,BKCMHCD2,BI2,50,B,I2\,
BKCMHCOD,BKCMHCOD,BI2,85,B,I2\,
BKCMLEAD,BKCMLEAD,BI2,30,B,I2\,
BKCMMHST,BKCMMHST,BI2,384,B,I2\,
BKCMPCFC,BKCMPCFC,BI2,33,B,I2\,
BKCMPCNT,BKCMPCNT,BI2,733,B,I2\,
BKCMPCTF,BKCMPCTF,BI2,322,B,I2\,
BKCMPCTH,BKCMPCTH,BI2,134,B,I2\,
BKCMREP,BKCMREP,BI2,128,B,I2\,
BKCMSBDF,BKCMSBDF,BI2,21,B,I2\,
BKCMTEMP,BKCMTEMP,BI2,46,B,I2\,
BKCMTERR,BKCMTERR,BI2,296,B,I2\,
BKCMTEMP,BKCMTMP1,BI2,46,B,I2\,
BKCMTEMP,BKCMTMP2,BI2,46,B,I2\,
BKCMTEMP,BKCMTMP3,BI2,46,B,I2\,
BKCMTEMP,BKCMTMP4,BI2,46,B,I2\,
BKCMVNDF,BKCMVNDF,BI2,330,B,I2\,
BKCMVNDH,BKCMVNDH,BI2,134,B,I2\,
BKCMVNFC,BKCMVNFC,BI2,33,B,I2\,
BKCPEC,BKCPEC,BI2,84,B,I2\,
BKCPMSTR,BKCPMSTR,BI2,280,B,I2\,
BKDCCFG,BKDCCFG,BI2,200,B,I2\,
BKDCLAB,BKDCCLAB,BI2,877,B,I2\,
BKDCLAB,BKDCHLAB,BI2,877,B,I2\,
BKDCLAB,BKDCLAB,BI2,877,B,I2\,
BKDCLAB,BKDCPLAB,BI2,877,B,I2\,
BKDCSHFT,BKDCSHFT,BI2,245,B,I2\,
BKDCLAB,BKDCTLAB,BI2,877,B,I2\,
BKEDIDUN,BKEDIDUN,BI2,33,B,I2\,
BKARINV,BKEDIH,BI2,1551,B,I2\,
BKARINVL,BKEDIL,BI2,312,B,I2\,
BKEDMSTR,BKEDMSTR,BI2,89,B,I2\,
BKEDNOTE,BKEDNOTE,BI2,96,B,I2\,
BKEDPOST,BKEDPOST,BI2,18,B,I2\,
BKESTCFG,BKESTCFG,BI2,315,B,I2\,
BKARINV,BKESTQT,BI2,1551,B,I2\,
BKARINVL,BKESTQTL,BI2,312,B,I2\,
BKFLDHLP,BKFLDHLP,BI2,79,B,I2\,
BKFOCFG,BKFOCFG,BI2,71,B,I2\,
BKGLCHK,BKGLACHK,BI2,173,B,I2\,
BKGLGJLN,BKGLAGJL,BI2,123,B,I2\,
BKGLGJRN,BKGLAGJR,BI2,104,B,I2\,
BKGLTRAN,BKGLATRN,BI2,137,B,I2\,
BKGLCCOA,BKGLCCOA,BI2,490,B,I2\,
BKGLCHK,BKGLCHK,BI2,173,B,I2\,
BKGLCOA,BKGLCOA,BI2,556,B,I2\,
BKAPDESC,BKGLDESC,BI2,120,B,I2\,
BKGLCOA,BKGLECOA,BI2,556,B,I2\,
BKGLTRAN,BKGLETRN,BI2,137,B,I2\,
BKGLCOA,BKGLFCOA,BI2,556,B,I2\,
BKGLFSTL,BKGLFSTL,BI2,68,B,I2\,
BKGLGJLN,BKGLGJLN,BI2,123,B,I2\,
BKGLGJRN,BKGLGJRN,BI2,104,B,I2\,
BKGLTRAN,BKGLHIST,BI2,137,B,I2\,
BKGLCHK,BKGLICC,BI2,173,B,I2\,
BKGLGJLN,BKGLRGJL,BI2,123,B,I2\,
BKGLGJRN,BKGLRGJR,BI2,104,B,I2\,
BKGLSTMT,BKGLSTMT,BI2,1670,B,I2\,
BKGLTRAN,BKGLTEMP,BI2,137,B,I2\,
BKGLGJLN,BKGLTGJL,BI2,123,B,I2\,
BKGLGJRN,BKGLTGJR,BI2,104,B,I2\,
BKGLTRAN,BKGLTMP,BI2,137,B,I2\,
BKGLTRAN,BKGLTMP2,BI2,137,B,I2\,
BKGLTRAN,BKGLTMP3,BI2,137,B,I2\,
BKGLTRAN,BKGLTRAN,BI2,137,B,I2\,
BKGLX,BKGLX,BI2,139,B,I2\,
BKGLX,BKGLXH,BI2,139,B,I2\,
BKICALTD,BKICALTD,BI2,436,B,I2\,
BKICALTP,BKICALTP,BI2,131,B,I2\,
BKICMSTR,BKICAMTR,BI2,617,B,I2\,
BKICPMAT,BKICAPMA,BI2,1353,B,I2\,
BKICDIM,BKICDIM,BI2,867,B,I2\,
BKICLOC,BKICELOC,BI2,350,B,I2\,
BKICMSTR,BKICEMTR,BI2,617,B,I2\,
BKICLOC,BKICLOC,BI2,350,B,I2\,
BKICLOCM,BKICLOCM,BI2,325,B,I2\,
BKICMFG,BKICMFG,BI2,155,B,I2\,
BKICMSTR,BKICMSTR,BI2,617,B,I2\,
BKICPMAT,BKICPMAT,BI2,1353,B,I2\,
BKICREF,BKICREF,BI2,420,B,I2\,
BKICTAX,BKICTAX,BI2,373,B,I2\,
BKICVAL,BKICVAL,BI2,35,B,I2\,
BKISTAX,BKISHTAX,BI2,89,B,I2\,
BKISTAX,BKISTAX,BI2,89,B,I2\,
BKLOGON,BKLOGON,BI2,46,B,I2\,
BKMATCST,BKMATCST,BI2,245,B,I2\,
BKMATRIM,BKMATRIM,BI2,20,B,I2\,
BKMRPFC,BKMRPFC,BI2,91,B,I2\,
BKMRPPO,BKMRPPO,BI2,166,B,I2\,
BKMRPSW,BKMRPSW,BI2,16,B,I2\,
BKPCKIT,BKPCKIT,BI2,68,B,I2\,
BKPCPLOT,BKPCPLOT,BI2,98,B,I2\,
BKPIFROZ,BKPIFROZ,BI2,109,B,I2\,
BKPILOT,BKPILCNT,BI2,86,B,I2\,
BKPILOT,BKPILOT,BI2,86,B,I2\,
BKPIMSTR,BKPIMSTR,BI2,36,B,I2\,
BKPIPHYS,BKPIPHYS,BI2,152,B,I2\,
BKPISER,BKPISCNT,BI2,103,B,I2\,
BKPISER,BKPISER,BI2,103,B,I2\,
BKPOX,BKPOX,BI2,203,B,I2\,
BKPOX,BKPOXH,BI2,203,B,I2\,
BKPRCOMM,BKPRACOM,BI2,104,B,I2\,
BKPRAGNT,BKPRAGNT,BI2,26,B,I2\,
BKPRSALE,BKPRBOOK,BI2,894,B,I2\,
BKPRCOMM,BKPRCOMM,BI2,104,B,I2\,
BKPRCURP,BKPRCURP,BI2,1122,B,I2\,
BKPRFTAX,BKPRFTAX,BI2,671,B,I2\,
BKPRGLFL,BKPRGLFL,BI2,3908,B,I2\,
BKPRCOMM,BKPRHCOM,BI2,104,B,I2\,
BKPRCURP,BKPRHIST,BI2,1122,B,I2\,
BKPRINFO,BKPRINFO,BI2,4039,B,I2\,
BKPRMSTR,BKPRMSTR,BI2,3575,B,I2\,
BKPRSALE,BKPRSALE,BI2,894,B,I2\,
BKPRSTFL,BKPRSTFL,BI2,12,B,I2\,
BKPRTC,BKPRTC,BI2,44,B,I2\,
BKPRTCFG,BKPRTCFG,BI2,2039,B,I2\,
BKPRMSTR,BKPRW2,BI2,3575,B,I2\,
BKQCMSTR,BKQCMSTR,BI2,147,B,I2\,
BKQCTRAN,BKQCTRAN,BI2,437,B,I2\,
BKAPDESC,BKQTNOTE,BI2,120,B,I2\,
BKAPDESC,BKQTTEMP,BI2,120,B,I2\,
BKRFQ,BKRFQ,BI2,466,B,I2\,
BKAPDESC,BKRFQDES,BI2,120,B,I2\,
BKRTCST,BKRTCST,BI2,149,B,I2\,
ROUTING,BKRTEMTR,BI2,1514,B,I2\,
BKRTSPEC,BKRTSPEC,BI2,99,B,I2\,
BKRTTEMP,BKRTTEMP,BI2,97,B,I2\,
BKSAREPT,BKSAREPT,BI2,559,B,I2\,
BKSBMFG,BKSBMFG,BI2,223,B,I2\,
BKSBPART,BKSBPART,BI2,105,B,I2\,
BKSBVEND,BKSBVEND,BI2,125,B,I2\,
BKSHORT,BKSHORT,BI2,110,B,I2\,
BKARTXN,BKSOHLOT,BI2,251,B,I2\,
BKARTXN,BKSOHSER,BI2,251,B,I2\,
BKSOLOCK,BKSOLOCK,BI2,68,B,I2\,
BKAPDESC,BKSONOTE,BI2,120,B,I2\,
BKMRPPO,BKSOPO,BI2,166,B,I2\,
BKSOX,BKSOX,BI2,269,B,I2\,
BKSOX,BKSOXH,BI2,269,B,I2\,
BKSYAP,BKSYAP,BI2,50,B,I2\,
BKSYAR,BKSYAR,BI2,16,B,I2\,
BKSYCFG,BKSYCFG,BI2,4,B,I2\,
BKSYHELP,BKSYHELP,BI2,70,B,I2\,
BKSYLOG,BKSYLOG,BI2,259,B,I2\,
BKSYMSTR,BKSYMSTR,BI2,2331,B,I2\,
BKSYPRTR,BKSYPRTR,BI2,64,B,I2\,Available printers
BKUMSRTY,BKUMSRTY,BI2,25,B,I2\,
BKMRPPO,BKWOPO,BI2,166,B,I2\,
BKYSMSTR,BKYSMSTR,BI2,1045,B,I2\,
BOMCHG,BOMCHG,BI2,343,B,I2\,
BUCKETS,BUCKETS,BI2,89,B,I2\,
CALENDAR,CALENDAR,BI2,33,B,I2\,
CALTEMP,CALTEMP,BI2,12,B,I2\,
CCEDIXRF,CCEDIXRF,BI2,70,B,I2\,
CLASMSTR,CLASMSTR,BI2,34,B,I2\,
CLASS,CLASS,BI2,234,B,I2\,
CLASMSTR,CUSTCLAS,BI2,34,B,I2\,
DBACNAME,DBACNAME,BI2,67,B,I2\,
DBAFIFO,DBAFIFO,BI2,43,B,I2\,
BKICPMAT,DISCOUNT,BI2,1353,B,I2\,
DPTMENT,DPTMENT,BI2,34,B,I2\,
EIMCOLST,EIMCOLST,BI2,462,B,I2\,
BKGLCOA,EMERSNGL,BI2,556,B,I2\,
ESTCHGS,ESTCHGS,BI2,46,B,I2\,
ESTMAT,ESTMAT,BI2,271,B,I2\,
ESTROUT,ESTROUT,BI2,1219,B,I2\,
ESTSUM,ESTSUM,BI2,2465,B,I2\,
HELPURL,HELPURL,BI2,366,B,I2\,
INVTXN,INVATXN,BI2,543,B,I2\,
INVTXN,INVETXN,BI2,543,B,I2\,
INVTXN,INVTXN,BI2,543,B,I2\,
IS2DBAR,IS2DBAR,BI2,329,B,I2\,
ISNCR,ISACAR,BI2,2319,B,I2\,
ISCARFUP,ISACARFU,BI2,156,B,I2\,
ISACCESS,ISACCESS,BI2,275,B,I2\,
ISACTION,ISACTION,BI2,130,B,I2\,
ISCYCLE,ISACYCLE,BI2,614,B,I2\,
ISCYLOC,ISACYLOC,BI2,137,B,I2\,
ISLINKS,ISALINKS,BI2,1359,B,I2\,
LOT,ISALOT,BI2,427,B,I2\,
BKSBPART,ISALPART,BI2,105,B,I2\,
BKMRPFC,ISAMRPF,BI2,91,B,I2\,
ISNCR,ISANCR,BI2,2319,B,I2\,
ISNOTES,ISANOTES,BI2,6256,B,I2\,
BKAPCHKF,ISAPACHK,BI2,91,B,I2\,
BKAPINVL,ISAPAINL,BI2,3756,B,I2\,
BKAPINVT,ISAPAINT,BI2,175,B,I2\,
BKAPPOL,ISAPARFL,BI2,370,B,I2\,
BKAPPO,ISAPARFQ,BI2,893,B,I2\,
BKAPVEND,ISAPAVND,BI2,2230,B,I2\,
ISAPCHG,ISAPCHG,BI2,506,B,I2\,
ISAPEX,ISAPEX,BI2,995,B,I2\,
ISAPCHG,ISAPHCHG,BI2,506,B,I2\,
BKRFQ,ISAPHQT,BI2,466,B,I2\,
BKAPPO,ISAPOPO,BI2,893,B,I2\,
BKAPPOL,ISAPOPOL,BI2,370,B,I2\,
ISAPPROJ,ISAPPROJ,BI2,205,B,I2\,
ISAPQPO,ISAPQPO,BI2,1857,B,I2\,
BKRFQ,ISAPQTQT,BI2,466,B,I2\,
ISARCHG,ISARACHG,BI2,488,B,I2\,
BKAPCHKF,ISARACHK,BI2,91,B,I2\,
BKARCUST,ISARACST,BI2,2498,B,I2\,
BKAPDESC,ISARADSC,BI2,120,B,I2\,
BKAPDESC,ISARAHDS,BI2,120,B,I2\,
BKARINVL,ISARAHIL,BI2,312,B,I2\,
BKARINV,ISARAHIN,BI2,1551,B,I2\,
BKARHTAX,ISARAHTX,BI2,42,B,I2\,
BKARINVT,ISARAINT,BI2,189,B,I2\,
BKARINV,ISARAINV,BI2,1551,B,I2\,
BKARINVI,ISARAIVI,BI2,124,B,I2\,
BKARINVL,ISARAIVL,BI2,312,B,I2\,
BKARINVV,ISARAIVV,BI2,673,B,I2\,
BKART,ISARAT,BI2,70,B,I2\,
BKARTNOT,ISARATNT,BI2,40,B,I2\,
BKARTXN,ISARATXN,BI2,251,B,I2\,
BKARTXN,ISARATXS,BI2,251,B,I2\,
ISARCHG,ISARCHG,BI2,488,B,I2\,
ISARDEPL,ISARDEPL,BI2,285,B,I2\,
ISARCHG,ISARECHG,BI2,488,B,I2\,
ISREMIND,ISAREMND,BI2,6950,B,I2\,
ISAREX,ISAREX,BI2,1313,B,I2\,
BKRFQ,ISARFQ,BI2,466,B,I2\,
ISARCHG,ISARHCHG,BI2,488,B,I2\,
ISARJDLP,ISARHJDL,BI2,1861,B,I2\,
ISARCHG,ISARICHG,BI2,488,B,I2\,
ISARINVX,ISARINVX,BI2,216,B,I2\,
ISARJDLP,ISARJDLP,BI2,1861,B,I2\,
ISARCHG,ISARMCHG,BI2,488,B,I2\,
ISARCHG,ISARQCHG,BI2,488,B,I2\,
ISARCHG,ISARRCHG,BI2,488,B,I2\,
ISARCHG,ISARSCGH,BI2,488,B,I2\,
ISARTXNB,ISARTXNB,BI2,381,B,I2\,
ISSIGN,ISASIGN,BI2,485,B,I2\,
ISAUTODC,ISAUTODC,BI2,205,B,I2\,
ISBANKS,ISBANKS,BI2,478,B,I2\,
ISBILLSH,ISBILLSH,BI2,121,B,I2\,
ISBINLOC,ISBINLOC,BI2,162,B,I2\,
ISBINLOT,ISBINLOT,BI2,199,B,I2\,
BKBMMSTR,ISBMESA,BI2,215,B,I2\,
BKBMMSTR,ISBMEST,BI2,215,B,I2\,
BKBMMSTR,ISBMTMP,BI2,215,B,I2\,
ISBNMSTR,ISBNMSTR,BI2,185,B,I2\,
ISSOBOX,ISBOLMS,BI2,931,B,I2\,
BKCMACCC,ISBRANDC,BI2,30,B,I2\,
BKCMACCL,ISBRANDS,BI2,15,B,I2\,
ISBROKER,ISBROKER,BI2,27,B,I2\,
ISBSF,ISBSF,BI2,1236,B,I2\,
ISSRINFO,ISBTCSB,BI2,1171,B,I2\,
INVTXN,ISBTXFER,BI2,543,B,I2\,
ISBUILD,ISBUILD,BI2,338,B,I2\,
ISCACT,ISCACT,BI2,5941,B,I2\,
ISNCR,ISCAR,BI2,2319,B,I2\,
ISCARDTE,ISCARDTE,BI2,1707,B,I2\,
ISCARFUP,ISCARFUP,BI2,156,B,I2\,
ISCATMST,ISCATMST,BI2,164,B,I2\,
ISCC,ISCC,BI2,305,B,I2\,
ISCCBTXN,ISCCBTXN,BI2,205,B,I2\,
ISCCICM,ISCCICM,BI2,2286,B,I2\,
ISCCMTF,ISCCMTF,BI2,75,B,I2\,
ISCHAINM,ISCHAIN,BI2,394,B,I2\,
ISCHAINM,ISCHAINM,BI2,394,B,I2\,
ISCCMTF,ISCMGRP,BI2,75,B,I2\,
ISCNTRY,ISCNTRY,BI2,108,B,I2\,
ISCONVRT,ISCONVRT,BI2,253,B,I2\,
ISCRISLS,ISCRISLS,BI2,225,B,I2\,
ISCSERIA,ISCSERIA,BI2,129,B,I2\,
ISCTEAM,ISCTEAM,BI2,90,B,I2\,
ISCTREVU,ISCTREVU,BI2,187,B,I2\,
ISCYCLCD,ISCYCLCD,BI2,113,B,I2\,
ISCYCLE,ISCYCLE,BI2,614,B,I2\,
ISCYLOC,ISCYLOC,BI2,137,B,I2\,
ISDCSER,ISDCSER,BI2,253,B,I2\,
ISDEFECT,ISDEFECT,BI2,120,B,I2\,
ISDEPT,ISDEPT,BI2,150,B,I2\,
ISDIGSIG,ISDIGSIG,BI2,757,B,I2\,
ISDIV,ISDIV,BI2,150,B,I2\,
ISDLCK1,ISDLCK1,BI2,10,B,I2\,
ISDLCK1,ISDLCK2,BI2,10,B,I2\,
ISDRILL,ISDRILL,BI2,3416,B,I2\,
ISDRILLM,ISDRILLM,BI2,400,B,I2\,
ISDROP,ISDROP,BI2,120,B,I2\,
ISDUTY,ISDUTY,BI2,14,B,I2\,
ISEAB,ISEAB,BI2,195,B,I2\,
BKARINV,ISECIH,BI2,1551,B,I2\,
BKARINVL,ISECIL,BI2,312,B,I2\,
ISSRINFO,ISECINFO,BI2,1171,B,I2\,
ISECO,ISECO,BI2,170,B,I2\,
ISSRINFO,ISEDINFO,BI2,1171,B,I2\,
ISESTDTL,ISESADTL,BI2,1823,B,I2\,
BKARINV,ISESAHDR,BI2,1551,B,I2\,
BKARINVL,ISESALNE,BI2,312,B,I2\,
ISSCHED,ISESCHED,BI2,3649,B,I2\,
ISSRINFO,ISESINFO,BI2,1171,B,I2\,
BKARINVL,ISESTAQL,BI2,312,B,I2\,
BKARINV,ISESTAQT,BI2,1551,B,I2\,
ESTSUM,ISESTASM,BI2,2465,B,I2\,
ISESTDTL,ISESTDTL,BI2,1823,B,I2\,
BKARINV,ISESTHDR,BI2,1551,B,I2\,
BKARINVL,ISESTLNE,BI2,312,B,I2\,
BKMRPPO,ISESTPO,BI2,166,B,I2\,
ISEXUSER,ISEXUSER,BI2,944,B,I2\,
ISFIELDS,ISFIELDS,BI2,118,B,I2\,
ISFOBMRM,ISFOBMRM,BI2,1132,B,I2\,
ISFOHEAD,ISFOHEAD,BI2,320,B,I2\,
ISFOHIST,ISFOHIST,BI2,290,B,I2\,
ISFOLINE,ISFOLINE,BI2,413,B,I2\,
ISFOORDL,ISFOORDL,BI2,274,B,I2\,
ISFSCLAS,ISFSCLAS,BI2,104,B,I2\,
ISFSCLAS,ISFSEMP,BI2,104,B,I2\,
ISFSINFO,ISFSINFO,BI2,195,B,I2\,
CLASMSTR,ISFSMARK,BI2,34,B,I2\,
ISFSPROJ,ISFSPROJ,BI2,152,B,I2\,
ISFSPS,ISFSPS,BI2,397,B,I2\,
ISFSWHO,ISFSWHO,BI2,84,B,I2\,
ISFUTYPE,ISFUTYPE,BI2,120,B,I2\,
ISFXASST,ISFXASST,BI2,634,B,I2\,
ISFXATRN,ISFXATRN,BI2,190,B,I2\,
ISGLCOA,ISGLBDGT,BI2,622,B,I2\,
ISGLCOA,ISGLCOA,BI2,622,B,I2\,
ISGLDATE,ISGLDATE,BI2,390,B,I2\,
ISGLCOA,ISGLFCOA,BI2,622,B,I2\,
ISGLDATE,ISGLHDAT,BI2,390,B,I2\,
ISGLNBGT,ISGLNBGT,BI2,327,B,I2\,
ISSERIAL,ISHLOTS,BI2,258,B,I2\,
ISSERIAL,ISHSERIA,BI2,258,B,I2\,
BKICMSTR,ISICADT,BI2,617,B,I2\,
ISICMSTR,ISICAMTR,BI2,948,B,I2\,
BKICPMAT,ISICAPMT,BI2,1353,B,I2\,
BKICREF,ISICAREF,BI2,420,B,I2\,
BKICMSTR,ISICESA,BI2,617,B,I2\,
BKICMSTR,ISICEST,BI2,617,B,I2\,
ISSRINFO,ISICINFO,BI2,1171,B,I2\,
ISICMSTR,ISICMSTR,BI2,948,B,I2\,
BKICMSTR,ISICSTD,BI2,617,B,I2\,
ISICUL,ISICUL,BI2,907,B,I2\,
ISIS,ISIS,BI2,56,B,I2\,
BKISTAX,ISISATAX,BI2,89,B,I2\,
ISSERCNT,ISITMCFG,BI2,160,B,I2\,
ISITP,ISITP,BI2,200,B,I2\,
ISJAVA,ISJAVA,BI2,2044,B,I2\,
ISBSF,ISJBSF,BI2,1236,B,I2\,
ISJOB,ISJOB,BI2,175,B,I2\,
ISLANDF,ISLANDF,BI2,42,B,I2\,
ISLBLMAP,ISLBLMAP,BI2,893,B,I2\,
ISLINKS,ISLINKS,BI2,1359,B,I2\,
ISLOCCST,ISLOCCST,BI2,199,B,I2\,
ISLOG,ISLOG,BI2,430,B,I2\,
ISSERIAL,ISLOTS,BI2,258,B,I2\,
ISLSMAP,ISLSMAP,BI2,449,B,I2\,
ISLTYPE,ISLTYPE,BI2,135,B,I2\,
ISMACS,ISMACS,BI2,152,B,I2\,
ISMCF,ISMCF,BI2,347,B,I2\,
ISMCR,ISMCR,BI2,117,B,I2\,
MTICMSTR,ISMICADT,BI2,1533,B,I2\,
MTICMSTR,ISMICESA,BI2,1533,B,I2\,
MTICMSTR,ISMICEST,BI2,1533,B,I2\,
MTICMSTR,ISMICSTD,BI2,1533,B,I2\,
BKMRPFC,ISMRPFC,BI2,91,B,I2\,
MTMRP,ISMRPOLD,BI2,145,B,I2\,
BKBMMSTR,ISMYBOM,BI2,215,B,I2\,
WOBOM,ISMYWOBM,BI2,496,B,I2\,
ISNCR,ISNCR,BI2,2319,B,I2\,
ISNCRLNS,ISNCRLNS,BI2,283,B,I2\,
WORECV,ISNCRTXN,BI2,131,B,I2\,
ISNOTES,ISNOTES,BI2,6256,B,I2\,
ISNTYPE,ISNTYPE,BI2,135,B,I2\,
ISNUMBER,ISNUMBER,BI2,510,B,I2\,
ISORDDSC,ISORDDSC,BI2,30,B,I2\,
ISORDECO,ISORDECO,BI2,228,B,I2\,
ISQCSPEC,ISPMINPR,BI2,1161,B,I2\,
ISQCMTHD,ISPMMTHD,BI2,3367,B,I2\,
ISQCSPEC,ISPMRSLT,BI2,1161,B,I2\,
ISQCSPEC,ISPMSPEC,BI2,1161,B,I2\,
ISSOBOX,ISPOBOX,BI2,931,B,I2\,
ISORDDSC,ISPODESC,BI2,30,B,I2\,
ISPOTRK,ISPOHTRK,BI2,201,B,I2\,
ISPOLOG,ISPOLOG,BI2,241,B,I2\,
BKCMACCL,ISPOS,BI2,15,B,I2\,
BKCMACCC,ISPOSC,BI2,30,B,I2\,
ISPOTRK,ISPOTRK,BI2,201,B,I2\,
ISPRCONS,ISPRACON,BI2,1994,B,I2\,
BKPRCURP,ISPRAHST,BI2,1122,B,I2\,
BKPRINFO,ISPRAINF,BI2,4039,B,I2\,
BKPRMSTR,ISPRAMST,BI2,3575,B,I2\,
ISPRCONS,ISPRCONS,BI2,1994,B,I2\,
ISPREQ,ISPREQ,BI2,871,B,I2\,
ISPRESN,ISPRESN,BI2,30,B,I2\,
ISPRINFO,ISPRINFO,BI2,551,B,I2\,
BKPRMSTR,ISPRMSTR,BI2,3575,B,I2\,
BKPRSALE,ISPRSALE,BI2,894,B,I2\,
ISPRTEMP,ISPRTEMP,BI2,122,B,I2\,
ISPRUDD,ISPRUDD,BI2,214,B,I2\,
ISPRUDF,ISPRUDF,BI2,284,B,I2\,
ISPRUDIV,ISPRUDIV,BI2,156,B,I2\,
BKQCMSTR,ISQCAMST,BI2,147,B,I2\,
BKQCTRAN,ISQCATRN,BI2,437,B,I2\,
ISQCMTHD,ISQCMTHD,BI2,3367,B,I2\,
ISQCSPEC,ISQCRSLT,BI2,1161,B,I2\,
ISQCSPEC,ISQCSPEC,BI2,1161,B,I2\,
ISQRYSQL,ISQRYSQL,BI2,1030,B,I2\,
ISQSOA,ISQSOA,BI2,191,B,I2\,
ISCATMST,ISQTCODE,BI2,164,B,I2\,
ISSRINFO,ISQTINFO,BI2,1171,B,I2\,
ISREMIND,ISREMIND,BI2,6950,B,I2\,
ISREPDEF,ISREPDEF,BI2,85,B,I2\,
ISREPLNK,ISREPLNK,BI2,170,B,I2\,
ISREPORD,ISREPORD,BI2,207,B,I2\,
BKAPDESC,ISRFQADS,BI2,120,B,I2\,
BKSBPART,ISRLPART,BI2,105,B,I2\,
ISRMAI,ISRMAAI,BI2,1185,B,I2\,
ISRMAC,ISRMAC,BI2,190,B,I2\,
BKAPDESC,ISRMADSC,BI2,120,B,I2\,
ISRMAI,ISRMAI,BI2,1185,B,I2\,
ISSRINFO,ISRMAINF,BI2,1171,B,I2\,
BKARINV,ISRMAINV,BI2,1551,B,I2\,
BKARINVL,ISRMAIVL,BI2,312,B,I2\,
BKARTXN,ISRMATXN,BI2,251,B,I2\,
BKARTXN,ISRMATXS,BI2,251,B,I2\,
BKAPDESC,ISRMDESC,BI2,120,B,I2\,
ISSRINFO,ISRMHINF,BI2,1171,B,I2\,
ISSRINFO,ISRMINFO,BI2,1171,B,I2\,
BKARINV,ISRMINV,BI2,1551,B,I2\,
BKARINVL,ISRMINVL,BI2,312,B,I2\,
BKARTXN,ISRMTXN,BI2,251,B,I2\,
BKARTXN,ISRMTXNS,BI2,251,B,I2\,
ISROUTEX,ISROUTEX,BI2,2339,B,I2\,
ROUTING,ISRTESA,BI2,1514,B,I2\,
ROUTING,ISRTEST,BI2,1514,B,I2\,
ISRTLOAD,ISRTLOAD,BI2,317,B,I2\,
ISRTMS,ISRTMS,BI2,2286,B,I2\,
BKSBMFG,ISSBAMFG,BI2,223,B,I2\,
BKSBPART,ISSBAPRT,BI2,105,B,I2\,
BKSBVEND,ISSBAVND,BI2,125,B,I2\,
ISSCHED,ISSCHED,BI2,3649,B,I2\,
ISSCOMP,ISSCOMP,BI2,141,B,I2\,
ISSDET,ISSDET,BI2,81,B,I2\,
BKARINV,ISSEDH,BI2,1551,B,I2\,
BKARINVL,ISSEDL,BI2,312,B,I2\,
ISSEPROC,ISSEPROC,BI2,65,B,I2\,
ISSEQUIP,ISSEQUIP,BI2,60,B,I2\,
ISSERCNT,ISSERCNT,BI2,160,B,I2\,
ISSERIAL,ISSERIAL,BI2,258,B,I2\,
ISSERR,ISSERR,BI2,3228,B,I2\,
BKARINV,ISSESH,BI2,1551,B,I2\,
BKARINVL,ISSESL,BI2,312,B,I2\,
ISSETYPE,ISSETYPE,BI2,65,B,I2\,
ISSHIPA,ISSHIPA,BI2,150,B,I2\,
ISSHIPCO,ISSHIPCO,BI2,1175,B,I2\,
ISSHPVIA,ISSHPVIA,BI2,848,B,I2\,
ISSIGN,ISSIGN,BI2,485,B,I2\,
BKMRPFC,ISSLSFC,BI2,91,B,I2\,
ISSMTCFG,ISSMTCFG,BI2,124,B,I2\,
BKARINV,ISSNINV,BI2,1551,B,I2\,
BKARINVL,ISSNINVL,BI2,312,B,I2\,
ISNOTES,ISSNOTES,BI2,6256,B,I2\,
BKARTXN,ISSNTXN,BI2,251,B,I2\,
ISARTXNB,ISSNTXNB,BI2,381,B,I2\,
BKARTXN,ISSNTXNS,BI2,251,B,I2\,
ISSOBOX,ISSOABOX,BI2,931,B,I2\,
ISSOBOX,ISSOAHBX,BI2,931,B,I2\,
ISSRINFO,ISSOAINF,BI2,1171,B,I2\,
BKARTXN,ISSOALOT,BI2,251,B,I2\,
BKARTXN,ISSOASER,BI2,251,B,I2\,
ISSOBOX,ISSOBOX,BI2,931,B,I2\,
ISDIGSIG,ISSODIGS,BI2,757,B,I2\,
ISSOBOX,ISSOHBOX,BI2,931,B,I2\,
ISSRINFO,ISSOHINF,BI2,1171,B,I2\,
ISSRINFO,ISSOINFO,BI2,1171,B,I2\,
ISSOREVU,ISSOREVU,BI2,215,B,I2\,
ISSPC,ISSPC,BI2,1415,B,I2\,
BKAPPO,ISSPOH,BI2,893,B,I2\,
BKAPPOL,ISSPOL,BI2,370,B,I2\,
BKARINV,ISSQTH,BI2,1551,B,I2\,
BKARINVL,ISSQTL,BI2,312,B,I2\,
BKAPDESC,ISSRADSC,BI2,120,B,I2\,
ISSRINFO,ISSRAINF,BI2,1171,B,I2\,
BKARINV,ISSRAINV,BI2,1551,B,I2\,
BKARINVL,ISSRAIVL,BI2,312,B,I2\,
ISSRMMS,ISSRAMMS,BI2,599,B,I2\,
BKARTXN,ISSRATXN,BI2,251,B,I2\,
BKARTXN,ISSRATXS,BI2,251,B,I2\,
BKARINV,ISSRCH,BI2,1551,B,I2\,
BKARINVL,ISSRCL,BI2,312,B,I2\,
BKAPDESC,ISSRDESC,BI2,120,B,I2\,
BKAPPO,ISSRFQH,BI2,893,B,I2\,
BKAPPOL,ISSRFQL,BI2,370,B,I2\,
ISSRINFO,ISSRHINF,BI2,1171,B,I2\,
ISSRINFO,ISSRINFO,BI2,1171,B,I2\,
BKARINV,ISSRINV,BI2,1551,B,I2\,
BKARINVL,ISSRINVL,BI2,312,B,I2\,
BKARINV,ISSRMH,BI2,1551,B,I2\,
BKARINV,ISSRMINV,BI2,1551,B,I2\,
BKARINVL,ISSRMIVL,BI2,312,B,I2\,
BKARINVL,ISSRML,BI2,312,B,I2\,
ISSRMMS,ISSRMMS,BI2,599,B,I2\,
BKARTXN,ISSRTXN,BI2,251,B,I2\,
BKARTXN,ISSRTXNS,BI2,251,B,I2\,
BKARINV,ISSSOH,BI2,1551,B,I2\,
BKARINVL,ISSSOL,BI2,312,B,I2\,
BKARINV,ISSSRH,BI2,1551,B,I2\,
BKARINVL,ISSSRL,BI2,312,B,I2\,
ISSTYPE,ISSTEQUI,BI2,125,B,I2\,
ISSTRACK,ISSTRACK,BI2,1166,B,I2\,
ISSTYPE,ISSTTYPE,BI2,125,B,I2\,
ISSTYPE,ISSTYPE,BI2,125,B,I2\,
ISTAXFIL,ISTAXFIL,BI2,563,B,I2\,
ISTAXGRP,ISTAXGRP,BI2,857,B,I2\,
ISTERMS,ISTERMS,BI2,191,B,I2\,
ISTOOLOG,ISTOOLOG,BI2,1005,B,I2\,
ISTRIGRS,ISTRIGRS,BI2,6664,B,I2\,
ISUDFINV,ISUDFINV,BI2,167,B,I2\,
ISUDMSTR,ISUDMSTR,BI2,185,B,I2\,
ISUSAGE,ISUSAGE,BI2,2103,B,I2\,
ISVAR,ISVAR,BI2,1106,B,I2\,
ISVARSQL,ISVARSQL,BI2,63,B,I2\,
ISVNDADT,ISVNDADT,BI2,699,B,I2\,
ISWOTRAY,ISWOBINS,BI2,1015,B,I2\,
ISWOCLOG,ISWOCLOG,BI2,443,B,I2\,
BKAPDESC,ISWODESC,BI2,120,B,I2\,
ISWOEX,ISWOEX,BI2,1171,B,I2\,
ISWOTRAY,ISWOHBNS,BI2,1015,B,I2\,
BKAPDESC,ISWOHDSC,BI2,120,B,I2\,
ISWOEX,ISWOHEX,BI2,1171,B,I2\,
ISWOPRIO,ISWOPRIO,BI2,139,B,I2\,
ISWOQUE,ISWOQUE,BI2,149,B,I2\,
ISWOROEX,ISWOROEX,BI2,799,B,I2\,
ISWOTRAY,ISWOTRAY,BI2,1015,B,I2\,
ISWOROEX,ISWROHEX,BI2,799,B,I2\,
JGPITEMS,JGPITEMS,BI2,3959,B,I2\,
JSPCNLCD,JSPCNLCD,BI2,165,B,I2\,
JSPCNLSO,JSPCNLSO,BI2,183,B,I2\,
LANGDICT,LANGDICT,BI2,343,B,I2\,
LOT,LOT,BI2,427,B,I2\,
MACHINE,MACHINE,BI2,651,B,I2\,
MKAHIST,MKAHIST,BI2,161,B,I2\,
MKASSIGN,MKASSIGN,BI2,36,B,I2\,
MKDEF,MKDEF,BI2,63,B,I2\,
MKECLASS,MKECLASS,BI2,54,B,I2\,
MKEVENT,MKEVENT,BI2,243,B,I2\,
MKFORM,MKFORM,BI2,105,B,I2\,
MKECLASS,MKICLASS,BI2,54,B,I2\,
MKTCLASS,MKTCLASS,BI2,54,B,I2\,
MKTNOTE,MKTNOTE,BI2,80,B,I2\,
MKTRACK,MKTRACK,BI2,62,B,I2\,
MKTROUT,MKTROUT,BI2,36,B,I2\,
MTEXCHG,MTEXCHG,BI2,127,B,I2\,
MTICMSTR,MTICAMTR,BI2,1533,B,I2\,
MTICMSTR,MTICEMTR,BI2,1533,B,I2\,
MTICMSTR,MTICMSTR,BI2,1533,B,I2\,
MTICMSTR,MTINVDEF,BI2,1533,B,I2\,
MTMRP,MTMRP,BI2,145,B,I2\,
MWOPTEMP,MWOPTEMP,BI2,163,B,I2\,
BKAPDESC,NOTETEMP,BI2,120,B,I2\,
NZITPRE,NZITPRE,BI2,828,B,I2\,
OPQCDESC,OPQCDESC,BI2,161,B,I2\,
OUTPROC,OUTHPROC,BI2,229,B,I2\,
OUTPROC,OUTPROC,BI2,229,B,I2\,
PIBINLOC,PIBINLOC,BI2,212,B,I2\,
PIBINLOT,PIBINLOT,BI2,166,B,I2\,
QCCODES,QCCODES,BI2,32,B,I2\,
ROCHG,ROCHG,BI2,342,B,I2\,
ROUTING,ROUTAING,BI2,1514,B,I2\,
ROUTING,ROUTING,BI2,1514,B,I2\,
ROUTING,ROUTTEMP,BI2,1514,B,I2\,
SCHEDCAL,SCHEDCAL,BI2,29,B,I2\,
SCHWO,SCHWO,BI2,68,B,I2\,
SCRAP,SCRAP,BI2,272,B,I2\,
SERIAL,SERIAL,BI2,417,B,I2\,
SERIAL,SERIALH,BI2,417,B,I2\,
SUMCUST,SUMCUST,BI2,30,B,I2\,
SUMINV,SUMINV,BI2,149,B,I2\,
SUMPNCUS,SUMPNCUS,BI2,45,B,I2\,
SUMWC,SUMWC,BI2,48,B,I2\,
BKCMACTD,TEMPOLD,BI2,116,B,I2\,
TESTARRA,TESTARRA,BI2,110,B,I2\,
TESTFILE,TESTFILE,BI2,247,B,I2\,
TOOL,TOOL,BI2,1134,B,I2\,
CLASMSTR,VENDCLAS,BI2,34,B,I2\,
WCCTL,WCCTL,BI2,37,B,I2\,
WCTRLOAD,WCTRLOAD,BI2,152,B,I2\,
WCTRLOAD,WCTRSLOD,BI2,152,B,I2\,
WOBOM,WOBOM,BI2,496,B,I2\,
WOBOMCHG,WOBOMCHG,BI2,353,B,I2\,
WOBOMREM,WOBOMHRM,BI2,1320,B,I2\,
WOBOMREM,WOBOMREM,BI2,1320,B,I2\,
WODATE,WODATE,BI2,157,B,I2\,
WOLABOR,WOELABOR,BI2,799,B,I2\,
WOMAT,WOEMAT,BI2,466,B,I2\,
WORECV,WOERECV,BI2,131,B,I2\,
WOEXCHG,WOEXCHG,BI2,113,B,I2\,
WOBOM,WOHBOM,BI2,496,B,I2\,
WODATE,WOHDATE,BI2,157,B,I2\,
WOEXCHG,WOHEXCHG,BI2,113,B,I2\,
WOLABOR,WOHLABOR,BI2,799,B,I2\,
WOMAT,WOHMAT,BI2,466,B,I2\,
WORECV,WOHRECV,BI2,131,B,I2\,
WOROUT,WOHROUT,BI2,1590,B,I2\,
WOLABOR,WOLABOR,BI2,799,B,I2\,
WOLABOR,WOLABRPT,BI2,799,B,I2\,
WOMAT,WOMAT,BI2,466,B,I2\,
WORECV,WORECV,BI2,131,B,I2\,
WORKCHG,WORKACHG,BI2,458,B,I2\,
WORKCHG,WORKCHG,BI2,458,B,I2\,
WORKCTR,WORKCTR,BI2,468,B,I2\,
WORKORD,WORKHORD,BI2,1173,B,I2\,
WORKORD,WORKORD,BI2,1173,B,I2\,
WORKORD,WORKSORD,BI2,1173,B,I2\,
WOROCHG,WOROCHG,BI2,352,B,I2\,
WOROUT,WOROUT,BI2,1590,B,I2\,
WOROUT,WOROUTMP,BI2,1590,B,I2\,
WOBOM,WOSBOM,BI2,496,B,I2\,
WOROUT,WOSROUT,BI2,1590,B,I2\,
BKICMSTR,XXICMSTR,BI2,617,B,I2\,
AHSYLOG,AHSYLOG,BAB,27,B,AB\,
BKART,ARTTEMP,BAB,70,B,AB\,
BKABCUST,BKABCUST,BAB,13,B,AB\,
BKABVEND,BKABVEND,BAB,33,B,AB\,
BKACTRPT,BKACTRPT,BAB,534,B,AB\,
BKCMACCN,BKAPACCN,BAB,4251,B,AB\,
BKAPDESC,BKAPADSC,BAB,120,B,AB\,
BKAPPO,BKAPAPO,BAB,893,B,AB\,
BKAPPOL,BKAPAPOL,BAB,370,B,AB\,
BKAPCHKF,BKAPCHKF,BAB,91,B,AB\,
BKAPCHKF,BKAPCHKH,BAB,91,B,AB\,
BKARDEP,BKAPDEP,BAB,81,B,AB\,
BKAPDESC,BKAPDESC,BAB,120,B,AB\,
BKAPINVT,BKAPEIVT,BAB,175,B,AB\,
BKAPVEND,BKAPEVND,BAB,2230,B,AB\,
BKAPDESC,BKAPHDSC,BAB,120,B,AB\,
BKAPPO,BKAPHPO,BAB,893,B,AB\,
BKAPPOL,BKAPHPOL,BAB,370,B,AB\,
BKAPINVL,BKAPINVL,BAB,3756,B,AB\,
BKAPINVT,BKAPINVT,BAB,175,B,AB\,
BKAPNOTE,BKAPNOTE,BAB,642,B,AB\,
BKAPPO,BKAPPO,BAB,893,B,AB\,
BKAPPOL,BKAPPOL,BAB,370,B,AB\,
BKRFQ,BKAPQUOT,BAB,466,B,AB\,
BKAPPO,BKAPRFQ,BAB,893,B,AB\,
BKAPPOL,BKAPRFQL,BAB,370,B,AB\,
BKAPINVL,BKAPRIVL,BAB,3756,B,AB\,
BKAPVEND,BKAPVEND,BAB,2230,B,AB\,
BKAPVND2,BKAPVND2,BAB,1831,B,AB\,
BKAPCHKF,BKARCHKF,BAB,91,B,AB\,
BKAPCHKF,BKARCHKH,BAB,91,B,AB\,
BKARCUST,BKARCUST,BAB,2498,B,AB\,
BKARDEP,BKARDEP,BAB,81,B,AB\,
BKAPDESC,BKARDESC,BAB,120,B,AB\,
BKAPDESC,BKARDPST,BAB,120,B,AB\,
BKARCUST,BKARECST,BAB,2498,B,AB\,
BKARINVT,BKAREIVT,BAB,189,B,AB\,
BKAPDESC,BKARHDSC,BAB,120,B,AB\,
BKARINV,BKARHINV,BAB,1551,B,AB\,
BKARINVL,BKARHIVL,BAB,312,B,AB\,
BKARHTAX,BKARHTAX,BAB,42,B,AB\,
BKARINV,BKARINV,BAB,1551,B,AB\,
BKARINVI,BKARINVI,BAB,124,B,AB\,
BKARINVL,BKARINVL,BAB,312,B,AB\,
BKARINVT,BKARINVT,BAB,189,B,AB\,
BKARINVV,BKARINVV,BAB,673,B,AB\,
BKAPDESC,BKARRDSC,BAB,120,B,AB\,
BKARINV,BKARRINV,BAB,1551,B,AB\,
BKARINVL,BKARRIVL,BAB,312,B,AB\,
BKARCUST,BKARSHIP,BAB,2498,B,AB\,
BKARINVL,BKARSIVL,BAB,312,B,AB\,
BKART,BKART,BAB,70,B,AB\,
BKARTNOT,BKARTNOT,BAB,40,B,AB\,
BKARTXN,BKARTXN,BAB,251,B,AB\,
BKARTXN,BKARTXNB,BAB,251,B,AB\,
BKARTXN,BKARTXNS,BAB,251,B,AB\,
BKBMMSTR,BKBMAMTR,BAB,215,B,AB\,
BKBMMSTR,BKBMARC,BAB,215,B,AB\,
BKBMMSTR,BKBMAVAL,BAB,215,B,AB\,
BKBMCNFG,BKBMCNFG,BAB,26,B,AB\,
BKBMDIM,BKBMDIM,BAB,134,B,AB\,
BKBMMSTR,BKBMEMTR,BAB,215,B,AB\,
BKBMREMK,BKBMERMK,BAB,1062,B,AB\,
BKBMMSTR,BKBMMSTR,BAB,215,B,AB\,
BKBMNOTE,BKBMNOTE,BAB,975,B,AB\,
BKBMREMK,BKBMREMK,BAB,1062,B,AB\,
BKBMMSTR,BKBMSUMM,BAB,215,B,AB\,
BKCMACCC,BKCMACCC,BAB,30,B,AB\,
BKCMACCL,BKCMACCL,BAB,15,B,AB\,
BKCMACCN,BKCMACCN,BAB,4251,B,AB\,
BKCMACCT,BKCMACCT,BAB,1014,B,AB\,
BKCMACFC,BKCMACFC,BAB,33,B,AB\,
BKCMACTD,BKCMACTD,BAB,116,B,AB\,
BKCMACTF,BKCMACTF,BAB,331,B,AB\,
BKCMACTH,BKCMACTH,BAB,201,B,AB\,
BKCMCNTD,BKCMCNTD,BAB,252,B,AB\,
BKCMCTRL,BKCMCTL1,BAB,10,B,AB\,
BKCMCTRL,BKCMCTL2,BAB,10,B,AB\,
BKCMCTRL,BKCMCTL3,BAB,10,B,AB\,
BKCMCTRL,BKCMCTL4,BAB,10,B,AB\,
BKCMCTRL,BKCMCTRL,BAB,10,B,AB\,
BKARCUST,BKCMCUST,BAB,2498,B,AB\,
BKCMACCT,BKCMDE,BAB,1014,B,AB\,
BKCMDTCD,BKCMDTCD,BAB,27,B,AB\,
BKCMDUN,BKCMDUN,BAB,482,B,AB\,
BKCMDUNH,BKCMDUNH,BAB,47,B,AB\,
BKCMACCL,BKCMEACC,BAB,15,B,AB\,
BKCMACTD,BKCMEACD,BAB,116,B,AB\,
BKCMACTF,BKCMEACF,BAB,331,B,AB\,
BKCMACTH,BKCMEACH,BAB,201,B,AB\,
BKCMACCT,BKCMEACT,BAB,1014,B,AB\,
BKCMFTME,BKCMEFTM,BAB,53,B,AB\,
BKCMFORM,BKCMFORM,BAB,132,B,AB\,
BKCMFTME,BKCMFTME,BAB,53,B,AB\,
BKCMHCD2,BKCMHCD2,BAB,50,B,AB\,
BKCMHCOD,BKCMHCOD,BAB,85,B,AB\,
BKCMLEAD,BKCMLEAD,BAB,30,B,AB\,
BKCMMHST,BKCMMHST,BAB,384,B,AB\,
BKCMPCFC,BKCMPCFC,BAB,33,B,AB\,
BKCMPCNT,BKCMPCNT,BAB,733,B,AB\,
BKCMPCTF,BKCMPCTF,BAB,322,B,AB\,
BKCMPCTH,BKCMPCTH,BAB,134,B,AB\,
BKCMREP,BKCMREP,BAB,128,B,AB\,
BKCMSBDF,BKCMSBDF,BAB,21,B,AB\,
BKCMTEMP,BKCMTEMP,BAB,46,B,AB\,
BKCMTERR,BKCMTERR,BAB,296,B,AB\,
BKCMTEMP,BKCMTMP1,BAB,46,B,AB\,
BKCMTEMP,BKCMTMP2,BAB,46,B,AB\,
BKCMTEMP,BKCMTMP3,BAB,46,B,AB\,
BKCMTEMP,BKCMTMP4,BAB,46,B,AB\,
BKCMVNDF,BKCMVNDF,BAB,330,B,AB\,
BKCMVNDH,BKCMVNDH,BAB,134,B,AB\,
BKCMVNFC,BKCMVNFC,BAB,33,B,AB\,
BKCPEC,BKCPEC,BAB,84,B,AB\,
BKCPMSTR,BKCPMSTR,BAB,280,B,AB\,
BKDCCFG,BKDCCFG,BAB,200,B,AB\,
BKDCLAB,BKDCCLAB,BAB,877,B,AB\,
BKDCLAB,BKDCHLAB,BAB,877,B,AB\,
BKDCLAB,BKDCLAB,BAB,877,B,AB\,
BKDCLAB,BKDCPLAB,BAB,877,B,AB\,
BKDCSHFT,BKDCSHFT,BAB,245,B,AB\,
BKDCLAB,BKDCTLAB,BAB,877,B,AB\,
BKEDIDUN,BKEDIDUN,BAB,33,B,AB\,
BKARINV,BKEDIH,BAB,1551,B,AB\,
BKARINVL,BKEDIL,BAB,312,B,AB\,
BKEDMSTR,BKEDMSTR,BAB,89,B,AB\,
BKEDNOTE,BKEDNOTE,BAB,96,B,AB\,
BKEDPOST,BKEDPOST,BAB,18,B,AB\,
BKESTCFG,BKESTCFG,BAB,315,B,AB\,
BKARINV,BKESTQT,BAB,1551,B,AB\,
BKARINVL,BKESTQTL,BAB,312,B,AB\,
BKFLDHLP,BKFLDHLP,BAB,79,B,AB\,
BKFOCFG,BKFOCFG,BAB,71,B,AB\,
BKGLCHK,BKGLACHK,BAB,173,B,AB\,
BKGLGJLN,BKGLAGJL,BAB,123,B,AB\,
BKGLGJRN,BKGLAGJR,BAB,104,B,AB\,
BKGLTRAN,BKGLATRN,BAB,137,B,AB\,
BKGLCCOA,BKGLCCOA,BAB,490,B,AB\,
BKGLCHK,BKGLCHK,BAB,173,B,AB\,
BKGLCOA,BKGLCOA,BAB,556,B,AB\,
BKAPDESC,BKGLDESC,BAB,120,B,AB\,
BKGLCOA,BKGLECOA,BAB,556,B,AB\,
BKGLTRAN,BKGLETRN,BAB,137,B,AB\,
BKGLCOA,BKGLFCOA,BAB,556,B,AB\,
BKGLFSTL,BKGLFSTL,BAB,68,B,AB\,
BKGLGJLN,BKGLGJLN,BAB,123,B,AB\,
BKGLGJRN,BKGLGJRN,BAB,104,B,AB\,
BKGLTRAN,BKGLHIST,BAB,137,B,AB\,
BKGLCHK,BKGLICC,BAB,173,B,AB\,
BKGLGJLN,BKGLRGJL,BAB,123,B,AB\,
BKGLGJRN,BKGLRGJR,BAB,104,B,AB\,
BKGLSTMT,BKGLSTMT,BAB,1670,B,AB\,
BKGLTRAN,BKGLTEMP,BAB,137,B,AB\,
BKGLGJLN,BKGLTGJL,BAB,123,B,AB\,
BKGLGJRN,BKGLTGJR,BAB,104,B,AB\,
BKGLTRAN,BKGLTMP,BAB,137,B,AB\,
BKGLTRAN,BKGLTMP2,BAB,137,B,AB\,
BKGLTRAN,BKGLTMP3,BAB,137,B,AB\,
BKGLTRAN,BKGLTRAN,BAB,137,B,AB\,
BKGLX,BKGLX,BAB,139,B,AB\,
BKGLX,BKGLXH,BAB,139,B,AB\,
BKICALTD,BKICALTD,BAB,436,B,AB\,
BKICALTP,BKICALTP,BAB,131,B,AB\,
BKICMSTR,BKICAMTR,BAB,617,B,AB\,
BKICPMAT,BKICAPMA,BAB,1353,B,AB\,
BKICDIM,BKICDIM,BAB,867,B,AB\,
BKICLOC,BKICELOC,BAB,350,B,AB\,
BKICMSTR,BKICEMTR,BAB,617,B,AB\,
BKICLOC,BKICLOC,BAB,350,B,AB\,
BKICLOCM,BKICLOCM,BAB,325,B,AB\,
BKICMFG,BKICMFG,BAB,155,B,AB\,
BKICMSTR,BKICMSTR,BAB,617,B,AB\,
BKICPMAT,BKICPMAT,BAB,1353,B,AB\,
BKICREF,BKICREF,BAB,420,B,AB\,
BKICTAX,BKICTAX,BAB,373,B,AB\,
BKICVAL,BKICVAL,BAB,35,B,AB\,
BKISTAX,BKISHTAX,BAB,89,B,AB\,
BKISTAX,BKISTAX,BAB,89,B,AB\,
BKLOGON,BKLOGON,BAB,46,B,AB\,
BKMATCST,BKMATCST,BAB,245,B,AB\,
BKMATRIM,BKMATRIM,BAB,20,B,AB\,
BKMRPFC,BKMRPFC,BAB,91,B,AB\,
BKMRPPO,BKMRPPO,BAB,166,B,AB\,
BKMRPSW,BKMRPSW,BAB,16,B,AB\,
BKPCKIT,BKPCKIT,BAB,68,B,AB\,
BKPCPLOT,BKPCPLOT,BAB,98,B,AB\,
BKPIFROZ,BKPIFROZ,BAB,109,B,AB\,
BKPILOT,BKPILCNT,BAB,86,B,AB\,
BKPILOT,BKPILOT,BAB,86,B,AB\,
BKPIMSTR,BKPIMSTR,BAB,36,B,AB\,
BKPIPHYS,BKPIPHYS,BAB,152,B,AB\,
BKPISER,BKPISCNT,BAB,103,B,AB\,
BKPISER,BKPISER,BAB,103,B,AB\,
BKPOX,BKPOX,BAB,203,B,AB\,
BKPOX,BKPOXH,BAB,203,B,AB\,
BKPRCOMM,BKPRACOM,BAB,104,B,AB\,
BKPRAGNT,BKPRAGNT,BAB,26,B,AB\,
BKPRSALE,BKPRBOOK,BAB,894,B,AB\,
BKPRCOMM,BKPRCOMM,BAB,104,B,AB\,
BKPRCURP,BKPRCURP,BAB,1122,B,AB\,
BKPRFTAX,BKPRFTAX,BAB,671,B,AB\,
BKPRGLFL,BKPRGLFL,BAB,3908,B,AB\,
BKPRCOMM,BKPRHCOM,BAB,104,B,AB\,
BKPRCURP,BKPRHIST,BAB,1122,B,AB\,
BKPRINFO,BKPRINFO,BAB,4039,B,AB\,
BKPRMSTR,BKPRMSTR,BAB,3575,B,AB\,
BKPRSALE,BKPRSALE,BAB,894,B,AB\,
BKPRSTFL,BKPRSTFL,BAB,12,B,AB\,
BKPRTC,BKPRTC,BAB,44,B,AB\,
BKPRTCFG,BKPRTCFG,BAB,2039,B,AB\,
BKPRMSTR,BKPRW2,BAB,3575,B,AB\,
BKQCMSTR,BKQCMSTR,BAB,147,B,AB\,
BKQCTRAN,BKQCTRAN,BAB,437,B,AB\,
BKAPDESC,BKQTNOTE,BAB,120,B,AB\,
BKAPDESC,BKQTTEMP,BAB,120,B,AB\,
BKRFQ,BKRFQ,BAB,466,B,AB\,
BKAPDESC,BKRFQDES,BAB,120,B,AB\,
BKRTCST,BKRTCST,BAB,149,B,AB\,
ROUTING,BKRTEMTR,BAB,1514,B,AB\,
BKRTSPEC,BKRTSPEC,BAB,99,B,AB\,
BKRTTEMP,BKRTTEMP,BAB,97,B,AB\,
BKSAREPT,BKSAREPT,BAB,559,B,AB\,
BKSBMFG,BKSBMFG,BAB,223,B,AB\,
BKSBPART,BKSBPART,BAB,105,B,AB\,
BKSBVEND,BKSBVEND,BAB,125,B,AB\,
BKSHORT,BKSHORT,BAB,110,B,AB\,
BKARTXN,BKSOHLOT,BAB,251,B,AB\,
BKARTXN,BKSOHSER,BAB,251,B,AB\,
BKSOLOCK,BKSOLOCK,BAB,68,B,AB\,
BKAPDESC,BKSONOTE,BAB,120,B,AB\,
BKMRPPO,BKSOPO,BAB,166,B,AB\,
BKSOX,BKSOX,BAB,269,B,AB\,
BKSOX,BKSOXH,BAB,269,B,AB\,
BKSYAP,BKSYAP,BAB,50,B,AB\,
BKSYAR,BKSYAR,BAB,16,B,AB\,
BKSYCFG,BKSYCFG,BAB,4,B,AB\,
BKSYHELP,BKSYHELP,BAB,70,B,AB\,
BKSYLOG,BKSYLOG,BAB,259,B,AB\,
BKSYMSTR,BKSYMSTR,BAB,2331,B,AB\,
BKSYPRTR,BKSYPRTR,BAB,64,B,AB\,Available printers
BKUMSRTY,BKUMSRTY,BAB,25,B,AB\,
BKMRPPO,BKWOPO,BAB,166,B,AB\,
BKYSMSTR,BKYSMSTR,BAB,1045,B,AB\,
BOMCHG,BOMCHG,BAB,343,B,AB\,
BUCKETS,BUCKETS,BAB,89,B,AB\,
CALENDAR,CALENDAR,BAB,33,B,AB\,
CALTEMP,CALTEMP,BAB,12,B,AB\,
CCEDIXRF,CCEDIXRF,BAB,70,B,AB\,
CLASMSTR,CLASMSTR,BAB,34,B,AB\,
CLASS,CLASS,BAB,234,B,AB\,
CLASMSTR,CUSTCLAS,BAB,34,B,AB\,
DBACNAME,DBACNAME,BAB,67,B,AB\,
DBAFIFO,DBAFIFO,BAB,43,B,AB\,
BKICPMAT,DISCOUNT,BAB,1353,B,AB\,
DPTMENT,DPTMENT,BAB,34,B,AB\,
EIMCOLST,EIMCOLST,BAB,462,B,AB\,
BKGLCOA,EMERSNGL,BAB,556,B,AB\,
ESTCHGS,ESTCHGS,BAB,46,B,AB\,
ESTMAT,ESTMAT,BAB,271,B,AB\,
ESTROUT,ESTROUT,BAB,1219,B,AB\,
ESTSUM,ESTSUM,BAB,2465,B,AB\,
HELPURL,HELPURL,BAB,366,B,AB\,
INVTXN,INVATXN,BAB,543,B,AB\,
INVTXN,INVETXN,BAB,543,B,AB\,
INVTXN,INVTXN,BAB,543,B,AB\,
IS2DBAR,IS2DBAR,BAB,329,B,AB\,
ISNCR,ISACAR,BAB,2319,B,AB\,
ISCARFUP,ISACARFU,BAB,156,B,AB\,
ISACCESS,ISACCESS,BAB,275,B,AB\,
ISACTION,ISACTION,BAB,130,B,AB\,
ISCYCLE,ISACYCLE,BAB,614,B,AB\,
ISCYLOC,ISACYLOC,BAB,137,B,AB\,
ISLINKS,ISALINKS,BAB,1359,B,AB\,
LOT,ISALOT,BAB,427,B,AB\,
BKSBPART,ISALPART,BAB,105,B,AB\,
BKMRPFC,ISAMRPF,BAB,91,B,AB\,
ISNCR,ISANCR,BAB,2319,B,AB\,
ISNOTES,ISANOTES,BAB,6256,B,AB\,
BKAPCHKF,ISAPACHK,BAB,91,B,AB\,
BKAPINVL,ISAPAINL,BAB,3756,B,AB\,
BKAPINVT,ISAPAINT,BAB,175,B,AB\,
BKAPPOL,ISAPARFL,BAB,370,B,AB\,
BKAPPO,ISAPARFQ,BAB,893,B,AB\,
BKAPVEND,ISAPAVND,BAB,2230,B,AB\,
ISAPCHG,ISAPCHG,BAB,506,B,AB\,
ISAPEX,ISAPEX,BAB,995,B,AB\,
ISAPCHG,ISAPHCHG,BAB,506,B,AB\,
BKRFQ,ISAPHQT,BAB,466,B,AB\,
BKAPPO,ISAPOPO,BAB,893,B,AB\,
BKAPPOL,ISAPOPOL,BAB,370,B,AB\,
ISAPPROJ,ISAPPROJ,BAB,205,B,AB\,
ISAPQPO,ISAPQPO,BAB,1857,B,AB\,
BKRFQ,ISAPQTQT,BAB,466,B,AB\,
ISARCHG,ISARACHG,BAB,488,B,AB\,
BKAPCHKF,ISARACHK,BAB,91,B,AB\,
BKARCUST,ISARACST,BAB,2498,B,AB\,
BKAPDESC,ISARADSC,BAB,120,B,AB\,
BKAPDESC,ISARAHDS,BAB,120,B,AB\,
BKARINVL,ISARAHIL,BAB,312,B,AB\,
BKARINV,ISARAHIN,BAB,1551,B,AB\,
BKARHTAX,ISARAHTX,BAB,42,B,AB\,
BKARINVT,ISARAINT,BAB,189,B,AB\,
BKARINV,ISARAINV,BAB,1551,B,AB\,
BKARINVI,ISARAIVI,BAB,124,B,AB\,
BKARINVL,ISARAIVL,BAB,312,B,AB\,
BKARINVV,ISARAIVV,BAB,673,B,AB\,
BKART,ISARAT,BAB,70,B,AB\,
BKARTNOT,ISARATNT,BAB,40,B,AB\,
BKARTXN,ISARATXN,BAB,251,B,AB\,
BKARTXN,ISARATXS,BAB,251,B,AB\,
ISARCHG,ISARCHG,BAB,488,B,AB\,
ISARDEPL,ISARDEPL,BAB,285,B,AB\,
ISARCHG,ISARECHG,BAB,488,B,AB\,
ISREMIND,ISAREMND,BAB,6950,B,AB\,
ISAREX,ISAREX,BAB,1313,B,AB\,
BKRFQ,ISARFQ,BAB,466,B,AB\,
ISARCHG,ISARHCHG,BAB,488,B,AB\,
ISARJDLP,ISARHJDL,BAB,1861,B,AB\,
ISARCHG,ISARICHG,BAB,488,B,AB\,
ISARINVX,ISARINVX,BAB,216,B,AB\,
ISARJDLP,ISARJDLP,BAB,1861,B,AB\,
ISARCHG,ISARMCHG,BAB,488,B,AB\,
ISARCHG,ISARQCHG,BAB,488,B,AB\,
ISARCHG,ISARRCHG,BAB,488,B,AB\,
ISARCHG,ISARSCGH,BAB,488,B,AB\,
ISARTXNB,ISARTXNB,BAB,381,B,AB\,
ISSIGN,ISASIGN,BAB,485,B,AB\,
ISAUTODC,ISAUTODC,BAB,205,B,AB\,
ISBANKS,ISBANKS,BAB,478,B,AB\,
ISBILLSH,ISBILLSH,BAB,121,B,AB\,
ISBINLOC,ISBINLOC,BAB,162,B,AB\,
ISBINLOT,ISBINLOT,BAB,199,B,AB\,
BKBMMSTR,ISBMESA,BAB,215,B,AB\,
BKBMMSTR,ISBMEST,BAB,215,B,AB\,
BKBMMSTR,ISBMTMP,BAB,215,B,AB\,
ISBNMSTR,ISBNMSTR,BAB,185,B,AB\,
ISSOBOX,ISBOLMS,BAB,931,B,AB\,
BKCMACCC,ISBRANDC,BAB,30,B,AB\,
BKCMACCL,ISBRANDS,BAB,15,B,AB\,
ISBROKER,ISBROKER,BAB,27,B,AB\,
ISBSF,ISBSF,BAB,1236,B,AB\,
ISSRINFO,ISBTCSB,BAB,1171,B,AB\,
INVTXN,ISBTXFER,BAB,543,B,AB\,
ISBUILD,ISBUILD,BAB,338,B,AB\,
ISCACT,ISCACT,BAB,5941,B,AB\,
ISNCR,ISCAR,BAB,2319,B,AB\,
ISCARDTE,ISCARDTE,BAB,1707,B,AB\,
ISCARFUP,ISCARFUP,BAB,156,B,AB\,
ISCATMST,ISCATMST,BAB,164,B,AB\,
ISCC,ISCC,BAB,305,B,AB\,
ISCCBTXN,ISCCBTXN,BAB,205,B,AB\,
ISCCICM,ISCCICM,BAB,2286,B,AB\,
ISCCMTF,ISCCMTF,BAB,75,B,AB\,
ISCHAINM,ISCHAIN,BAB,394,B,AB\,
ISCHAINM,ISCHAINM,BAB,394,B,AB\,
ISCCMTF,ISCMGRP,BAB,75,B,AB\,
ISCNTRY,ISCNTRY,BAB,108,B,AB\,
ISCONVRT,ISCONVRT,BAB,253,B,AB\,
ISCRISLS,ISCRISLS,BAB,225,B,AB\,
ISCSERIA,ISCSERIA,BAB,129,B,AB\,
ISCTEAM,ISCTEAM,BAB,90,B,AB\,
ISCTREVU,ISCTREVU,BAB,187,B,AB\,
ISCYCLCD,ISCYCLCD,BAB,113,B,AB\,
ISCYCLE,ISCYCLE,BAB,614,B,AB\,
ISCYLOC,ISCYLOC,BAB,137,B,AB\,
ISDCSER,ISDCSER,BAB,253,B,AB\,
ISDEFECT,ISDEFECT,BAB,120,B,AB\,
ISDEPT,ISDEPT,BAB,150,B,AB\,
ISDIGSIG,ISDIGSIG,BAB,757,B,AB\,
ISDIV,ISDIV,BAB,150,B,AB\,
ISDLCK1,ISDLCK1,BAB,10,B,AB\,
ISDLCK1,ISDLCK2,BAB,10,B,AB\,
ISDRILL,ISDRILL,BAB,3416,B,AB\,
ISDRILLM,ISDRILLM,BAB,400,B,AB\,
ISDROP,ISDROP,BAB,120,B,AB\,
ISDUTY,ISDUTY,BAB,14,B,AB\,
ISEAB,ISEAB,BAB,195,B,AB\,
BKARINV,ISECIH,BAB,1551,B,AB\,
BKARINVL,ISECIL,BAB,312,B,AB\,
ISSRINFO,ISECINFO,BAB,1171,B,AB\,
ISECO,ISECO,BAB,170,B,AB\,
ISSRINFO,ISEDINFO,BAB,1171,B,AB\,
ISESTDTL,ISESADTL,BAB,1823,B,AB\,
BKARINV,ISESAHDR,BAB,1551,B,AB\,
BKARINVL,ISESALNE,BAB,312,B,AB\,
ISSCHED,ISESCHED,BAB,3649,B,AB\,
ISSRINFO,ISESINFO,BAB,1171,B,AB\,
BKARINVL,ISESTAQL,BAB,312,B,AB\,
BKARINV,ISESTAQT,BAB,1551,B,AB\,
ESTSUM,ISESTASM,BAB,2465,B,AB\,
ISESTDTL,ISESTDTL,BAB,1823,B,AB\,
BKARINV,ISESTHDR,BAB,1551,B,AB\,
BKARINVL,ISESTLNE,BAB,312,B,AB\,
BKMRPPO,ISESTPO,BAB,166,B,AB\,
ISEXUSER,ISEXUSER,BAB,944,B,AB\,
ISFIELDS,ISFIELDS,BAB,118,B,AB\,
ISFOBMRM,ISFOBMRM,BAB,1132,B,AB\,
ISFOHEAD,ISFOHEAD,BAB,320,B,AB\,
ISFOHIST,ISFOHIST,BAB,290,B,AB\,
ISFOLINE,ISFOLINE,BAB,413,B,AB\,
ISFOORDL,ISFOORDL,BAB,274,B,AB\,
ISFSCLAS,ISFSCLAS,BAB,104,B,AB\,
ISFSCLAS,ISFSEMP,BAB,104,B,AB\,
ISFSINFO,ISFSINFO,BAB,195,B,AB\,
CLASMSTR,ISFSMARK,BAB,34,B,AB\,
ISFSPROJ,ISFSPROJ,BAB,152,B,AB\,
ISFSPS,ISFSPS,BAB,397,B,AB\,
ISFSWHO,ISFSWHO,BAB,84,B,AB\,
ISFUTYPE,ISFUTYPE,BAB,120,B,AB\,
ISFXASST,ISFXASST,BAB,634,B,AB\,
ISFXATRN,ISFXATRN,BAB,190,B,AB\,
ISGLCOA,ISGLBDGT,BAB,622,B,AB\,
ISGLCOA,ISGLCOA,BAB,622,B,AB\,
ISGLDATE,ISGLDATE,BAB,390,B,AB\,
ISGLCOA,ISGLFCOA,BAB,622,B,AB\,
ISGLDATE,ISGLHDAT,BAB,390,B,AB\,
ISGLNBGT,ISGLNBGT,BAB,327,B,AB\,
ISSERIAL,ISHLOTS,BAB,258,B,AB\,
ISSERIAL,ISHSERIA,BAB,258,B,AB\,
BKICMSTR,ISICADT,BAB,617,B,AB\,
ISICMSTR,ISICAMTR,BAB,948,B,AB\,
BKICPMAT,ISICAPMT,BAB,1353,B,AB\,
BKICREF,ISICAREF,BAB,420,B,AB\,
BKICMSTR,ISICESA,BAB,617,B,AB\,
BKICMSTR,ISICEST,BAB,617,B,AB\,
ISSRINFO,ISICINFO,BAB,1171,B,AB\,
ISICMSTR,ISICMSTR,BAB,948,B,AB\,
BKICMSTR,ISICSTD,BAB,617,B,AB\,
ISICUL,ISICUL,BAB,907,B,AB\,
ISIS,ISIS,BAB,56,B,AB\,
BKISTAX,ISISATAX,BAB,89,B,AB\,
ISSERCNT,ISITMCFG,BAB,160,B,AB\,
ISITP,ISITP,BAB,200,B,AB\,
ISJAVA,ISJAVA,BAB,2044,B,AB\,
ISBSF,ISJBSF,BAB,1236,B,AB\,
ISJOB,ISJOB,BAB,175,B,AB\,
ISLANDF,ISLANDF,BAB,42,B,AB\,
ISLBLMAP,ISLBLMAP,BAB,893,B,AB\,
ISLINKS,ISLINKS,BAB,1359,B,AB\,
ISLOCCST,ISLOCCST,BAB,199,B,AB\,
ISLOG,ISLOG,BAB,430,B,AB\,
ISSERIAL,ISLOTS,BAB,258,B,AB\,
ISLSMAP,ISLSMAP,BAB,449,B,AB\,
ISLTYPE,ISLTYPE,BAB,135,B,AB\,
ISMACS,ISMACS,BAB,152,B,AB\,
ISMCF,ISMCF,BAB,347,B,AB\,
ISMCR,ISMCR,BAB,117,B,AB\,
MTICMSTR,ISMICADT,BAB,1533,B,AB\,
MTICMSTR,ISMICESA,BAB,1533,B,AB\,
MTICMSTR,ISMICEST,BAB,1533,B,AB\,
MTICMSTR,ISMICSTD,BAB,1533,B,AB\,
BKMRPFC,ISMRPFC,BAB,91,B,AB\,
MTMRP,ISMRPOLD,BAB,145,B,AB\,
BKBMMSTR,ISMYBOM,BAB,215,B,AB\,
WOBOM,ISMYWOBM,BAB,496,B,AB\,
ISNCR,ISNCR,BAB,2319,B,AB\,
ISNCRLNS,ISNCRLNS,BAB,283,B,AB\,
WORECV,ISNCRTXN,BAB,131,B,AB\,
ISNOTES,ISNOTES,BAB,6256,B,AB\,
ISNTYPE,ISNTYPE,BAB,135,B,AB\,
ISNUMBER,ISNUMBER,BAB,510,B,AB\,
ISORDDSC,ISORDDSC,BAB,30,B,AB\,
ISORDECO,ISORDECO,BAB,228,B,AB\,
ISQCSPEC,ISPMINPR,BAB,1161,B,AB\,
ISQCMTHD,ISPMMTHD,BAB,3367,B,AB\,
ISQCSPEC,ISPMRSLT,BAB,1161,B,AB\,
ISQCSPEC,ISPMSPEC,BAB,1161,B,AB\,
ISSOBOX,ISPOBOX,BAB,931,B,AB\,
ISORDDSC,ISPODESC,BAB,30,B,AB\,
ISPOTRK,ISPOHTRK,BAB,201,B,AB\,
ISPOLOG,ISPOLOG,BAB,241,B,AB\,
BKCMACCL,ISPOS,BAB,15,B,AB\,
BKCMACCC,ISPOSC,BAB,30,B,AB\,
ISPOTRK,ISPOTRK,BAB,201,B,AB\,
ISPRCONS,ISPRACON,BAB,1994,B,AB\,
BKPRCURP,ISPRAHST,BAB,1122,B,AB\,
BKPRINFO,ISPRAINF,BAB,4039,B,AB\,
BKPRMSTR,ISPRAMST,BAB,3575,B,AB\,
ISPRCONS,ISPRCONS,BAB,1994,B,AB\,
ISPREQ,ISPREQ,BAB,871,B,AB\,
ISPRESN,ISPRESN,BAB,30,B,AB\,
ISPRINFO,ISPRINFO,BAB,551,B,AB\,
BKPRMSTR,ISPRMSTR,BAB,3575,B,AB\,
BKPRSALE,ISPRSALE,BAB,894,B,AB\,
ISPRTEMP,ISPRTEMP,BAB,122,B,AB\,
ISPRUDD,ISPRUDD,BAB,214,B,AB\,
ISPRUDF,ISPRUDF,BAB,284,B,AB\,
ISPRUDIV,ISPRUDIV,BAB,156,B,AB\,
BKQCMSTR,ISQCAMST,BAB,147,B,AB\,
BKQCTRAN,ISQCATRN,BAB,437,B,AB\,
ISQCMTHD,ISQCMTHD,BAB,3367,B,AB\,
ISQCSPEC,ISQCRSLT,BAB,1161,B,AB\,
ISQCSPEC,ISQCSPEC,BAB,1161,B,AB\,
ISQRYSQL,ISQRYSQL,BAB,1030,B,AB\,
ISQSOA,ISQSOA,BAB,191,B,AB\,
ISCATMST,ISQTCODE,BAB,164,B,AB\,
ISSRINFO,ISQTINFO,BAB,1171,B,AB\,
ISREMIND,ISREMIND,BAB,6950,B,AB\,
ISREPDEF,ISREPDEF,BAB,85,B,AB\,
ISREPLNK,ISREPLNK,BAB,170,B,AB\,
ISREPORD,ISREPORD,BAB,207,B,AB\,
BKAPDESC,ISRFQADS,BAB,120,B,AB\,
BKSBPART,ISRLPART,BAB,105,B,AB\,
ISRMAI,ISRMAAI,BAB,1185,B,AB\,
ISRMAC,ISRMAC,BAB,190,B,AB\,
BKAPDESC,ISRMADSC,BAB,120,B,AB\,
ISRMAI,ISRMAI,BAB,1185,B,AB\,
ISSRINFO,ISRMAINF,BAB,1171,B,AB\,
BKARINV,ISRMAINV,BAB,1551,B,AB\,
BKARINVL,ISRMAIVL,BAB,312,B,AB\,
BKARTXN,ISRMATXN,BAB,251,B,AB\,
BKARTXN,ISRMATXS,BAB,251,B,AB\,
BKAPDESC,ISRMDESC,BAB,120,B,AB\,
ISSRINFO,ISRMHINF,BAB,1171,B,AB\,
ISSRINFO,ISRMINFO,BAB,1171,B,AB\,
BKARINV,ISRMINV,BAB,1551,B,AB\,
BKARINVL,ISRMINVL,BAB,312,B,AB\,
BKARTXN,ISRMTXN,BAB,251,B,AB\,
BKARTXN,ISRMTXNS,BAB,251,B,AB\,
ISROUTEX,ISROUTEX,BAB,2339,B,AB\,
ROUTING,ISRTESA,BAB,1514,B,AB\,
ROUTING,ISRTEST,BAB,1514,B,AB\,
ISRTLOAD,ISRTLOAD,BAB,317,B,AB\,
ISRTMS,ISRTMS,BAB,2286,B,AB\,
BKSBMFG,ISSBAMFG,BAB,223,B,AB\,
BKSBPART,ISSBAPRT,BAB,105,B,AB\,
BKSBVEND,ISSBAVND,BAB,125,B,AB\,
ISSCHED,ISSCHED,BAB,3649,B,AB\,
ISSCOMP,ISSCOMP,BAB,141,B,AB\,
ISSDET,ISSDET,BAB,81,B,AB\,
BKARINV,ISSEDH,BAB,1551,B,AB\,
BKARINVL,ISSEDL,BAB,312,B,AB\,
ISSEPROC,ISSEPROC,BAB,65,B,AB\,
ISSEQUIP,ISSEQUIP,BAB,60,B,AB\,
ISSERCNT,ISSERCNT,BAB,160,B,AB\,
ISSERIAL,ISSERIAL,BAB,258,B,AB\,
ISSERR,ISSERR,BAB,3228,B,AB\,
BKARINV,ISSESH,BAB,1551,B,AB\,
BKARINVL,ISSESL,BAB,312,B,AB\,
ISSETYPE,ISSETYPE,BAB,65,B,AB\,
ISSHIPA,ISSHIPA,BAB,150,B,AB\,
ISSHIPCO,ISSHIPCO,BAB,1175,B,AB\,
ISSHPVIA,ISSHPVIA,BAB,848,B,AB\,
ISSIGN,ISSIGN,BAB,485,B,AB\,
BKMRPFC,ISSLSFC,BAB,91,B,AB\,
ISSMTCFG,ISSMTCFG,BAB,124,B,AB\,
BKARINV,ISSNINV,BAB,1551,B,AB\,
BKARINVL,ISSNINVL,BAB,312,B,AB\,
ISNOTES,ISSNOTES,BAB,6256,B,AB\,
BKARTXN,ISSNTXN,BAB,251,B,AB\,
ISARTXNB,ISSNTXNB,BAB,381,B,AB\,
BKARTXN,ISSNTXNS,BAB,251,B,AB\,
ISSOBOX,ISSOABOX,BAB,931,B,AB\,
ISSOBOX,ISSOAHBX,BAB,931,B,AB\,
ISSRINFO,ISSOAINF,BAB,1171,B,AB\,
BKARTXN,ISSOALOT,BAB,251,B,AB\,
BKARTXN,ISSOASER,BAB,251,B,AB\,
ISSOBOX,ISSOBOX,BAB,931,B,AB\,
ISDIGSIG,ISSODIGS,BAB,757,B,AB\,
ISSOBOX,ISSOHBOX,BAB,931,B,AB\,
ISSRINFO,ISSOHINF,BAB,1171,B,AB\,
ISSRINFO,ISSOINFO,BAB,1171,B,AB\,
ISSOREVU,ISSOREVU,BAB,215,B,AB\,
ISSPC,ISSPC,BAB,1415,B,AB\,
BKAPPO,ISSPOH,BAB,893,B,AB\,
BKAPPOL,ISSPOL,BAB,370,B,AB\,
BKARINV,ISSQTH,BAB,1551,B,AB\,
BKARINVL,ISSQTL,BAB,312,B,AB\,
BKAPDESC,ISSRADSC,BAB,120,B,AB\,
ISSRINFO,ISSRAINF,BAB,1171,B,AB\,
BKARINV,ISSRAINV,BAB,1551,B,AB\,
BKARINVL,ISSRAIVL,BAB,312,B,AB\,
ISSRMMS,ISSRAMMS,BAB,599,B,AB\,
BKARTXN,ISSRATXN,BAB,251,B,AB\,
BKARTXN,ISSRATXS,BAB,251,B,AB\,
BKARINV,ISSRCH,BAB,1551,B,AB\,
BKARINVL,ISSRCL,BAB,312,B,AB\,
BKAPDESC,ISSRDESC,BAB,120,B,AB\,
BKAPPO,ISSRFQH,BAB,893,B,AB\,
BKAPPOL,ISSRFQL,BAB,370,B,AB\,
ISSRINFO,ISSRHINF,BAB,1171,B,AB\,
ISSRINFO,ISSRINFO,BAB,1171,B,AB\,
BKARINV,ISSRINV,BAB,1551,B,AB\,
BKARINVL,ISSRINVL,BAB,312,B,AB\,
BKARINV,ISSRMH,BAB,1551,B,AB\,
BKARINV,ISSRMINV,BAB,1551,B,AB\,
BKARINVL,ISSRMIVL,BAB,312,B,AB\,
BKARINVL,ISSRML,BAB,312,B,AB\,
ISSRMMS,ISSRMMS,BAB,599,B,AB\,
BKARTXN,ISSRTXN,BAB,251,B,AB\,
BKARTXN,ISSRTXNS,BAB,251,B,AB\,
BKARINV,ISSSOH,BAB,1551,B,AB\,
BKARINVL,ISSSOL,BAB,312,B,AB\,
BKARINV,ISSSRH,BAB,1551,B,AB\,
BKARINVL,ISSSRL,BAB,312,B,AB\,
ISSTYPE,ISSTEQUI,BAB,125,B,AB\,
ISSTRACK,ISSTRACK,BAB,1166,B,AB\,
ISSTYPE,ISSTTYPE,BAB,125,B,AB\,
ISSTYPE,ISSTYPE,BAB,125,B,AB\,
ISTAXFIL,ISTAXFIL,BAB,563,B,AB\,
ISTAXGRP,ISTAXGRP,BAB,857,B,AB\,
ISTERMS,ISTERMS,BAB,191,B,AB\,
ISTOOLOG,ISTOOLOG,BAB,1005,B,AB\,
ISTRIGRS,ISTRIGRS,BAB,6664,B,AB\,
ISUDFINV,ISUDFINV,BAB,167,B,AB\,
ISUDMSTR,ISUDMSTR,BAB,185,B,AB\,
ISUSAGE,ISUSAGE,BAB,2103,B,AB\,
ISVAR,ISVAR,BAB,1106,B,AB\,
ISVARSQL,ISVARSQL,BAB,63,B,AB\,
ISVNDADT,ISVNDADT,BAB,699,B,AB\,
ISWOTRAY,ISWOBINS,BAB,1015,B,AB\,
ISWOCLOG,ISWOCLOG,BAB,443,B,AB\,
BKAPDESC,ISWODESC,BAB,120,B,AB\,
ISWOEX,ISWOEX,BAB,1171,B,AB\,
ISWOTRAY,ISWOHBNS,BAB,1015,B,AB\,
BKAPDESC,ISWOHDSC,BAB,120,B,AB\,
ISWOEX,ISWOHEX,BAB,1171,B,AB\,
ISWOPRIO,ISWOPRIO,BAB,139,B,AB\,
ISWOQUE,ISWOQUE,BAB,149,B,AB\,
ISWOROEX,ISWOROEX,BAB,799,B,AB\,
ISWOTRAY,ISWOTRAY,BAB,1015,B,AB\,
ISWOROEX,ISWROHEX,BAB,799,B,AB\,
JGPITEMS,JGPITEMS,BAB,3959,B,AB\,
JSPCNLCD,JSPCNLCD,BAB,165,B,AB\,
JSPCNLSO,JSPCNLSO,BAB,183,B,AB\,
LANGDICT,LANGDICT,BAB,343,B,AB\,
LOT,LOT,BAB,427,B,AB\,
MACHINE,MACHINE,BAB,651,B,AB\,
MKAHIST,MKAHIST,BAB,161,B,AB\,
MKASSIGN,MKASSIGN,BAB,36,B,AB\,
MKDEF,MKDEF,BAB,63,B,AB\,
MKECLASS,MKECLASS,BAB,54,B,AB\,
MKEVENT,MKEVENT,BAB,243,B,AB\,
MKFORM,MKFORM,BAB,105,B,AB\,
MKECLASS,MKICLASS,BAB,54,B,AB\,
MKTCLASS,MKTCLASS,BAB,54,B,AB\,
MKTNOTE,MKTNOTE,BAB,80,B,AB\,
MKTRACK,MKTRACK,BAB,62,B,AB\,
MKTROUT,MKTROUT,BAB,36,B,AB\,
MTEXCHG,MTEXCHG,BAB,127,B,AB\,
MTICMSTR,MTICAMTR,BAB,1533,B,AB\,
MTICMSTR,MTICEMTR,BAB,1533,B,AB\,
MTICMSTR,MTICMSTR,BAB,1533,B,AB\,
MTICMSTR,MTINVDEF,BAB,1533,B,AB\,
MTMRP,MTMRP,BAB,145,B,AB\,
MWOPTEMP,MWOPTEMP,BAB,163,B,AB\,
BKAPDESC,NOTETEMP,BAB,120,B,AB\,
NZITPRE,NZITPRE,BAB,828,B,AB\,
OPQCDESC,OPQCDESC,BAB,161,B,AB\,
OUTPROC,OUTHPROC,BAB,229,B,AB\,
OUTPROC,OUTPROC,BAB,229,B,AB\,
PIBINLOC,PIBINLOC,BAB,212,B,AB\,
PIBINLOT,PIBINLOT,BAB,166,B,AB\,
QCCODES,QCCODES,BAB,32,B,AB\,
ROCHG,ROCHG,BAB,342,B,AB\,
ROUTING,ROUTAING,BAB,1514,B,AB\,
ROUTING,ROUTING,BAB,1514,B,AB\,
ROUTING,ROUTTEMP,BAB,1514,B,AB\,
SCHEDCAL,SCHEDCAL,BAB,29,B,AB\,
SCHWO,SCHWO,BAB,68,B,AB\,
SCRAP,SCRAP,BAB,272,B,AB\,
SERIAL,SERIAL,BAB,417,B,AB\,
SERIAL,SERIALH,BAB,417,B,AB\,
SUMCUST,SUMCUST,BAB,30,B,AB\,
SUMINV,SUMINV,BAB,149,B,AB\,
SUMPNCUS,SUMPNCUS,BAB,45,B,AB\,
SUMWC,SUMWC,BAB,48,B,AB\,
BKCMACTD,TEMPOLD,BAB,116,B,AB\,
TESTARRA,TESTARRA,BAB,110,B,AB\,
TESTFILE,TESTFILE,BAB,247,B,AB\,
TOOL,TOOL,BAB,1134,B,AB\,
CLASMSTR,VENDCLAS,BAB,34,B,AB\,
WCCTL,WCCTL,BAB,37,B,AB\,
WCTRLOAD,WCTRLOAD,BAB,152,B,AB\,
WCTRLOAD,WCTRSLOD,BAB,152,B,AB\,
WOBOM,WOBOM,BAB,496,B,AB\,
WOBOMCHG,WOBOMCHG,BAB,353,B,AB\,
WOBOMREM,WOBOMHRM,BAB,1320,B,AB\,
WOBOMREM,WOBOMREM,BAB,1320,B,AB\,
WODATE,WODATE,BAB,157,B,AB\,
WOLABOR,WOELABOR,BAB,799,B,AB\,
WOMAT,WOEMAT,BAB,466,B,AB\,
WORECV,WOERECV,BAB,131,B,AB\,
WOEXCHG,WOEXCHG,BAB,113,B,AB\,
WOBOM,WOHBOM,BAB,496,B,AB\,
WODATE,WOHDATE,BAB,157,B,AB\,
WOEXCHG,WOHEXCHG,BAB,113,B,AB\,
WOLABOR,WOHLABOR,BAB,799,B,AB\,
WOMAT,WOHMAT,BAB,466,B,AB\,
WORECV,WOHRECV,BAB,131,B,AB\,
WOROUT,WOHROUT,BAB,1590,B,AB\,
WOLABOR,WOLABOR,BAB,799,B,AB\,
WOLABOR,WOLABRPT,BAB,799,B,AB\,
WOMAT,WOMAT,BAB,466,B,AB\,
WORECV,WORECV,BAB,131,B,AB\,
WORKCHG,WORKACHG,BAB,458,B,AB\,
WORKCHG,WORKCHG,BAB,458,B,AB\,
WORKCTR,WORKCTR,BAB,468,B,AB\,
WORKORD,WORKHORD,BAB,1173,B,AB\,
WORKORD,WORKORD,BAB,1173,B,AB\,
WORKORD,WORKSORD,BAB,1173,B,AB\,
WOROCHG,WOROCHG,BAB,352,B,AB\,
WOROUT,WOROUT,BAB,1590,B,AB\,
WOROUT,WOROUTMP,BAB,1590,B,AB\,
WOBOM,WOSBOM,BAB,496,B,AB\,
WOROUT,WOSROUT,BAB,1590,B,AB\,
BKICMSTR,XXICMSTR,BAB,617,B,AB\,
AHSYLOG,AHSYLOG,BAT,27,B,AT\,
BKART,ARTTEMP,BAT,70,B,AT\,
BKABCUST,BKABCUST,BAT,13,B,AT\,
BKABVEND,BKABVEND,BAT,33,B,AT\,
BKACTRPT,BKACTRPT,BAT,534,B,AT\,
BKCMACCN,BKAPACCN,BAT,4251,B,AT\,
BKAPDESC,BKAPADSC,BAT,120,B,AT\,
BKAPPO,BKAPAPO,BAT,893,B,AT\,
BKAPPOL,BKAPAPOL,BAT,370,B,AT\,
BKAPCHKF,BKAPCHKF,BAT,91,B,AT\,
BKAPCHKF,BKAPCHKH,BAT,91,B,AT\,
BKARDEP,BKAPDEP,BAT,81,B,AT\,
BKAPDESC,BKAPDESC,BAT,120,B,AT\,
BKAPINVT,BKAPEIVT,BAT,175,B,AT\,
BKAPVEND,BKAPEVND,BAT,2230,B,AT\,
BKAPDESC,BKAPHDSC,BAT,120,B,AT\,
BKAPPO,BKAPHPO,BAT,893,B,AT\,
BKAPPOL,BKAPHPOL,BAT,370,B,AT\,
BKAPINVL,BKAPINVL,BAT,3756,B,AT\,
BKAPINVT,BKAPINVT,BAT,175,B,AT\,
BKAPNOTE,BKAPNOTE,BAT,642,B,AT\,
BKAPPO,BKAPPO,BAT,893,B,AT\,
BKAPPOL,BKAPPOL,BAT,370,B,AT\,
BKRFQ,BKAPQUOT,BAT,466,B,AT\,
BKAPPO,BKAPRFQ,BAT,893,B,AT\,
BKAPPOL,BKAPRFQL,BAT,370,B,AT\,
BKAPINVL,BKAPRIVL,BAT,3756,B,AT\,
BKAPVEND,BKAPVEND,BAT,2230,B,AT\,
BKAPVND2,BKAPVND2,BAT,1831,B,AT\,
BKAPCHKF,BKARCHKF,BAT,91,B,AT\,
BKAPCHKF,BKARCHKH,BAT,91,B,AT\,
BKARCUST,BKARCUST,BAT,2498,B,AT\,
BKARDEP,BKARDEP,BAT,81,B,AT\,
BKAPDESC,BKARDESC,BAT,120,B,AT\,
BKAPDESC,BKARDPST,BAT,120,B,AT\,
BKARCUST,BKARECST,BAT,2498,B,AT\,
BKARINVT,BKAREIVT,BAT,189,B,AT\,
BKAPDESC,BKARHDSC,BAT,120,B,AT\,
BKARINV,BKARHINV,BAT,1551,B,AT\,
BKARINVL,BKARHIVL,BAT,312,B,AT\,
BKARHTAX,BKARHTAX,BAT,42,B,AT\,
BKARINV,BKARINV,BAT,1551,B,AT\,
BKARINVI,BKARINVI,BAT,124,B,AT\,
BKARINVL,BKARINVL,BAT,312,B,AT\,
BKARINVT,BKARINVT,BAT,189,B,AT\,
BKARINVV,BKARINVV,BAT,673,B,AT\,
BKAPDESC,BKARRDSC,BAT,120,B,AT\,
BKARINV,BKARRINV,BAT,1551,B,AT\,
BKARINVL,BKARRIVL,BAT,312,B,AT\,
BKARCUST,BKARSHIP,BAT,2498,B,AT\,
BKARINVL,BKARSIVL,BAT,312,B,AT\,
BKART,BKART,BAT,70,B,AT\,
BKARTNOT,BKARTNOT,BAT,40,B,AT\,
BKARTXN,BKARTXN,BAT,251,B,AT\,
BKARTXN,BKARTXNB,BAT,251,B,AT\,
BKARTXN,BKARTXNS,BAT,251,B,AT\,
BKBMMSTR,BKBMAMTR,BAT,215,B,AT\,
BKBMMSTR,BKBMARC,BAT,215,B,AT\,
BKBMMSTR,BKBMAVAL,BAT,215,B,AT\,
BKBMCNFG,BKBMCNFG,BAT,26,B,AT\,
BKBMDIM,BKBMDIM,BAT,134,B,AT\,
BKBMMSTR,BKBMEMTR,BAT,215,B,AT\,
BKBMREMK,BKBMERMK,BAT,1062,B,AT\,
BKBMMSTR,BKBMMSTR,BAT,215,B,AT\,
BKBMNOTE,BKBMNOTE,BAT,975,B,AT\,
BKBMREMK,BKBMREMK,BAT,1062,B,AT\,
BKBMMSTR,BKBMSUMM,BAT,215,B,AT\,
BKCMACCC,BKCMACCC,BAT,30,B,AT\,
BKCMACCL,BKCMACCL,BAT,15,B,AT\,
BKCMACCN,BKCMACCN,BAT,4251,B,AT\,
BKCMACCT,BKCMACCT,BAT,1014,B,AT\,
BKCMACFC,BKCMACFC,BAT,33,B,AT\,
BKCMACTD,BKCMACTD,BAT,116,B,AT\,
BKCMACTF,BKCMACTF,BAT,331,B,AT\,
BKCMACTH,BKCMACTH,BAT,201,B,AT\,
BKCMCNTD,BKCMCNTD,BAT,252,B,AT\,
BKCMCTRL,BKCMCTL1,BAT,10,B,AT\,
BKCMCTRL,BKCMCTL2,BAT,10,B,AT\,
BKCMCTRL,BKCMCTL3,BAT,10,B,AT\,
BKCMCTRL,BKCMCTL4,BAT,10,B,AT\,
BKCMCTRL,BKCMCTRL,BAT,10,B,AT\,
BKARCUST,BKCMCUST,BAT,2498,B,AT\,
BKCMACCT,BKCMDE,BAT,1014,B,AT\,
BKCMDTCD,BKCMDTCD,BAT,27,B,AT\,
BKCMDUN,BKCMDUN,BAT,482,B,AT\,
BKCMDUNH,BKCMDUNH,BAT,47,B,AT\,
BKCMACCL,BKCMEACC,BAT,15,B,AT\,
BKCMACTD,BKCMEACD,BAT,116,B,AT\,
BKCMACTF,BKCMEACF,BAT,331,B,AT\,
BKCMACTH,BKCMEACH,BAT,201,B,AT\,
BKCMACCT,BKCMEACT,BAT,1014,B,AT\,
BKCMFTME,BKCMEFTM,BAT,53,B,AT\,
BKCMFORM,BKCMFORM,BAT,132,B,AT\,
BKCMFTME,BKCMFTME,BAT,53,B,AT\,
BKCMHCD2,BKCMHCD2,BAT,50,B,AT\,
BKCMHCOD,BKCMHCOD,BAT,85,B,AT\,
BKCMLEAD,BKCMLEAD,BAT,30,B,AT\,
BKCMMHST,BKCMMHST,BAT,384,B,AT\,
BKCMPCFC,BKCMPCFC,BAT,33,B,AT\,
BKCMPCNT,BKCMPCNT,BAT,733,B,AT\,
BKCMPCTF,BKCMPCTF,BAT,322,B,AT\,
BKCMPCTH,BKCMPCTH,BAT,134,B,AT\,
BKCMREP,BKCMREP,BAT,128,B,AT\,
BKCMSBDF,BKCMSBDF,BAT,21,B,AT\,
BKCMTEMP,BKCMTEMP,BAT,46,B,AT\,
BKCMTERR,BKCMTERR,BAT,296,B,AT\,
BKCMTEMP,BKCMTMP1,BAT,46,B,AT\,
BKCMTEMP,BKCMTMP2,BAT,46,B,AT\,
BKCMTEMP,BKCMTMP3,BAT,46,B,AT\,
BKCMTEMP,BKCMTMP4,BAT,46,B,AT\,
BKCMVNDF,BKCMVNDF,BAT,330,B,AT\,
BKCMVNDH,BKCMVNDH,BAT,134,B,AT\,
BKCMVNFC,BKCMVNFC,BAT,33,B,AT\,
BKCPEC,BKCPEC,BAT,84,B,AT\,
BKCPMSTR,BKCPMSTR,BAT,280,B,AT\,
BKDCCFG,BKDCCFG,BAT,200,B,AT\,
BKDCLAB,BKDCCLAB,BAT,877,B,AT\,
BKDCLAB,BKDCHLAB,BAT,877,B,AT\,
BKDCLAB,BKDCLAB,BAT,877,B,AT\,
BKDCLAB,BKDCPLAB,BAT,877,B,AT\,
BKDCSHFT,BKDCSHFT,BAT,245,B,AT\,
BKDCLAB,BKDCTLAB,BAT,877,B,AT\,
BKEDIDUN,BKEDIDUN,BAT,33,B,AT\,
BKARINV,BKEDIH,BAT,1551,B,AT\,
BKARINVL,BKEDIL,BAT,312,B,AT\,
BKEDMSTR,BKEDMSTR,BAT,89,B,AT\,
BKEDNOTE,BKEDNOTE,BAT,96,B,AT\,
BKEDPOST,BKEDPOST,BAT,18,B,AT\,
BKESTCFG,BKESTCFG,BAT,315,B,AT\,
BKARINV,BKESTQT,BAT,1551,B,AT\,
BKARINVL,BKESTQTL,BAT,312,B,AT\,
BKFLDHLP,BKFLDHLP,BAT,79,B,AT\,
BKFOCFG,BKFOCFG,BAT,71,B,AT\,
BKGLCHK,BKGLACHK,BAT,173,B,AT\,
BKGLGJLN,BKGLAGJL,BAT,123,B,AT\,
BKGLGJRN,BKGLAGJR,BAT,104,B,AT\,
BKGLTRAN,BKGLATRN,BAT,137,B,AT\,
BKGLCCOA,BKGLCCOA,BAT,490,B,AT\,
BKGLCHK,BKGLCHK,BAT,173,B,AT\,
BKGLCOA,BKGLCOA,BAT,556,B,AT\,
BKAPDESC,BKGLDESC,BAT,120,B,AT\,
BKGLCOA,BKGLECOA,BAT,556,B,AT\,
BKGLTRAN,BKGLETRN,BAT,137,B,AT\,
BKGLCOA,BKGLFCOA,BAT,556,B,AT\,
BKGLFSTL,BKGLFSTL,BAT,68,B,AT\,
BKGLGJLN,BKGLGJLN,BAT,123,B,AT\,
BKGLGJRN,BKGLGJRN,BAT,104,B,AT\,
BKGLTRAN,BKGLHIST,BAT,137,B,AT\,
BKGLCHK,BKGLICC,BAT,173,B,AT\,
BKGLGJLN,BKGLRGJL,BAT,123,B,AT\,
BKGLGJRN,BKGLRGJR,BAT,104,B,AT\,
BKGLSTMT,BKGLSTMT,BAT,1670,B,AT\,
BKGLTRAN,BKGLTEMP,BAT,137,B,AT\,
BKGLGJLN,BKGLTGJL,BAT,123,B,AT\,
BKGLGJRN,BKGLTGJR,BAT,104,B,AT\,
BKGLTRAN,BKGLTMP,BAT,137,B,AT\,
BKGLTRAN,BKGLTMP2,BAT,137,B,AT\,
BKGLTRAN,BKGLTMP3,BAT,137,B,AT\,
BKGLTRAN,BKGLTRAN,BAT,137,B,AT\,
BKGLX,BKGLX,BAT,139,B,AT\,
BKGLX,BKGLXH,BAT,139,B,AT\,
BKICALTD,BKICALTD,BAT,436,B,AT\,
BKICALTP,BKICALTP,BAT,131,B,AT\,
BKICMSTR,BKICAMTR,BAT,617,B,AT\,
BKICPMAT,BKICAPMA,BAT,1353,B,AT\,
BKICDIM,BKICDIM,BAT,867,B,AT\,
BKICLOC,BKICELOC,BAT,350,B,AT\,
BKICMSTR,BKICEMTR,BAT,617,B,AT\,
BKICLOC,BKICLOC,BAT,350,B,AT\,
BKICLOCM,BKICLOCM,BAT,325,B,AT\,
BKICMFG,BKICMFG,BAT,155,B,AT\,
BKICMSTR,BKICMSTR,BAT,617,B,AT\,
BKICPMAT,BKICPMAT,BAT,1353,B,AT\,
BKICREF,BKICREF,BAT,420,B,AT\,
BKICTAX,BKICTAX,BAT,373,B,AT\,
BKICVAL,BKICVAL,BAT,35,B,AT\,
BKISTAX,BKISHTAX,BAT,89,B,AT\,
BKISTAX,BKISTAX,BAT,89,B,AT\,
BKLOGON,BKLOGON,BAT,46,B,AT\,
BKMATCST,BKMATCST,BAT,245,B,AT\,
BKMATRIM,BKMATRIM,BAT,20,B,AT\,
BKMRPFC,BKMRPFC,BAT,91,B,AT\,
BKMRPPO,BKMRPPO,BAT,166,B,AT\,
BKMRPSW,BKMRPSW,BAT,16,B,AT\,
BKPCKIT,BKPCKIT,BAT,68,B,AT\,
BKPCPLOT,BKPCPLOT,BAT,98,B,AT\,
BKPIFROZ,BKPIFROZ,BAT,109,B,AT\,
BKPILOT,BKPILCNT,BAT,86,B,AT\,
BKPILOT,BKPILOT,BAT,86,B,AT\,
BKPIMSTR,BKPIMSTR,BAT,36,B,AT\,
BKPIPHYS,BKPIPHYS,BAT,152,B,AT\,
BKPISER,BKPISCNT,BAT,103,B,AT\,
BKPISER,BKPISER,BAT,103,B,AT\,
BKPOX,BKPOX,BAT,203,B,AT\,
BKPOX,BKPOXH,BAT,203,B,AT\,
BKPRCOMM,BKPRACOM,BAT,104,B,AT\,
BKPRAGNT,BKPRAGNT,BAT,26,B,AT\,
BKPRSALE,BKPRBOOK,BAT,894,B,AT\,
BKPRCOMM,BKPRCOMM,BAT,104,B,AT\,
BKPRCURP,BKPRCURP,BAT,1122,B,AT\,
BKPRFTAX,BKPRFTAX,BAT,671,B,AT\,
BKPRGLFL,BKPRGLFL,BAT,3908,B,AT\,
BKPRCOMM,BKPRHCOM,BAT,104,B,AT\,
BKPRCURP,BKPRHIST,BAT,1122,B,AT\,
BKPRINFO,BKPRINFO,BAT,4039,B,AT\,
BKPRMSTR,BKPRMSTR,BAT,3575,B,AT\,
BKPRSALE,BKPRSALE,BAT,894,B,AT\,
BKPRSTFL,BKPRSTFL,BAT,12,B,AT\,
BKPRTC,BKPRTC,BAT,44,B,AT\,
BKPRTCFG,BKPRTCFG,BAT,2039,B,AT\,
BKPRMSTR,BKPRW2,BAT,3575,B,AT\,
BKQCMSTR,BKQCMSTR,BAT,147,B,AT\,
BKQCTRAN,BKQCTRAN,BAT,437,B,AT\,
BKAPDESC,BKQTNOTE,BAT,120,B,AT\,
BKAPDESC,BKQTTEMP,BAT,120,B,AT\,
BKRFQ,BKRFQ,BAT,466,B,AT\,
BKAPDESC,BKRFQDES,BAT,120,B,AT\,
BKRTCST,BKRTCST,BAT,149,B,AT\,
ROUTING,BKRTEMTR,BAT,1514,B,AT\,
BKRTSPEC,BKRTSPEC,BAT,99,B,AT\,
BKRTTEMP,BKRTTEMP,BAT,97,B,AT\,
BKSAREPT,BKSAREPT,BAT,559,B,AT\,
BKSBMFG,BKSBMFG,BAT,223,B,AT\,
BKSBPART,BKSBPART,BAT,105,B,AT\,
BKSBVEND,BKSBVEND,BAT,125,B,AT\,
BKSHORT,BKSHORT,BAT,110,B,AT\,
BKARTXN,BKSOHLOT,BAT,251,B,AT\,
BKARTXN,BKSOHSER,BAT,251,B,AT\,
BKSOLOCK,BKSOLOCK,BAT,68,B,AT\,
BKAPDESC,BKSONOTE,BAT,120,B,AT\,
BKMRPPO,BKSOPO,BAT,166,B,AT\,
BKSOX,BKSOX,BAT,269,B,AT\,
BKSOX,BKSOXH,BAT,269,B,AT\,
BKSYAP,BKSYAP,BAT,50,B,AT\,
BKSYAR,BKSYAR,BAT,16,B,AT\,
BKSYCFG,BKSYCFG,BAT,4,B,AT\,
BKSYHELP,BKSYHELP,BAT,70,B,AT\,
BKSYLOG,BKSYLOG,BAT,259,B,AT\,
BKSYMSTR,BKSYMSTR,BAT,2331,B,AT\,
BKSYPRTR,BKSYPRTR,BAT,64,B,AT\,Available printers
BKUMSRTY,BKUMSRTY,BAT,25,B,AT\,
BKMRPPO,BKWOPO,BAT,166,B,AT\,
BKYSMSTR,BKYSMSTR,BAT,1045,B,AT\,
BOMCHG,BOMCHG,BAT,343,B,AT\,
BUCKETS,BUCKETS,BAT,89,B,AT\,
CALENDAR,CALENDAR,BAT,33,B,AT\,
CALTEMP,CALTEMP,BAT,12,B,AT\,
CCEDIXRF,CCEDIXRF,BAT,70,B,AT\,
CLASMSTR,CLASMSTR,BAT,34,B,AT\,
CLASS,CLASS,BAT,234,B,AT\,
CLASMSTR,CUSTCLAS,BAT,34,B,AT\,
DBACNAME,DBACNAME,BAT,67,B,AT\,
DBAFIFO,DBAFIFO,BAT,43,B,AT\,
BKICPMAT,DISCOUNT,BAT,1353,B,AT\,
DPTMENT,DPTMENT,BAT,34,B,AT\,
EIMCOLST,EIMCOLST,BAT,462,B,AT\,
BKGLCOA,EMERSNGL,BAT,556,B,AT\,
ESTCHGS,ESTCHGS,BAT,46,B,AT\,
ESTMAT,ESTMAT,BAT,271,B,AT\,
ESTROUT,ESTROUT,BAT,1219,B,AT\,
ESTSUM,ESTSUM,BAT,2465,B,AT\,
HELPURL,HELPURL,BAT,366,B,AT\,
INVTXN,INVATXN,BAT,543,B,AT\,
INVTXN,INVETXN,BAT,543,B,AT\,
INVTXN,INVTXN,BAT,543,B,AT\,
IS2DBAR,IS2DBAR,BAT,329,B,AT\,
ISNCR,ISACAR,BAT,2319,B,AT\,
ISCARFUP,ISACARFU,BAT,156,B,AT\,
ISACCESS,ISACCESS,BAT,275,B,AT\,
ISACTION,ISACTION,BAT,130,B,AT\,
ISCYCLE,ISACYCLE,BAT,614,B,AT\,
ISCYLOC,ISACYLOC,BAT,137,B,AT\,
ISLINKS,ISALINKS,BAT,1359,B,AT\,
LOT,ISALOT,BAT,427,B,AT\,
BKSBPART,ISALPART,BAT,105,B,AT\,
BKMRPFC,ISAMRPF,BAT,91,B,AT\,
ISNCR,ISANCR,BAT,2319,B,AT\,
ISNOTES,ISANOTES,BAT,6256,B,AT\,
BKAPCHKF,ISAPACHK,BAT,91,B,AT\,
BKAPINVL,ISAPAINL,BAT,3756,B,AT\,
BKAPINVT,ISAPAINT,BAT,175,B,AT\,
BKAPPOL,ISAPARFL,BAT,370,B,AT\,
BKAPPO,ISAPARFQ,BAT,893,B,AT\,
BKAPVEND,ISAPAVND,BAT,2230,B,AT\,
ISAPCHG,ISAPCHG,BAT,506,B,AT\,
ISAPEX,ISAPEX,BAT,995,B,AT\,
ISAPCHG,ISAPHCHG,BAT,506,B,AT\,
BKRFQ,ISAPHQT,BAT,466,B,AT\,
BKAPPO,ISAPOPO,BAT,893,B,AT\,
BKAPPOL,ISAPOPOL,BAT,370,B,AT\,
ISAPPROJ,ISAPPROJ,BAT,205,B,AT\,
ISAPQPO,ISAPQPO,BAT,1857,B,AT\,
BKRFQ,ISAPQTQT,BAT,466,B,AT\,
ISARCHG,ISARACHG,BAT,488,B,AT\,
BKAPCHKF,ISARACHK,BAT,91,B,AT\,
BKARCUST,ISARACST,BAT,2498,B,AT\,
BKAPDESC,ISARADSC,BAT,120,B,AT\,
BKAPDESC,ISARAHDS,BAT,120,B,AT\,
BKARINVL,ISARAHIL,BAT,312,B,AT\,
BKARINV,ISARAHIN,BAT,1551,B,AT\,
BKARHTAX,ISARAHTX,BAT,42,B,AT\,
BKARINVT,ISARAINT,BAT,189,B,AT\,
BKARINV,ISARAINV,BAT,1551,B,AT\,
BKARINVI,ISARAIVI,BAT,124,B,AT\,
BKARINVL,ISARAIVL,BAT,312,B,AT\,
BKARINVV,ISARAIVV,BAT,673,B,AT\,
BKART,ISARAT,BAT,70,B,AT\,
BKARTNOT,ISARATNT,BAT,40,B,AT\,
BKARTXN,ISARATXN,BAT,251,B,AT\,
BKARTXN,ISARATXS,BAT,251,B,AT\,
ISARCHG,ISARCHG,BAT,488,B,AT\,
ISARDEPL,ISARDEPL,BAT,285,B,AT\,
ISARCHG,ISARECHG,BAT,488,B,AT\,
ISREMIND,ISAREMND,BAT,6950,B,AT\,
ISAREX,ISAREX,BAT,1313,B,AT\,
BKRFQ,ISARFQ,BAT,466,B,AT\,
ISARCHG,ISARHCHG,BAT,488,B,AT\,
ISARJDLP,ISARHJDL,BAT,1861,B,AT\,
ISARCHG,ISARICHG,BAT,488,B,AT\,
ISARINVX,ISARINVX,BAT,216,B,AT\,
ISARJDLP,ISARJDLP,BAT,1861,B,AT\,
ISARCHG,ISARMCHG,BAT,488,B,AT\,
ISARCHG,ISARQCHG,BAT,488,B,AT\,
ISARCHG,ISARRCHG,BAT,488,B,AT\,
ISARCHG,ISARSCGH,BAT,488,B,AT\,
ISARTXNB,ISARTXNB,BAT,381,B,AT\,
ISSIGN,ISASIGN,BAT,485,B,AT\,
ISAUTODC,ISAUTODC,BAT,205,B,AT\,
ISBANKS,ISBANKS,BAT,478,B,AT\,
ISBILLSH,ISBILLSH,BAT,121,B,AT\,
ISBINLOC,ISBINLOC,BAT,162,B,AT\,
ISBINLOT,ISBINLOT,BAT,199,B,AT\,
BKBMMSTR,ISBMESA,BAT,215,B,AT\,
BKBMMSTR,ISBMEST,BAT,215,B,AT\,
BKBMMSTR,ISBMTMP,BAT,215,B,AT\,
ISBNMSTR,ISBNMSTR,BAT,185,B,AT\,
ISSOBOX,ISBOLMS,BAT,931,B,AT\,
BKCMACCC,ISBRANDC,BAT,30,B,AT\,
BKCMACCL,ISBRANDS,BAT,15,B,AT\,
ISBROKER,ISBROKER,BAT,27,B,AT\,
ISBSF,ISBSF,BAT,1236,B,AT\,
ISSRINFO,ISBTCSB,BAT,1171,B,AT\,
INVTXN,ISBTXFER,BAT,543,B,AT\,
ISBUILD,ISBUILD,BAT,338,B,AT\,
ISCACT,ISCACT,BAT,5941,B,AT\,
ISNCR,ISCAR,BAT,2319,B,AT\,
ISCARDTE,ISCARDTE,BAT,1707,B,AT\,
ISCARFUP,ISCARFUP,BAT,156,B,AT\,
ISCATMST,ISCATMST,BAT,164,B,AT\,
ISCC,ISCC,BAT,305,B,AT\,
ISCCBTXN,ISCCBTXN,BAT,205,B,AT\,
ISCCICM,ISCCICM,BAT,2286,B,AT\,
ISCCMTF,ISCCMTF,BAT,75,B,AT\,
ISCHAINM,ISCHAIN,BAT,394,B,AT\,
ISCHAINM,ISCHAINM,BAT,394,B,AT\,
ISCCMTF,ISCMGRP,BAT,75,B,AT\,
ISCNTRY,ISCNTRY,BAT,108,B,AT\,
ISCONVRT,ISCONVRT,BAT,253,B,AT\,
ISCRISLS,ISCRISLS,BAT,225,B,AT\,
ISCSERIA,ISCSERIA,BAT,129,B,AT\,
ISCTEAM,ISCTEAM,BAT,90,B,AT\,
ISCTREVU,ISCTREVU,BAT,187,B,AT\,
ISCYCLCD,ISCYCLCD,BAT,113,B,AT\,
ISCYCLE,ISCYCLE,BAT,614,B,AT\,
ISCYLOC,ISCYLOC,BAT,137,B,AT\,
ISDCSER,ISDCSER,BAT,253,B,AT\,
ISDEFECT,ISDEFECT,BAT,120,B,AT\,
ISDEPT,ISDEPT,BAT,150,B,AT\,
ISDIGSIG,ISDIGSIG,BAT,757,B,AT\,
ISDIV,ISDIV,BAT,150,B,AT\,
ISDLCK1,ISDLCK1,BAT,10,B,AT\,
ISDLCK1,ISDLCK2,BAT,10,B,AT\,
ISDRILL,ISDRILL,BAT,3416,B,AT\,
ISDRILLM,ISDRILLM,BAT,400,B,AT\,
ISDROP,ISDROP,BAT,120,B,AT\,
ISDUTY,ISDUTY,BAT,14,B,AT\,
ISEAB,ISEAB,BAT,195,B,AT\,
BKARINV,ISECIH,BAT,1551,B,AT\,
BKARINVL,ISECIL,BAT,312,B,AT\,
ISSRINFO,ISECINFO,BAT,1171,B,AT\,
ISECO,ISECO,BAT,170,B,AT\,
ISSRINFO,ISEDINFO,BAT,1171,B,AT\,
ISESTDTL,ISESADTL,BAT,1823,B,AT\,
BKARINV,ISESAHDR,BAT,1551,B,AT\,
BKARINVL,ISESALNE,BAT,312,B,AT\,
ISSCHED,ISESCHED,BAT,3649,B,AT\,
ISSRINFO,ISESINFO,BAT,1171,B,AT\,
BKARINVL,ISESTAQL,BAT,312,B,AT\,
BKARINV,ISESTAQT,BAT,1551,B,AT\,
ESTSUM,ISESTASM,BAT,2465,B,AT\,
ISESTDTL,ISESTDTL,BAT,1823,B,AT\,
BKARINV,ISESTHDR,BAT,1551,B,AT\,
BKARINVL,ISESTLNE,BAT,312,B,AT\,
BKMRPPO,ISESTPO,BAT,166,B,AT\,
ISEXUSER,ISEXUSER,BAT,944,B,AT\,
ISFIELDS,ISFIELDS,BAT,118,B,AT\,
ISFOBMRM,ISFOBMRM,BAT,1132,B,AT\,
ISFOHEAD,ISFOHEAD,BAT,320,B,AT\,
ISFOHIST,ISFOHIST,BAT,290,B,AT\,
ISFOLINE,ISFOLINE,BAT,413,B,AT\,
ISFOORDL,ISFOORDL,BAT,274,B,AT\,
ISFSCLAS,ISFSCLAS,BAT,104,B,AT\,
ISFSCLAS,ISFSEMP,BAT,104,B,AT\,
ISFSINFO,ISFSINFO,BAT,195,B,AT\,
CLASMSTR,ISFSMARK,BAT,34,B,AT\,
ISFSPROJ,ISFSPROJ,BAT,152,B,AT\,
ISFSPS,ISFSPS,BAT,397,B,AT\,
ISFSWHO,ISFSWHO,BAT,84,B,AT\,
ISFUTYPE,ISFUTYPE,BAT,120,B,AT\,
ISFXASST,ISFXASST,BAT,634,B,AT\,
ISFXATRN,ISFXATRN,BAT,190,B,AT\,
ISGLCOA,ISGLBDGT,BAT,622,B,AT\,
ISGLCOA,ISGLCOA,BAT,622,B,AT\,
ISGLDATE,ISGLDATE,BAT,390,B,AT\,
ISGLCOA,ISGLFCOA,BAT,622,B,AT\,
ISGLDATE,ISGLHDAT,BAT,390,B,AT\,
ISGLNBGT,ISGLNBGT,BAT,327,B,AT\,
ISSERIAL,ISHLOTS,BAT,258,B,AT\,
ISSERIAL,ISHSERIA,BAT,258,B,AT\,
BKICMSTR,ISICADT,BAT,617,B,AT\,
ISICMSTR,ISICAMTR,BAT,948,B,AT\,
BKICPMAT,ISICAPMT,BAT,1353,B,AT\,
BKICREF,ISICAREF,BAT,420,B,AT\,
BKICMSTR,ISICESA,BAT,617,B,AT\,
BKICMSTR,ISICEST,BAT,617,B,AT\,
ISSRINFO,ISICINFO,BAT,1171,B,AT\,
ISICMSTR,ISICMSTR,BAT,948,B,AT\,
BKICMSTR,ISICSTD,BAT,617,B,AT\,
ISICUL,ISICUL,BAT,907,B,AT\,
ISIS,ISIS,BAT,56,B,AT\,
BKISTAX,ISISATAX,BAT,89,B,AT\,
ISSERCNT,ISITMCFG,BAT,160,B,AT\,
ISITP,ISITP,BAT,200,B,AT\,
ISJAVA,ISJAVA,BAT,2044,B,AT\,
ISBSF,ISJBSF,BAT,1236,B,AT\,
ISJOB,ISJOB,BAT,175,B,AT\,
ISLANDF,ISLANDF,BAT,42,B,AT\,
ISLBLMAP,ISLBLMAP,BAT,893,B,AT\,
ISLINKS,ISLINKS,BAT,1359,B,AT\,
ISLOCCST,ISLOCCST,BAT,199,B,AT\,
ISLOG,ISLOG,BAT,430,B,AT\,
ISSERIAL,ISLOTS,BAT,258,B,AT\,
ISLSMAP,ISLSMAP,BAT,449,B,AT\,
ISLTYPE,ISLTYPE,BAT,135,B,AT\,
ISMACS,ISMACS,BAT,152,B,AT\,
ISMCF,ISMCF,BAT,347,B,AT\,
ISMCR,ISMCR,BAT,117,B,AT\,
MTICMSTR,ISMICADT,BAT,1533,B,AT\,
MTICMSTR,ISMICESA,BAT,1533,B,AT\,
MTICMSTR,ISMICEST,BAT,1533,B,AT\,
MTICMSTR,ISMICSTD,BAT,1533,B,AT\,
BKMRPFC,ISMRPFC,BAT,91,B,AT\,
MTMRP,ISMRPOLD,BAT,145,B,AT\,
BKBMMSTR,ISMYBOM,BAT,215,B,AT\,
WOBOM,ISMYWOBM,BAT,496,B,AT\,
ISNCR,ISNCR,BAT,2319,B,AT\,
ISNCRLNS,ISNCRLNS,BAT,283,B,AT\,
WORECV,ISNCRTXN,BAT,131,B,AT\,
ISNOTES,ISNOTES,BAT,6256,B,AT\,
ISNTYPE,ISNTYPE,BAT,135,B,AT\,
ISNUMBER,ISNUMBER,BAT,510,B,AT\,
ISORDDSC,ISORDDSC,BAT,30,B,AT\,
ISORDECO,ISORDECO,BAT,228,B,AT\,
ISQCSPEC,ISPMINPR,BAT,1161,B,AT\,
ISQCMTHD,ISPMMTHD,BAT,3367,B,AT\,
ISQCSPEC,ISPMRSLT,BAT,1161,B,AT\,
ISQCSPEC,ISPMSPEC,BAT,1161,B,AT\,
ISSOBOX,ISPOBOX,BAT,931,B,AT\,
ISORDDSC,ISPODESC,BAT,30,B,AT\,
ISPOTRK,ISPOHTRK,BAT,201,B,AT\,
ISPOLOG,ISPOLOG,BAT,241,B,AT\,
BKCMACCL,ISPOS,BAT,15,B,AT\,
BKCMACCC,ISPOSC,BAT,30,B,AT\,
ISPOTRK,ISPOTRK,BAT,201,B,AT\,
ISPRCONS,ISPRACON,BAT,1994,B,AT\,
BKPRCURP,ISPRAHST,BAT,1122,B,AT\,
BKPRINFO,ISPRAINF,BAT,4039,B,AT\,
BKPRMSTR,ISPRAMST,BAT,3575,B,AT\,
ISPRCONS,ISPRCONS,BAT,1994,B,AT\,
ISPREQ,ISPREQ,BAT,871,B,AT\,
ISPRESN,ISPRESN,BAT,30,B,AT\,
ISPRINFO,ISPRINFO,BAT,551,B,AT\,
BKPRMSTR,ISPRMSTR,BAT,3575,B,AT\,
BKPRSALE,ISPRSALE,BAT,894,B,AT\,
ISPRTEMP,ISPRTEMP,BAT,122,B,AT\,
ISPRUDD,ISPRUDD,BAT,214,B,AT\,
ISPRUDF,ISPRUDF,BAT,284,B,AT\,
ISPRUDIV,ISPRUDIV,BAT,156,B,AT\,
BKQCMSTR,ISQCAMST,BAT,147,B,AT\,
BKQCTRAN,ISQCATRN,BAT,437,B,AT\,
ISQCMTHD,ISQCMTHD,BAT,3367,B,AT\,
ISQCSPEC,ISQCRSLT,BAT,1161,B,AT\,
ISQCSPEC,ISQCSPEC,BAT,1161,B,AT\,
ISQRYSQL,ISQRYSQL,BAT,1030,B,AT\,
ISQSOA,ISQSOA,BAT,191,B,AT\,
ISCATMST,ISQTCODE,BAT,164,B,AT\,
ISSRINFO,ISQTINFO,BAT,1171,B,AT\,
ISREMIND,ISREMIND,BAT,6950,B,AT\,
ISREPDEF,ISREPDEF,BAT,85,B,AT\,
ISREPLNK,ISREPLNK,BAT,170,B,AT\,
ISREPORD,ISREPORD,BAT,207,B,AT\,
BKAPDESC,ISRFQADS,BAT,120,B,AT\,
BKSBPART,ISRLPART,BAT,105,B,AT\,
ISRMAI,ISRMAAI,BAT,1185,B,AT\,
ISRMAC,ISRMAC,BAT,190,B,AT\,
BKAPDESC,ISRMADSC,BAT,120,B,AT\,
ISRMAI,ISRMAI,BAT,1185,B,AT\,
ISSRINFO,ISRMAINF,BAT,1171,B,AT\,
BKARINV,ISRMAINV,BAT,1551,B,AT\,
BKARINVL,ISRMAIVL,BAT,312,B,AT\,
BKARTXN,ISRMATXN,BAT,251,B,AT\,
BKARTXN,ISRMATXS,BAT,251,B,AT\,
BKAPDESC,ISRMDESC,BAT,120,B,AT\,
ISSRINFO,ISRMHINF,BAT,1171,B,AT\,
ISSRINFO,ISRMINFO,BAT,1171,B,AT\,
BKARINV,ISRMINV,BAT,1551,B,AT\,
BKARINVL,ISRMINVL,BAT,312,B,AT\,
BKARTXN,ISRMTXN,BAT,251,B,AT\,
BKARTXN,ISRMTXNS,BAT,251,B,AT\,
ISROUTEX,ISROUTEX,BAT,2339,B,AT\,
ROUTING,ISRTESA,BAT,1514,B,AT\,
ROUTING,ISRTEST,BAT,1514,B,AT\,
ISRTLOAD,ISRTLOAD,BAT,317,B,AT\,
ISRTMS,ISRTMS,BAT,2286,B,AT\,
BKSBMFG,ISSBAMFG,BAT,223,B,AT\,
BKSBPART,ISSBAPRT,BAT,105,B,AT\,
BKSBVEND,ISSBAVND,BAT,125,B,AT\,
ISSCHED,ISSCHED,BAT,3649,B,AT\,
ISSCOMP,ISSCOMP,BAT,141,B,AT\,
ISSDET,ISSDET,BAT,81,B,AT\,
BKARINV,ISSEDH,BAT,1551,B,AT\,
BKARINVL,ISSEDL,BAT,312,B,AT\,
ISSEPROC,ISSEPROC,BAT,65,B,AT\,
ISSEQUIP,ISSEQUIP,BAT,60,B,AT\,
ISSERCNT,ISSERCNT,BAT,160,B,AT\,
ISSERIAL,ISSERIAL,BAT,258,B,AT\,
ISSERR,ISSERR,BAT,3228,B,AT\,
BKARINV,ISSESH,BAT,1551,B,AT\,
BKARINVL,ISSESL,BAT,312,B,AT\,
ISSETYPE,ISSETYPE,BAT,65,B,AT\,
ISSHIPA,ISSHIPA,BAT,150,B,AT\,
ISSHIPCO,ISSHIPCO,BAT,1175,B,AT\,
ISSHPVIA,ISSHPVIA,BAT,848,B,AT\,
ISSIGN,ISSIGN,BAT,485,B,AT\,
BKMRPFC,ISSLSFC,BAT,91,B,AT\,
ISSMTCFG,ISSMTCFG,BAT,124,B,AT\,
BKARINV,ISSNINV,BAT,1551,B,AT\,
BKARINVL,ISSNINVL,BAT,312,B,AT\,
ISNOTES,ISSNOTES,BAT,6256,B,AT\,
BKARTXN,ISSNTXN,BAT,251,B,AT\,
ISARTXNB,ISSNTXNB,BAT,381,B,AT\,
BKARTXN,ISSNTXNS,BAT,251,B,AT\,
ISSOBOX,ISSOABOX,BAT,931,B,AT\,
ISSOBOX,ISSOAHBX,BAT,931,B,AT\,
ISSRINFO,ISSOAINF,BAT,1171,B,AT\,
BKARTXN,ISSOALOT,BAT,251,B,AT\,
BKARTXN,ISSOASER,BAT,251,B,AT\,
ISSOBOX,ISSOBOX,BAT,931,B,AT\,
ISDIGSIG,ISSODIGS,BAT,757,B,AT\,
ISSOBOX,ISSOHBOX,BAT,931,B,AT\,
ISSRINFO,ISSOHINF,BAT,1171,B,AT\,
ISSRINFO,ISSOINFO,BAT,1171,B,AT\,
ISSOREVU,ISSOREVU,BAT,215,B,AT\,
ISSPC,ISSPC,BAT,1415,B,AT\,
BKAPPO,ISSPOH,BAT,893,B,AT\,
BKAPPOL,ISSPOL,BAT,370,B,AT\,
BKARINV,ISSQTH,BAT,1551,B,AT\,
BKARINVL,ISSQTL,BAT,312,B,AT\,
BKAPDESC,ISSRADSC,BAT,120,B,AT\,
ISSRINFO,ISSRAINF,BAT,1171,B,AT\,
BKARINV,ISSRAINV,BAT,1551,B,AT\,
BKARINVL,ISSRAIVL,BAT,312,B,AT\,
ISSRMMS,ISSRAMMS,BAT,599,B,AT\,
BKARTXN,ISSRATXN,BAT,251,B,AT\,
BKARTXN,ISSRATXS,BAT,251,B,AT\,
BKARINV,ISSRCH,BAT,1551,B,AT\,
BKARINVL,ISSRCL,BAT,312,B,AT\,
BKAPDESC,ISSRDESC,BAT,120,B,AT\,
BKAPPO,ISSRFQH,BAT,893,B,AT\,
BKAPPOL,ISSRFQL,BAT,370,B,AT\,
ISSRINFO,ISSRHINF,BAT,1171,B,AT\,
ISSRINFO,ISSRINFO,BAT,1171,B,AT\,
BKARINV,ISSRINV,BAT,1551,B,AT\,
BKARINVL,ISSRINVL,BAT,312,B,AT\,
BKARINV,ISSRMH,BAT,1551,B,AT\,
BKARINV,ISSRMINV,BAT,1551,B,AT\,
BKARINVL,ISSRMIVL,BAT,312,B,AT\,
BKARINVL,ISSRML,BAT,312,B,AT\,
ISSRMMS,ISSRMMS,BAT,599,B,AT\,
BKARTXN,ISSRTXN,BAT,251,B,AT\,
BKARTXN,ISSRTXNS,BAT,251,B,AT\,
BKARINV,ISSSOH,BAT,1551,B,AT\,
BKARINVL,ISSSOL,BAT,312,B,AT\,
BKARINV,ISSSRH,BAT,1551,B,AT\,
BKARINVL,ISSSRL,BAT,312,B,AT\,
ISSTYPE,ISSTEQUI,BAT,125,B,AT\,
ISSTRACK,ISSTRACK,BAT,1166,B,AT\,
ISSTYPE,ISSTTYPE,BAT,125,B,AT\,
ISSTYPE,ISSTYPE,BAT,125,B,AT\,
ISTAXFIL,ISTAXFIL,BAT,563,B,AT\,
ISTAXGRP,ISTAXGRP,BAT,857,B,AT\,
ISTERMS,ISTERMS,BAT,191,B,AT\,
ISTOOLOG,ISTOOLOG,BAT,1005,B,AT\,
ISTRIGRS,ISTRIGRS,BAT,6664,B,AT\,
ISUDFINV,ISUDFINV,BAT,167,B,AT\,
ISUDMSTR,ISUDMSTR,BAT,185,B,AT\,
ISUSAGE,ISUSAGE,BAT,2103,B,AT\,
ISVAR,ISVAR,BAT,1106,B,AT\,
ISVARSQL,ISVARSQL,BAT,63,B,AT\,
ISVNDADT,ISVNDADT,BAT,699,B,AT\,
ISWOTRAY,ISWOBINS,BAT,1015,B,AT\,
ISWOCLOG,ISWOCLOG,BAT,443,B,AT\,
BKAPDESC,ISWODESC,BAT,120,B,AT\,
ISWOEX,ISWOEX,BAT,1171,B,AT\,
ISWOTRAY,ISWOHBNS,BAT,1015,B,AT\,
BKAPDESC,ISWOHDSC,BAT,120,B,AT\,
ISWOEX,ISWOHEX,BAT,1171,B,AT\,
ISWOPRIO,ISWOPRIO,BAT,139,B,AT\,
ISWOQUE,ISWOQUE,BAT,149,B,AT\,
ISWOROEX,ISWOROEX,BAT,799,B,AT\,
ISWOTRAY,ISWOTRAY,BAT,1015,B,AT\,
ISWOROEX,ISWROHEX,BAT,799,B,AT\,
JGPITEMS,JGPITEMS,BAT,3959,B,AT\,
JSPCNLCD,JSPCNLCD,BAT,165,B,AT\,
JSPCNLSO,JSPCNLSO,BAT,183,B,AT\,
LANGDICT,LANGDICT,BAT,343,B,AT\,
LOT,LOT,BAT,427,B,AT\,
MACHINE,MACHINE,BAT,651,B,AT\,
MKAHIST,MKAHIST,BAT,161,B,AT\,
MKASSIGN,MKASSIGN,BAT,36,B,AT\,
MKDEF,MKDEF,BAT,63,B,AT\,
MKECLASS,MKECLASS,BAT,54,B,AT\,
MKEVENT,MKEVENT,BAT,243,B,AT\,
MKFORM,MKFORM,BAT,105,B,AT\,
MKECLASS,MKICLASS,BAT,54,B,AT\,
MKTCLASS,MKTCLASS,BAT,54,B,AT\,
MKTNOTE,MKTNOTE,BAT,80,B,AT\,
MKTRACK,MKTRACK,BAT,62,B,AT\,
MKTROUT,MKTROUT,BAT,36,B,AT\,
MTEXCHG,MTEXCHG,BAT,127,B,AT\,
MTICMSTR,MTICAMTR,BAT,1533,B,AT\,
MTICMSTR,MTICEMTR,BAT,1533,B,AT\,
MTICMSTR,MTICMSTR,BAT,1533,B,AT\,
MTICMSTR,MTINVDEF,BAT,1533,B,AT\,
MTMRP,MTMRP,BAT,145,B,AT\,
MWOPTEMP,MWOPTEMP,BAT,163,B,AT\,
BKAPDESC,NOTETEMP,BAT,120,B,AT\,
NZITPRE,NZITPRE,BAT,828,B,AT\,
OPQCDESC,OPQCDESC,BAT,161,B,AT\,
OUTPROC,OUTHPROC,BAT,229,B,AT\,
OUTPROC,OUTPROC,BAT,229,B,AT\,
PIBINLOC,PIBINLOC,BAT,212,B,AT\,
PIBINLOT,PIBINLOT,BAT,166,B,AT\,
QCCODES,QCCODES,BAT,32,B,AT\,
ROCHG,ROCHG,BAT,342,B,AT\,
ROUTING,ROUTAING,BAT,1514,B,AT\,
ROUTING,ROUTING,BAT,1514,B,AT\,
ROUTING,ROUTTEMP,BAT,1514,B,AT\,
SCHEDCAL,SCHEDCAL,BAT,29,B,AT\,
SCHWO,SCHWO,BAT,68,B,AT\,
SCRAP,SCRAP,BAT,272,B,AT\,
SERIAL,SERIAL,BAT,417,B,AT\,
SERIAL,SERIALH,BAT,417,B,AT\,
SUMCUST,SUMCUST,BAT,30,B,AT\,
SUMINV,SUMINV,BAT,149,B,AT\,
SUMPNCUS,SUMPNCUS,BAT,45,B,AT\,
SUMWC,SUMWC,BAT,48,B,AT\,
BKCMACTD,TEMPOLD,BAT,116,B,AT\,
TESTARRA,TESTARRA,BAT,110,B,AT\,
TESTFILE,TESTFILE,BAT,247,B,AT\,
TOOL,TOOL,BAT,1134,B,AT\,
CLASMSTR,VENDCLAS,BAT,34,B,AT\,
WCCTL,WCCTL,BAT,37,B,AT\,
WCTRLOAD,WCTRLOAD,BAT,152,B,AT\,
WCTRLOAD,WCTRSLOD,BAT,152,B,AT\,
WOBOM,WOBOM,BAT,496,B,AT\,
WOBOMCHG,WOBOMCHG,BAT,353,B,AT\,
WOBOMREM,WOBOMHRM,BAT,1320,B,AT\,
WOBOMREM,WOBOMREM,BAT,1320,B,AT\,
WODATE,WODATE,BAT,157,B,AT\,
WOLABOR,WOELABOR,BAT,799,B,AT\,
WOMAT,WOEMAT,BAT,466,B,AT\,
WORECV,WOERECV,BAT,131,B,AT\,
WOEXCHG,WOEXCHG,BAT,113,B,AT\,
WOBOM,WOHBOM,BAT,496,B,AT\,
WODATE,WOHDATE,BAT,157,B,AT\,
WOEXCHG,WOHEXCHG,BAT,113,B,AT\,
WOLABOR,WOHLABOR,BAT,799,B,AT\,
WOMAT,WOHMAT,BAT,466,B,AT\,
WORECV,WOHRECV,BAT,131,B,AT\,
WOROUT,WOHROUT,BAT,1590,B,AT\,
WOLABOR,WOLABOR,BAT,799,B,AT\,
WOLABOR,WOLABRPT,BAT,799,B,AT\,
WOMAT,WOMAT,BAT,466,B,AT\,
WORECV,WORECV,BAT,131,B,AT\,
WORKCHG,WORKACHG,BAT,458,B,AT\,
WORKCHG,WORKCHG,BAT,458,B,AT\,
WORKCTR,WORKCTR,BAT,468,B,AT\,
WORKORD,WORKHORD,BAT,1173,B,AT\,
WORKORD,WORKORD,BAT,1173,B,AT\,
WORKORD,WORKSORD,BAT,1173,B,AT\,
WOROCHG,WOROCHG,BAT,352,B,AT\,
WOROUT,WOROUT,BAT,1590,B,AT\,
WOROUT,WOROUTMP,BAT,1590,B,AT\,
WOBOM,WOSBOM,BAT,496,B,AT\,
WOROUT,WOSROUT,BAT,1590,B,AT\,
BKICMSTR,XXICMSTR,BAT,617,B,AT\,
AHSYLOG,AHSYLOG,BCA,27,B,CA\,
BKART,ARTTEMP,BCA,70,B,CA\,
BKABCUST,BKABCUST,BCA,13,B,CA\,
BKABVEND,BKABVEND,BCA,33,B,CA\,
BKACTRPT,BKACTRPT,BCA,534,B,CA\,
BKCMACCN,BKAPACCN,BCA,4251,B,CA\,
BKAPDESC,BKAPADSC,BCA,120,B,CA\,
BKAPPO,BKAPAPO,BCA,893,B,CA\,
BKAPPOL,BKAPAPOL,BCA,370,B,CA\,
BKAPCHKF,BKAPCHKF,BCA,91,B,CA\,
BKAPCHKF,BKAPCHKH,BCA,91,B,CA\,
BKARDEP,BKAPDEP,BCA,81,B,CA\,
BKAPDESC,BKAPDESC,BCA,120,B,CA\,
BKAPINVT,BKAPEIVT,BCA,175,B,CA\,
BKAPVEND,BKAPEVND,BCA,2230,B,CA\,
BKAPDESC,BKAPHDSC,BCA,120,B,CA\,
BKAPPO,BKAPHPO,BCA,893,B,CA\,
BKAPPOL,BKAPHPOL,BCA,370,B,CA\,
BKAPINVL,BKAPINVL,BCA,3756,B,CA\,
BKAPINVT,BKAPINVT,BCA,175,B,CA\,
BKAPNOTE,BKAPNOTE,BCA,642,B,CA\,
BKAPPO,BKAPPO,BCA,893,B,CA\,
BKAPPOL,BKAPPOL,BCA,370,B,CA\,
BKRFQ,BKAPQUOT,BCA,466,B,CA\,
BKAPPO,BKAPRFQ,BCA,893,B,CA\,
BKAPPOL,BKAPRFQL,BCA,370,B,CA\,
BKAPINVL,BKAPRIVL,BCA,3756,B,CA\,
BKAPVEND,BKAPVEND,BCA,2230,B,CA\,
BKAPVND2,BKAPVND2,BCA,1831,B,CA\,
BKAPCHKF,BKARCHKF,BCA,91,B,CA\,
BKAPCHKF,BKARCHKH,BCA,91,B,CA\,
BKARCUST,BKARCUST,BCA,2498,B,CA\,
BKARDEP,BKARDEP,BCA,81,B,CA\,
BKAPDESC,BKARDESC,BCA,120,B,CA\,
BKAPDESC,BKARDPST,BCA,120,B,CA\,
BKARCUST,BKARECST,BCA,2498,B,CA\,
BKARINVT,BKAREIVT,BCA,189,B,CA\,
BKAPDESC,BKARHDSC,BCA,120,B,CA\,
BKARINV,BKARHINV,BCA,1551,B,CA\,
BKARINVL,BKARHIVL,BCA,312,B,CA\,
BKARHTAX,BKARHTAX,BCA,42,B,CA\,
BKARINV,BKARINV,BCA,1551,B,CA\,
BKARINVI,BKARINVI,BCA,124,B,CA\,
BKARINVL,BKARINVL,BCA,312,B,CA\,
BKARINVT,BKARINVT,BCA,189,B,CA\,
BKARINVV,BKARINVV,BCA,673,B,CA\,
BKAPDESC,BKARRDSC,BCA,120,B,CA\,
BKARINV,BKARRINV,BCA,1551,B,CA\,
BKARINVL,BKARRIVL,BCA,312,B,CA\,
BKARCUST,BKARSHIP,BCA,2498,B,CA\,
BKARINVL,BKARSIVL,BCA,312,B,CA\,
BKART,BKART,BCA,70,B,CA\,
BKARTNOT,BKARTNOT,BCA,40,B,CA\,
BKARTXN,BKARTXN,BCA,251,B,CA\,
BKARTXN,BKARTXNB,BCA,251,B,CA\,
BKARTXN,BKARTXNS,BCA,251,B,CA\,
BKBMMSTR,BKBMAMTR,BCA,215,B,CA\,
BKBMMSTR,BKBMARC,BCA,215,B,CA\,
BKBMMSTR,BKBMAVAL,BCA,215,B,CA\,
BKBMCNFG,BKBMCNFG,BCA,26,B,CA\,
BKBMDIM,BKBMDIM,BCA,134,B,CA\,
BKBMMSTR,BKBMEMTR,BCA,215,B,CA\,
BKBMREMK,BKBMERMK,BCA,1062,B,CA\,
BKBMMSTR,BKBMMSTR,BCA,215,B,CA\,
BKBMNOTE,BKBMNOTE,BCA,975,B,CA\,
BKBMREMK,BKBMREMK,BCA,1062,B,CA\,
BKBMMSTR,BKBMSUMM,BCA,215,B,CA\,
BKCMACCC,BKCMACCC,BCA,30,B,CA\,
BKCMACCL,BKCMACCL,BCA,15,B,CA\,
BKCMACCN,BKCMACCN,BCA,4251,B,CA\,
BKCMACCT,BKCMACCT,BCA,1014,B,CA\,
BKCMACFC,BKCMACFC,BCA,33,B,CA\,
BKCMACTD,BKCMACTD,BCA,116,B,CA\,
BKCMACTF,BKCMACTF,BCA,331,B,CA\,
BKCMACTH,BKCMACTH,BCA,201,B,CA\,
BKCMCNTD,BKCMCNTD,BCA,252,B,CA\,
BKCMCTRL,BKCMCTL1,BCA,10,B,CA\,
BKCMCTRL,BKCMCTL2,BCA,10,B,CA\,
BKCMCTRL,BKCMCTL3,BCA,10,B,CA\,
BKCMCTRL,BKCMCTL4,BCA,10,B,CA\,
BKCMCTRL,BKCMCTRL,BCA,10,B,CA\,
BKARCUST,BKCMCUST,BCA,2498,B,CA\,
BKCMACCT,BKCMDE,BCA,1014,B,CA\,
BKCMDTCD,BKCMDTCD,BCA,27,B,CA\,
BKCMDUN,BKCMDUN,BCA,482,B,CA\,
BKCMDUNH,BKCMDUNH,BCA,47,B,CA\,
BKCMACCL,BKCMEACC,BCA,15,B,CA\,
BKCMACTD,BKCMEACD,BCA,116,B,CA\,
BKCMACTF,BKCMEACF,BCA,331,B,CA\,
BKCMACTH,BKCMEACH,BCA,201,B,CA\,
BKCMACCT,BKCMEACT,BCA,1014,B,CA\,
BKCMFTME,BKCMEFTM,BCA,53,B,CA\,
BKCMFORM,BKCMFORM,BCA,132,B,CA\,
BKCMFTME,BKCMFTME,BCA,53,B,CA\,
BKCMHCD2,BKCMHCD2,BCA,50,B,CA\,
BKCMHCOD,BKCMHCOD,BCA,85,B,CA\,
BKCMLEAD,BKCMLEAD,BCA,30,B,CA\,
BKCMMHST,BKCMMHST,BCA,384,B,CA\,
BKCMPCFC,BKCMPCFC,BCA,33,B,CA\,
BKCMPCNT,BKCMPCNT,BCA,733,B,CA\,
BKCMPCTF,BKCMPCTF,BCA,322,B,CA\,
BKCMPCTH,BKCMPCTH,BCA,134,B,CA\,
BKCMREP,BKCMREP,BCA,128,B,CA\,
BKCMSBDF,BKCMSBDF,BCA,21,B,CA\,
BKCMTEMP,BKCMTEMP,BCA,46,B,CA\,
BKCMTERR,BKCMTERR,BCA,296,B,CA\,
BKCMTEMP,BKCMTMP1,BCA,46,B,CA\,
BKCMTEMP,BKCMTMP2,BCA,46,B,CA\,
BKCMTEMP,BKCMTMP3,BCA,46,B,CA\,
BKCMTEMP,BKCMTMP4,BCA,46,B,CA\,
BKCMVNDF,BKCMVNDF,BCA,330,B,CA\,
BKCMVNDH,BKCMVNDH,BCA,134,B,CA\,
BKCMVNFC,BKCMVNFC,BCA,33,B,CA\,
BKCPEC,BKCPEC,BCA,84,B,CA\,
BKCPMSTR,BKCPMSTR,BCA,280,B,CA\,
BKDCCFG,BKDCCFG,BCA,200,B,CA\,
BKDCLAB,BKDCCLAB,BCA,877,B,CA\,
BKDCLAB,BKDCHLAB,BCA,877,B,CA\,
BKDCLAB,BKDCLAB,BCA,877,B,CA\,
BKDCLAB,BKDCPLAB,BCA,877,B,CA\,
BKDCSHFT,BKDCSHFT,BCA,245,B,CA\,
BKDCLAB,BKDCTLAB,BCA,877,B,CA\,
BKEDIDUN,BKEDIDUN,BCA,33,B,CA\,
BKARINV,BKEDIH,BCA,1551,B,CA\,
BKARINVL,BKEDIL,BCA,312,B,CA\,
BKEDMSTR,BKEDMSTR,BCA,89,B,CA\,
BKEDNOTE,BKEDNOTE,BCA,96,B,CA\,
BKEDPOST,BKEDPOST,BCA,18,B,CA\,
BKESTCFG,BKESTCFG,BCA,315,B,CA\,
BKARINV,BKESTQT,BCA,1551,B,CA\,
BKARINVL,BKESTQTL,BCA,312,B,CA\,
BKFLDHLP,BKFLDHLP,BCA,79,B,CA\,
BKFOCFG,BKFOCFG,BCA,71,B,CA\,
BKGLCHK,BKGLACHK,BCA,173,B,CA\,
BKGLGJLN,BKGLAGJL,BCA,123,B,CA\,
BKGLGJRN,BKGLAGJR,BCA,104,B,CA\,
BKGLTRAN,BKGLATRN,BCA,137,B,CA\,
BKGLCCOA,BKGLCCOA,BCA,490,B,CA\,
BKGLCHK,BKGLCHK,BCA,173,B,CA\,
BKGLCOA,BKGLCOA,BCA,556,B,CA\,
BKAPDESC,BKGLDESC,BCA,120,B,CA\,
BKGLCOA,BKGLECOA,BCA,556,B,CA\,
BKGLTRAN,BKGLETRN,BCA,137,B,CA\,
BKGLCOA,BKGLFCOA,BCA,556,B,CA\,
BKGLFSTL,BKGLFSTL,BCA,68,B,CA\,
BKGLGJLN,BKGLGJLN,BCA,123,B,CA\,
BKGLGJRN,BKGLGJRN,BCA,104,B,CA\,
BKGLTRAN,BKGLHIST,BCA,137,B,CA\,
BKGLCHK,BKGLICC,BCA,173,B,CA\,
BKGLGJLN,BKGLRGJL,BCA,123,B,CA\,
BKGLGJRN,BKGLRGJR,BCA,104,B,CA\,
BKGLSTMT,BKGLSTMT,BCA,1670,B,CA\,
BKGLTRAN,BKGLTEMP,BCA,137,B,CA\,
BKGLGJLN,BKGLTGJL,BCA,123,B,CA\,
BKGLGJRN,BKGLTGJR,BCA,104,B,CA\,
BKGLTRAN,BKGLTMP,BCA,137,B,CA\,
BKGLTRAN,BKGLTMP2,BCA,137,B,CA\,
BKGLTRAN,BKGLTMP3,BCA,137,B,CA\,
BKGLTRAN,BKGLTRAN,BCA,137,B,CA\,
BKGLX,BKGLX,BCA,139,B,CA\,
BKGLX,BKGLXH,BCA,139,B,CA\,
BKICALTD,BKICALTD,BCA,436,B,CA\,
BKICALTP,BKICALTP,BCA,131,B,CA\,
BKICMSTR,BKICAMTR,BCA,617,B,CA\,
BKICPMAT,BKICAPMA,BCA,1353,B,CA\,
BKICDIM,BKICDIM,BCA,867,B,CA\,
BKICLOC,BKICELOC,BCA,350,B,CA\,
BKICMSTR,BKICEMTR,BCA,617,B,CA\,
BKICLOC,BKICLOC,BCA,350,B,CA\,
BKICLOCM,BKICLOCM,BCA,325,B,CA\,
BKICMFG,BKICMFG,BCA,155,B,CA\,
BKICMSTR,BKICMSTR,BCA,617,B,CA\,
BKICPMAT,BKICPMAT,BCA,1353,B,CA\,
BKICREF,BKICREF,BCA,420,B,CA\,
BKICTAX,BKICTAX,BCA,373,B,CA\,
BKICVAL,BKICVAL,BCA,35,B,CA\,
BKISTAX,BKISHTAX,BCA,89,B,CA\,
BKISTAX,BKISTAX,BCA,89,B,CA\,
BKLOGON,BKLOGON,BCA,46,B,CA\,
BKMATCST,BKMATCST,BCA,245,B,CA\,
BKMATRIM,BKMATRIM,BCA,20,B,CA\,
BKMRPFC,BKMRPFC,BCA,91,B,CA\,
BKMRPPO,BKMRPPO,BCA,166,B,CA\,
BKMRPSW,BKMRPSW,BCA,16,B,CA\,
BKPCKIT,BKPCKIT,BCA,68,B,CA\,
BKPCPLOT,BKPCPLOT,BCA,98,B,CA\,
BKPIFROZ,BKPIFROZ,BCA,109,B,CA\,
BKPILOT,BKPILCNT,BCA,86,B,CA\,
BKPILOT,BKPILOT,BCA,86,B,CA\,
BKPIMSTR,BKPIMSTR,BCA,36,B,CA\,
BKPIPHYS,BKPIPHYS,BCA,152,B,CA\,
BKPISER,BKPISCNT,BCA,103,B,CA\,
BKPISER,BKPISER,BCA,103,B,CA\,
BKPOX,BKPOX,BCA,203,B,CA\,
BKPOX,BKPOXH,BCA,203,B,CA\,
BKPRCOMM,BKPRACOM,BCA,104,B,CA\,
BKPRAGNT,BKPRAGNT,BCA,26,B,CA\,
BKPRSALE,BKPRBOOK,BCA,894,B,CA\,
BKPRCOMM,BKPRCOMM,BCA,104,B,CA\,
BKPRCURP,BKPRCURP,BCA,1122,B,CA\,
BKPRFTAX,BKPRFTAX,BCA,671,B,CA\,
BKPRGLFL,BKPRGLFL,BCA,3908,B,CA\,
BKPRCOMM,BKPRHCOM,BCA,104,B,CA\,
BKPRCURP,BKPRHIST,BCA,1122,B,CA\,
BKPRINFO,BKPRINFO,BCA,4039,B,CA\,
BKPRMSTR,BKPRMSTR,BCA,3575,B,CA\,
BKPRSALE,BKPRSALE,BCA,894,B,CA\,
BKPRSTFL,BKPRSTFL,BCA,12,B,CA\,
BKPRTC,BKPRTC,BCA,44,B,CA\,
BKPRTCFG,BKPRTCFG,BCA,2039,B,CA\,
BKPRMSTR,BKPRW2,BCA,3575,B,CA\,
BKQCMSTR,BKQCMSTR,BCA,147,B,CA\,
BKQCTRAN,BKQCTRAN,BCA,437,B,CA\,
BKAPDESC,BKQTNOTE,BCA,120,B,CA\,
BKAPDESC,BKQTTEMP,BCA,120,B,CA\,
BKRFQ,BKRFQ,BCA,466,B,CA\,
BKAPDESC,BKRFQDES,BCA,120,B,CA\,
BKRTCST,BKRTCST,BCA,149,B,CA\,
ROUTING,BKRTEMTR,BCA,1514,B,CA\,
BKRTSPEC,BKRTSPEC,BCA,99,B,CA\,
BKRTTEMP,BKRTTEMP,BCA,97,B,CA\,
BKSAREPT,BKSAREPT,BCA,559,B,CA\,
BKSBMFG,BKSBMFG,BCA,223,B,CA\,
BKSBPART,BKSBPART,BCA,105,B,CA\,
BKSBVEND,BKSBVEND,BCA,125,B,CA\,
BKSHORT,BKSHORT,BCA,110,B,CA\,
BKARTXN,BKSOHLOT,BCA,251,B,CA\,
BKARTXN,BKSOHSER,BCA,251,B,CA\,
BKSOLOCK,BKSOLOCK,BCA,68,B,CA\,
BKAPDESC,BKSONOTE,BCA,120,B,CA\,
BKMRPPO,BKSOPO,BCA,166,B,CA\,
BKSOX,BKSOX,BCA,269,B,CA\,
BKSOX,BKSOXH,BCA,269,B,CA\,
BKSYAP,BKSYAP,BCA,50,B,CA\,
BKSYAR,BKSYAR,BCA,16,B,CA\,
BKSYCFG,BKSYCFG,BCA,4,B,CA\,
BKSYHELP,BKSYHELP,BCA,70,B,CA\,
BKSYLOG,BKSYLOG,BCA,259,B,CA\,
BKSYMSTR,BKSYMSTR,BCA,2331,B,CA\,
BKSYPRTR,BKSYPRTR,BCA,64,B,CA\,Available printers
BKUMSRTY,BKUMSRTY,BCA,25,B,CA\,
BKMRPPO,BKWOPO,BCA,166,B,CA\,
BKYSMSTR,BKYSMSTR,BCA,1045,B,CA\,
BOMCHG,BOMCHG,BCA,343,B,CA\,
BUCKETS,BUCKETS,BCA,89,B,CA\,
CALENDAR,CALENDAR,BCA,33,B,CA\,
CALTEMP,CALTEMP,BCA,12,B,CA\,
CCEDIXRF,CCEDIXRF,BCA,70,B,CA\,
CLASMSTR,CLASMSTR,BCA,34,B,CA\,
CLASS,CLASS,BCA,234,B,CA\,
CLASMSTR,CUSTCLAS,BCA,34,B,CA\,
DBACNAME,DBACNAME,BCA,67,B,CA\,
DBAFIFO,DBAFIFO,BCA,43,B,CA\,
BKICPMAT,DISCOUNT,BCA,1353,B,CA\,
DPTMENT,DPTMENT,BCA,34,B,CA\,
EIMCOLST,EIMCOLST,BCA,462,B,CA\,
BKGLCOA,EMERSNGL,BCA,556,B,CA\,
ESTCHGS,ESTCHGS,BCA,46,B,CA\,
ESTMAT,ESTMAT,BCA,271,B,CA\,
ESTROUT,ESTROUT,BCA,1219,B,CA\,
ESTSUM,ESTSUM,BCA,2465,B,CA\,
HELPURL,HELPURL,BCA,366,B,CA\,
INVTXN,INVATXN,BCA,543,B,CA\,
INVTXN,INVETXN,BCA,543,B,CA\,
INVTXN,INVTXN,BCA,543,B,CA\,
IS2DBAR,IS2DBAR,BCA,329,B,CA\,
ISNCR,ISACAR,BCA,2319,B,CA\,
ISCARFUP,ISACARFU,BCA,156,B,CA\,
ISACCESS,ISACCESS,BCA,275,B,CA\,
ISACTION,ISACTION,BCA,130,B,CA\,
ISCYCLE,ISACYCLE,BCA,614,B,CA\,
ISCYLOC,ISACYLOC,BCA,137,B,CA\,
ISLINKS,ISALINKS,BCA,1359,B,CA\,
LOT,ISALOT,BCA,427,B,CA\,
BKSBPART,ISALPART,BCA,105,B,CA\,
BKMRPFC,ISAMRPF,BCA,91,B,CA\,
ISNCR,ISANCR,BCA,2319,B,CA\,
ISNOTES,ISANOTES,BCA,6256,B,CA\,
BKAPCHKF,ISAPACHK,BCA,91,B,CA\,
BKAPINVL,ISAPAINL,BCA,3756,B,CA\,
BKAPINVT,ISAPAINT,BCA,175,B,CA\,
BKAPPOL,ISAPARFL,BCA,370,B,CA\,
BKAPPO,ISAPARFQ,BCA,893,B,CA\,
BKAPVEND,ISAPAVND,BCA,2230,B,CA\,
ISAPCHG,ISAPCHG,BCA,506,B,CA\,
ISAPEX,ISAPEX,BCA,995,B,CA\,
ISAPCHG,ISAPHCHG,BCA,506,B,CA\,
BKRFQ,ISAPHQT,BCA,466,B,CA\,
BKAPPO,ISAPOPO,BCA,893,B,CA\,
BKAPPOL,ISAPOPOL,BCA,370,B,CA\,
ISAPPROJ,ISAPPROJ,BCA,205,B,CA\,
ISAPQPO,ISAPQPO,BCA,1857,B,CA\,
BKRFQ,ISAPQTQT,BCA,466,B,CA\,
ISARCHG,ISARACHG,BCA,488,B,CA\,
BKAPCHKF,ISARACHK,BCA,91,B,CA\,
BKARCUST,ISARACST,BCA,2498,B,CA\,
BKAPDESC,ISARADSC,BCA,120,B,CA\,
BKAPDESC,ISARAHDS,BCA,120,B,CA\,
BKARINVL,ISARAHIL,BCA,312,B,CA\,
BKARINV,ISARAHIN,BCA,1551,B,CA\,
BKARHTAX,ISARAHTX,BCA,42,B,CA\,
BKARINVT,ISARAINT,BCA,189,B,CA\,
BKARINV,ISARAINV,BCA,1551,B,CA\,
BKARINVI,ISARAIVI,BCA,124,B,CA\,
BKARINVL,ISARAIVL,BCA,312,B,CA\,
BKARINVV,ISARAIVV,BCA,673,B,CA\,
BKART,ISARAT,BCA,70,B,CA\,
BKARTNOT,ISARATNT,BCA,40,B,CA\,
BKARTXN,ISARATXN,BCA,251,B,CA\,
BKARTXN,ISARATXS,BCA,251,B,CA\,
ISARCHG,ISARCHG,BCA,488,B,CA\,
ISARDEPL,ISARDEPL,BCA,285,B,CA\,
ISARCHG,ISARECHG,BCA,488,B,CA\,
ISREMIND,ISAREMND,BCA,6950,B,CA\,
ISAREX,ISAREX,BCA,1313,B,CA\,
BKRFQ,ISARFQ,BCA,466,B,CA\,
ISARCHG,ISARHCHG,BCA,488,B,CA\,
ISARJDLP,ISARHJDL,BCA,1861,B,CA\,
ISARCHG,ISARICHG,BCA,488,B,CA\,
ISARINVX,ISARINVX,BCA,216,B,CA\,
ISARJDLP,ISARJDLP,BCA,1861,B,CA\,
ISARCHG,ISARMCHG,BCA,488,B,CA\,
ISARCHG,ISARQCHG,BCA,488,B,CA\,
ISARCHG,ISARRCHG,BCA,488,B,CA\,
ISARCHG,ISARSCGH,BCA,488,B,CA\,
ISARTXNB,ISARTXNB,BCA,381,B,CA\,
ISSIGN,ISASIGN,BCA,485,B,CA\,
ISAUTODC,ISAUTODC,BCA,205,B,CA\,
ISBANKS,ISBANKS,BCA,478,B,CA\,
ISBILLSH,ISBILLSH,BCA,121,B,CA\,
ISBINLOC,ISBINLOC,BCA,162,B,CA\,
ISBINLOT,ISBINLOT,BCA,199,B,CA\,
BKBMMSTR,ISBMESA,BCA,215,B,CA\,
BKBMMSTR,ISBMEST,BCA,215,B,CA\,
BKBMMSTR,ISBMTMP,BCA,215,B,CA\,
ISBNMSTR,ISBNMSTR,BCA,185,B,CA\,
ISSOBOX,ISBOLMS,BCA,931,B,CA\,
BKCMACCC,ISBRANDC,BCA,30,B,CA\,
BKCMACCL,ISBRANDS,BCA,15,B,CA\,
ISBROKER,ISBROKER,BCA,27,B,CA\,
ISBSF,ISBSF,BCA,1236,B,CA\,
ISSRINFO,ISBTCSB,BCA,1171,B,CA\,
INVTXN,ISBTXFER,BCA,543,B,CA\,
ISBUILD,ISBUILD,BCA,338,B,CA\,
ISCACT,ISCACT,BCA,5941,B,CA\,
ISNCR,ISCAR,BCA,2319,B,CA\,
ISCARDTE,ISCARDTE,BCA,1707,B,CA\,
ISCARFUP,ISCARFUP,BCA,156,B,CA\,
ISCATMST,ISCATMST,BCA,164,B,CA\,
ISCC,ISCC,BCA,305,B,CA\,
ISCCBTXN,ISCCBTXN,BCA,205,B,CA\,
ISCCICM,ISCCICM,BCA,2286,B,CA\,
ISCCMTF,ISCCMTF,BCA,75,B,CA\,
ISCHAINM,ISCHAIN,BCA,394,B,CA\,
ISCHAINM,ISCHAINM,BCA,394,B,CA\,
ISCCMTF,ISCMGRP,BCA,75,B,CA\,
ISCNTRY,ISCNTRY,BCA,108,B,CA\,
ISCONVRT,ISCONVRT,BCA,253,B,CA\,
ISCRISLS,ISCRISLS,BCA,225,B,CA\,
ISCSERIA,ISCSERIA,BCA,129,B,CA\,
ISCTEAM,ISCTEAM,BCA,90,B,CA\,
ISCTREVU,ISCTREVU,BCA,187,B,CA\,
ISCYCLCD,ISCYCLCD,BCA,113,B,CA\,
ISCYCLE,ISCYCLE,BCA,614,B,CA\,
ISCYLOC,ISCYLOC,BCA,137,B,CA\,
ISDCSER,ISDCSER,BCA,253,B,CA\,
ISDEFECT,ISDEFECT,BCA,120,B,CA\,
ISDEPT,ISDEPT,BCA,150,B,CA\,
ISDIGSIG,ISDIGSIG,BCA,757,B,CA\,
ISDIV,ISDIV,BCA,150,B,CA\,
ISDLCK1,ISDLCK1,BCA,10,B,CA\,
ISDLCK1,ISDLCK2,BCA,10,B,CA\,
ISDRILL,ISDRILL,BCA,3416,B,CA\,
ISDRILLM,ISDRILLM,BCA,400,B,CA\,
ISDROP,ISDROP,BCA,120,B,CA\,
ISDUTY,ISDUTY,BCA,14,B,CA\,
ISEAB,ISEAB,BCA,195,B,CA\,
BKARINV,ISECIH,BCA,1551,B,CA\,
BKARINVL,ISECIL,BCA,312,B,CA\,
ISSRINFO,ISECINFO,BCA,1171,B,CA\,
ISECO,ISECO,BCA,170,B,CA\,
ISSRINFO,ISEDINFO,BCA,1171,B,CA\,
ISESTDTL,ISESADTL,BCA,1823,B,CA\,
BKARINV,ISESAHDR,BCA,1551,B,CA\,
BKARINVL,ISESALNE,BCA,312,B,CA\,
ISSCHED,ISESCHED,BCA,3649,B,CA\,
ISSRINFO,ISESINFO,BCA,1171,B,CA\,
BKARINVL,ISESTAQL,BCA,312,B,CA\,
BKARINV,ISESTAQT,BCA,1551,B,CA\,
ESTSUM,ISESTASM,BCA,2465,B,CA\,
ISESTDTL,ISESTDTL,BCA,1823,B,CA\,
BKARINV,ISESTHDR,BCA,1551,B,CA\,
BKARINVL,ISESTLNE,BCA,312,B,CA\,
BKMRPPO,ISESTPO,BCA,166,B,CA\,
ISEXUSER,ISEXUSER,BCA,944,B,CA\,
ISFIELDS,ISFIELDS,BCA,118,B,CA\,
ISFOBMRM,ISFOBMRM,BCA,1132,B,CA\,
ISFOHEAD,ISFOHEAD,BCA,320,B,CA\,
ISFOHIST,ISFOHIST,BCA,290,B,CA\,
ISFOLINE,ISFOLINE,BCA,413,B,CA\,
ISFOORDL,ISFOORDL,BCA,274,B,CA\,
ISFSCLAS,ISFSCLAS,BCA,104,B,CA\,
ISFSCLAS,ISFSEMP,BCA,104,B,CA\,
ISFSINFO,ISFSINFO,BCA,195,B,CA\,
CLASMSTR,ISFSMARK,BCA,34,B,CA\,
ISFSPROJ,ISFSPROJ,BCA,152,B,CA\,
ISFSPS,ISFSPS,BCA,397,B,CA\,
ISFSWHO,ISFSWHO,BCA,84,B,CA\,
ISFUTYPE,ISFUTYPE,BCA,120,B,CA\,
ISFXASST,ISFXASST,BCA,634,B,CA\,
ISFXATRN,ISFXATRN,BCA,190,B,CA\,
ISGLCOA,ISGLBDGT,BCA,622,B,CA\,
ISGLCOA,ISGLCOA,BCA,622,B,CA\,
ISGLDATE,ISGLDATE,BCA,390,B,CA\,
ISGLCOA,ISGLFCOA,BCA,622,B,CA\,
ISGLDATE,ISGLHDAT,BCA,390,B,CA\,
ISGLNBGT,ISGLNBGT,BCA,327,B,CA\,
ISSERIAL,ISHLOTS,BCA,258,B,CA\,
ISSERIAL,ISHSERIA,BCA,258,B,CA\,
BKICMSTR,ISICADT,BCA,617,B,CA\,
ISICMSTR,ISICAMTR,BCA,948,B,CA\,
BKICPMAT,ISICAPMT,BCA,1353,B,CA\,
BKICREF,ISICAREF,BCA,420,B,CA\,
BKICMSTR,ISICESA,BCA,617,B,CA\,
BKICMSTR,ISICEST,BCA,617,B,CA\,
ISSRINFO,ISICINFO,BCA,1171,B,CA\,
ISICMSTR,ISICMSTR,BCA,948,B,CA\,
BKICMSTR,ISICSTD,BCA,617,B,CA\,
ISICUL,ISICUL,BCA,907,B,CA\,
ISIS,ISIS,BCA,56,B,CA\,
BKISTAX,ISISATAX,BCA,89,B,CA\,
ISSERCNT,ISITMCFG,BCA,160,B,CA\,
ISITP,ISITP,BCA,200,B,CA\,
ISJAVA,ISJAVA,BCA,2044,B,CA\,
ISBSF,ISJBSF,BCA,1236,B,CA\,
ISJOB,ISJOB,BCA,175,B,CA\,
ISLANDF,ISLANDF,BCA,42,B,CA\,
ISLBLMAP,ISLBLMAP,BCA,893,B,CA\,
ISLINKS,ISLINKS,BCA,1359,B,CA\,
ISLOCCST,ISLOCCST,BCA,199,B,CA\,
ISLOG,ISLOG,BCA,430,B,CA\,
ISSERIAL,ISLOTS,BCA,258,B,CA\,
ISLSMAP,ISLSMAP,BCA,449,B,CA\,
ISLTYPE,ISLTYPE,BCA,135,B,CA\,
ISMACS,ISMACS,BCA,152,B,CA\,
ISMCF,ISMCF,BCA,347,B,CA\,
ISMCR,ISMCR,BCA,117,B,CA\,
MTICMSTR,ISMICADT,BCA,1533,B,CA\,
MTICMSTR,ISMICESA,BCA,1533,B,CA\,
MTICMSTR,ISMICEST,BCA,1533,B,CA\,
MTICMSTR,ISMICSTD,BCA,1533,B,CA\,
BKMRPFC,ISMRPFC,BCA,91,B,CA\,
MTMRP,ISMRPOLD,BCA,145,B,CA\,
BKBMMSTR,ISMYBOM,BCA,215,B,CA\,
WOBOM,ISMYWOBM,BCA,496,B,CA\,
ISNCR,ISNCR,BCA,2319,B,CA\,
ISNCRLNS,ISNCRLNS,BCA,283,B,CA\,
WORECV,ISNCRTXN,BCA,131,B,CA\,
ISNOTES,ISNOTES,BCA,6256,B,CA\,
ISNTYPE,ISNTYPE,BCA,135,B,CA\,
ISNUMBER,ISNUMBER,BCA,510,B,CA\,
ISORDDSC,ISORDDSC,BCA,30,B,CA\,
ISORDECO,ISORDECO,BCA,228,B,CA\,
ISQCSPEC,ISPMINPR,BCA,1161,B,CA\,
ISQCMTHD,ISPMMTHD,BCA,3367,B,CA\,
ISQCSPEC,ISPMRSLT,BCA,1161,B,CA\,
ISQCSPEC,ISPMSPEC,BCA,1161,B,CA\,
ISSOBOX,ISPOBOX,BCA,931,B,CA\,
ISORDDSC,ISPODESC,BCA,30,B,CA\,
ISPOTRK,ISPOHTRK,BCA,201,B,CA\,
ISPOLOG,ISPOLOG,BCA,241,B,CA\,
BKCMACCL,ISPOS,BCA,15,B,CA\,
BKCMACCC,ISPOSC,BCA,30,B,CA\,
ISPOTRK,ISPOTRK,BCA,201,B,CA\,
ISPRCONS,ISPRACON,BCA,1994,B,CA\,
BKPRCURP,ISPRAHST,BCA,1122,B,CA\,
BKPRINFO,ISPRAINF,BCA,4039,B,CA\,
BKPRMSTR,ISPRAMST,BCA,3575,B,CA\,
ISPRCONS,ISPRCONS,BCA,1994,B,CA\,
ISPREQ,ISPREQ,BCA,871,B,CA\,
ISPRESN,ISPRESN,BCA,30,B,CA\,
ISPRINFO,ISPRINFO,BCA,551,B,CA\,
BKPRMSTR,ISPRMSTR,BCA,3575,B,CA\,
BKPRSALE,ISPRSALE,BCA,894,B,CA\,
ISPRTEMP,ISPRTEMP,BCA,122,B,CA\,
ISPRUDD,ISPRUDD,BCA,214,B,CA\,
ISPRUDF,ISPRUDF,BCA,284,B,CA\,
ISPRUDIV,ISPRUDIV,BCA,156,B,CA\,
BKQCMSTR,ISQCAMST,BCA,147,B,CA\,
BKQCTRAN,ISQCATRN,BCA,437,B,CA\,
ISQCMTHD,ISQCMTHD,BCA,3367,B,CA\,
ISQCSPEC,ISQCRSLT,BCA,1161,B,CA\,
ISQCSPEC,ISQCSPEC,BCA,1161,B,CA\,
ISQRYSQL,ISQRYSQL,BCA,1030,B,CA\,
ISQSOA,ISQSOA,BCA,191,B,CA\,
ISCATMST,ISQTCODE,BCA,164,B,CA\,
ISSRINFO,ISQTINFO,BCA,1171,B,CA\,
ISREMIND,ISREMIND,BCA,6950,B,CA\,
ISREPDEF,ISREPDEF,BCA,85,B,CA\,
ISREPLNK,ISREPLNK,BCA,170,B,CA\,
ISREPORD,ISREPORD,BCA,207,B,CA\,
BKAPDESC,ISRFQADS,BCA,120,B,CA\,
BKSBPART,ISRLPART,BCA,105,B,CA\,
ISRMAI,ISRMAAI,BCA,1185,B,CA\,
ISRMAC,ISRMAC,BCA,190,B,CA\,
BKAPDESC,ISRMADSC,BCA,120,B,CA\,
ISRMAI,ISRMAI,BCA,1185,B,CA\,
ISSRINFO,ISRMAINF,BCA,1171,B,CA\,
BKARINV,ISRMAINV,BCA,1551,B,CA\,
BKARINVL,ISRMAIVL,BCA,312,B,CA\,
BKARTXN,ISRMATXN,BCA,251,B,CA\,
BKARTXN,ISRMATXS,BCA,251,B,CA\,
BKAPDESC,ISRMDESC,BCA,120,B,CA\,
ISSRINFO,ISRMHINF,BCA,1171,B,CA\,
ISSRINFO,ISRMINFO,BCA,1171,B,CA\,
BKARINV,ISRMINV,BCA,1551,B,CA\,
BKARINVL,ISRMINVL,BCA,312,B,CA\,
BKARTXN,ISRMTXN,BCA,251,B,CA\,
BKARTXN,ISRMTXNS,BCA,251,B,CA\,
ISROUTEX,ISROUTEX,BCA,2339,B,CA\,
ROUTING,ISRTESA,BCA,1514,B,CA\,
ROUTING,ISRTEST,BCA,1514,B,CA\,
ISRTLOAD,ISRTLOAD,BCA,317,B,CA\,
ISRTMS,ISRTMS,BCA,2286,B,CA\,
BKSBMFG,ISSBAMFG,BCA,223,B,CA\,
BKSBPART,ISSBAPRT,BCA,105,B,CA\,
BKSBVEND,ISSBAVND,BCA,125,B,CA\,
ISSCHED,ISSCHED,BCA,3649,B,CA\,
ISSCOMP,ISSCOMP,BCA,141,B,CA\,
ISSDET,ISSDET,BCA,81,B,CA\,
BKARINV,ISSEDH,BCA,1551,B,CA\,
BKARINVL,ISSEDL,BCA,312,B,CA\,
ISSEPROC,ISSEPROC,BCA,65,B,CA\,
ISSEQUIP,ISSEQUIP,BCA,60,B,CA\,
ISSERCNT,ISSERCNT,BCA,160,B,CA\,
ISSERIAL,ISSERIAL,BCA,258,B,CA\,
ISSERR,ISSERR,BCA,3228,B,CA\,
BKARINV,ISSESH,BCA,1551,B,CA\,
BKARINVL,ISSESL,BCA,312,B,CA\,
ISSETYPE,ISSETYPE,BCA,65,B,CA\,
ISSHIPA,ISSHIPA,BCA,150,B,CA\,
ISSHIPCO,ISSHIPCO,BCA,1175,B,CA\,
ISSHPVIA,ISSHPVIA,BCA,848,B,CA\,
ISSIGN,ISSIGN,BCA,485,B,CA\,
BKMRPFC,ISSLSFC,BCA,91,B,CA\,
ISSMTCFG,ISSMTCFG,BCA,124,B,CA\,
BKARINV,ISSNINV,BCA,1551,B,CA\,
BKARINVL,ISSNINVL,BCA,312,B,CA\,
ISNOTES,ISSNOTES,BCA,6256,B,CA\,
BKARTXN,ISSNTXN,BCA,251,B,CA\,
ISARTXNB,ISSNTXNB,BCA,381,B,CA\,
BKARTXN,ISSNTXNS,BCA,251,B,CA\,
ISSOBOX,ISSOABOX,BCA,931,B,CA\,
ISSOBOX,ISSOAHBX,BCA,931,B,CA\,
ISSRINFO,ISSOAINF,BCA,1171,B,CA\,
BKARTXN,ISSOALOT,BCA,251,B,CA\,
BKARTXN,ISSOASER,BCA,251,B,CA\,
ISSOBOX,ISSOBOX,BCA,931,B,CA\,
ISDIGSIG,ISSODIGS,BCA,757,B,CA\,
ISSOBOX,ISSOHBOX,BCA,931,B,CA\,
ISSRINFO,ISSOHINF,BCA,1171,B,CA\,
ISSRINFO,ISSOINFO,BCA,1171,B,CA\,
ISSOREVU,ISSOREVU,BCA,215,B,CA\,
ISSPC,ISSPC,BCA,1415,B,CA\,
BKAPPO,ISSPOH,BCA,893,B,CA\,
BKAPPOL,ISSPOL,BCA,370,B,CA\,
BKARINV,ISSQTH,BCA,1551,B,CA\,
BKARINVL,ISSQTL,BCA,312,B,CA\,
BKAPDESC,ISSRADSC,BCA,120,B,CA\,
ISSRINFO,ISSRAINF,BCA,1171,B,CA\,
BKARINV,ISSRAINV,BCA,1551,B,CA\,
BKARINVL,ISSRAIVL,BCA,312,B,CA\,
ISSRMMS,ISSRAMMS,BCA,599,B,CA\,
BKARTXN,ISSRATXN,BCA,251,B,CA\,
BKARTXN,ISSRATXS,BCA,251,B,CA\,
BKARINV,ISSRCH,BCA,1551,B,CA\,
BKARINVL,ISSRCL,BCA,312,B,CA\,
BKAPDESC,ISSRDESC,BCA,120,B,CA\,
BKAPPO,ISSRFQH,BCA,893,B,CA\,
BKAPPOL,ISSRFQL,BCA,370,B,CA\,
ISSRINFO,ISSRHINF,BCA,1171,B,CA\,
ISSRINFO,ISSRINFO,BCA,1171,B,CA\,
BKARINV,ISSRINV,BCA,1551,B,CA\,
BKARINVL,ISSRINVL,BCA,312,B,CA\,
BKARINV,ISSRMH,BCA,1551,B,CA\,
BKARINV,ISSRMINV,BCA,1551,B,CA\,
BKARINVL,ISSRMIVL,BCA,312,B,CA\,
BKARINVL,ISSRML,BCA,312,B,CA\,
ISSRMMS,ISSRMMS,BCA,599,B,CA\,
BKARTXN,ISSRTXN,BCA,251,B,CA\,
BKARTXN,ISSRTXNS,BCA,251,B,CA\,
BKARINV,ISSSOH,BCA,1551,B,CA\,
BKARINVL,ISSSOL,BCA,312,B,CA\,
BKARINV,ISSSRH,BCA,1551,B,CA\,
BKARINVL,ISSSRL,BCA,312,B,CA\,
ISSTYPE,ISSTEQUI,BCA,125,B,CA\,
ISSTRACK,ISSTRACK,BCA,1166,B,CA\,
ISSTYPE,ISSTTYPE,BCA,125,B,CA\,
ISSTYPE,ISSTYPE,BCA,125,B,CA\,
ISTAXFIL,ISTAXFIL,BCA,563,B,CA\,
ISTAXGRP,ISTAXGRP,BCA,857,B,CA\,
ISTERMS,ISTERMS,BCA,191,B,CA\,
ISTOOLOG,ISTOOLOG,BCA,1005,B,CA\,
ISTRIGRS,ISTRIGRS,BCA,6664,B,CA\,
ISUDFINV,ISUDFINV,BCA,167,B,CA\,
ISUDMSTR,ISUDMSTR,BCA,185,B,CA\,
ISUSAGE,ISUSAGE,BCA,2103,B,CA\,
ISVAR,ISVAR,BCA,1106,B,CA\,
ISVARSQL,ISVARSQL,BCA,63,B,CA\,
ISVNDADT,ISVNDADT,BCA,699,B,CA\,
ISWOTRAY,ISWOBINS,BCA,1015,B,CA\,
ISWOCLOG,ISWOCLOG,BCA,443,B,CA\,
BKAPDESC,ISWODESC,BCA,120,B,CA\,
ISWOEX,ISWOEX,BCA,1171,B,CA\,
ISWOTRAY,ISWOHBNS,BCA,1015,B,CA\,
BKAPDESC,ISWOHDSC,BCA,120,B,CA\,
ISWOEX,ISWOHEX,BCA,1171,B,CA\,
ISWOPRIO,ISWOPRIO,BCA,139,B,CA\,
ISWOQUE,ISWOQUE,BCA,149,B,CA\,
ISWOROEX,ISWOROEX,BCA,799,B,CA\,
ISWOTRAY,ISWOTRAY,BCA,1015,B,CA\,
ISWOROEX,ISWROHEX,BCA,799,B,CA\,
JGPITEMS,JGPITEMS,BCA,3959,B,CA\,
JSPCNLCD,JSPCNLCD,BCA,165,B,CA\,
JSPCNLSO,JSPCNLSO,BCA,183,B,CA\,
LANGDICT,LANGDICT,BCA,343,B,CA\,
LOT,LOT,BCA,427,B,CA\,
MACHINE,MACHINE,BCA,651,B,CA\,
MKAHIST,MKAHIST,BCA,161,B,CA\,
MKASSIGN,MKASSIGN,BCA,36,B,CA\,
MKDEF,MKDEF,BCA,63,B,CA\,
MKECLASS,MKECLASS,BCA,54,B,CA\,
MKEVENT,MKEVENT,BCA,243,B,CA\,
MKFORM,MKFORM,BCA,105,B,CA\,
MKECLASS,MKICLASS,BCA,54,B,CA\,
MKTCLASS,MKTCLASS,BCA,54,B,CA\,
MKTNOTE,MKTNOTE,BCA,80,B,CA\,
MKTRACK,MKTRACK,BCA,62,B,CA\,
MKTROUT,MKTROUT,BCA,36,B,CA\,
MTEXCHG,MTEXCHG,BCA,127,B,CA\,
MTICMSTR,MTICAMTR,BCA,1533,B,CA\,
MTICMSTR,MTICEMTR,BCA,1533,B,CA\,
MTICMSTR,MTICMSTR,BCA,1533,B,CA\,
MTICMSTR,MTINVDEF,BCA,1533,B,CA\,
MTMRP,MTMRP,BCA,145,B,CA\,
MWOPTEMP,MWOPTEMP,BCA,163,B,CA\,
BKAPDESC,NOTETEMP,BCA,120,B,CA\,
NZITPRE,NZITPRE,BCA,828,B,CA\,
OPQCDESC,OPQCDESC,BCA,161,B,CA\,
OUTPROC,OUTHPROC,BCA,229,B,CA\,
OUTPROC,OUTPROC,BCA,229,B,CA\,
PIBINLOC,PIBINLOC,BCA,212,B,CA\,
PIBINLOT,PIBINLOT,BCA,166,B,CA\,
QCCODES,QCCODES,BCA,32,B,CA\,
ROCHG,ROCHG,BCA,342,B,CA\,
ROUTING,ROUTAING,BCA,1514,B,CA\,
ROUTING,ROUTING,BCA,1514,B,CA\,
ROUTING,ROUTTEMP,BCA,1514,B,CA\,
SCHEDCAL,SCHEDCAL,BCA,29,B,CA\,
SCHWO,SCHWO,BCA,68,B,CA\,
SCRAP,SCRAP,BCA,272,B,CA\,
SERIAL,SERIAL,BCA,417,B,CA\,
SERIAL,SERIALH,BCA,417,B,CA\,
SUMCUST,SUMCUST,BCA,30,B,CA\,
SUMINV,SUMINV,BCA,149,B,CA\,
SUMPNCUS,SUMPNCUS,BCA,45,B,CA\,
SUMWC,SUMWC,BCA,48,B,CA\,
BKCMACTD,TEMPOLD,BCA,116,B,CA\,
TESTARRA,TESTARRA,BCA,110,B,CA\,
TESTFILE,TESTFILE,BCA,247,B,CA\,
TOOL,TOOL,BCA,1134,B,CA\,
CLASMSTR,VENDCLAS,BCA,34,B,CA\,
WCCTL,WCCTL,BCA,37,B,CA\,
WCTRLOAD,WCTRLOAD,BCA,152,B,CA\,
WCTRLOAD,WCTRSLOD,BCA,152,B,CA\,
WOBOM,WOBOM,BCA,496,B,CA\,
WOBOMCHG,WOBOMCHG,BCA,353,B,CA\,
WOBOMREM,WOBOMHRM,BCA,1320,B,CA\,
WOBOMREM,WOBOMREM,BCA,1320,B,CA\,
WODATE,WODATE,BCA,157,B,CA\,
WOLABOR,WOELABOR,BCA,799,B,CA\,
WOMAT,WOEMAT,BCA,466,B,CA\,
WORECV,WOERECV,BCA,131,B,CA\,
WOEXCHG,WOEXCHG,BCA,113,B,CA\,
WOBOM,WOHBOM,BCA,496,B,CA\,
WODATE,WOHDATE,BCA,157,B,CA\,
WOEXCHG,WOHEXCHG,BCA,113,B,CA\,
WOLABOR,WOHLABOR,BCA,799,B,CA\,
WOMAT,WOHMAT,BCA,466,B,CA\,
WORECV,WOHRECV,BCA,131,B,CA\,
WOROUT,WOHROUT,BCA,1590,B,CA\,
WOLABOR,WOLABOR,BCA,799,B,CA\,
WOLABOR,WOLABRPT,BCA,799,B,CA\,
WOMAT,WOMAT,BCA,466,B,CA\,
WORECV,WORECV,BCA,131,B,CA\,
WORKCHG,WORKACHG,BCA,458,B,CA\,
WORKCHG,WORKCHG,BCA,458,B,CA\,
WORKCTR,WORKCTR,BCA,468,B,CA\,
WORKORD,WORKHORD,BCA,1173,B,CA\,
WORKORD,WORKORD,BCA,1173,B,CA\,
WORKORD,WORKSORD,BCA,1173,B,CA\,
WOROCHG,WOROCHG,BCA,352,B,CA\,
WOROUT,WOROUT,BCA,1590,B,CA\,
WOROUT,WOROUTMP,BCA,1590,B,CA\,
WOBOM,WOSBOM,BCA,496,B,CA\,
WOROUT,WOSROUT,BCA,1590,B,CA\,
BKICMSTR,XXICMSTR,BCA,617,B,CA\,
ISBNMSTR,TISBNMSTR20241003082747,TMP,185,B,DRILL\,
BKAPPOL,TBKAPPOL20241012113812,TMP,370,B,DRILL\,
INVTXN,TINVTXN20241015023916,TMP,543,B,DRILL\,
INVTXN,TINVTXN20241015023924,TMP,543,B,DRILL\,
INVTXN,TINVTXN20241015023932,TMP,543,B,DRILL\,
BKBMMSTR,TBKBMMSTR20241017095524,TMP,215,B,DRILL\,
BKBMMSTR,TBKBMMSTR20241017095530,TMP,215,B,DRILL\,
ISBNMSTR,TISBNMSTR20241018020405,TMP,185,B,DRILL\,
ISBNMSTR,TISBNMSTR20241018020417,TMP,185,B,DRILL\,
ISBNMSTR,TISBNMSTR20241031030019,TMP,185,B,DRILL\,
ISBNMSTR,TISBNMSTR20241031030024,TMP,185,B,DRILL\,
BKBMMSTR,TBKBMMSTR20241116091845,TMP,215,B,DRILL\,
INVTXN,TINVTXN20241125025229,TMP,543,B,DRILL\,
INVTXN,TINVTXN20241125025236,TMP,543,B,DRILL\,
WOBOM,TWOBOM20241127105756,TMP,496,B,DRILL\,
BKARINV,TISSSOH20241205114252,TMP,1551,B,DRILL\,
BKARINVL,TBKARINVL20241211083452,TMP,312,B,DRILL\,
ISBNMSTR,TISBNMSTR20241213031859,TMP,185,B,DRILL\,
BKBMMSTR,TBKBMMSTR20241217021930,TMP,215,B,DRILL\,
BKBMMSTR,TBKBMMSTR20241217021934,TMP,215,B,DRILL\,
INVTXN,TINVTXN20241218120005,TMP,543,B,DRILL\,
BKARINVL,TBKARINVL20250120100442,TMP,,B,DRILL\,
ISBINLOC,TISBINLOC20250129114003,TMP,162,B,DRILL\,
ISBINLOC,TISBINLOC20250129114008,TMP,162,B,DRILL\,
ISBINLOC,TISBINLOC20250129114014,TMP,162,B,DRILL\,
ISBNMSTR,TISBNMSTR20250131113635,TMP,185,B,DRILL\,
INVTXN,TINVTXN20250217025548,TMP,543,B,DRILL\,
INVTXN,TINVTXN20250217025550,TMP,543,B,DRILL\,
INVTXN,TINVTXN20250217025555,TMP,543,B,DRILL\,
BKAPPOL,TBKAPHPOL20250219012344,TMP,370,B,DRILL\,
BKBMMSTR,TBKBMMSTR20250220085334,TMP,215,B,DRILL\,
BKBMMSTR,TBKBMMSTR20250220085340,TMP,215,B,DRILL\,
BKAPPOL,TBKAPPOL20250220024226,TMP,370,B,DRILL\,
WOBOM,TWOBOM20250408105934,TMP,496,B,DRILL\,
WORKORD,TWORKORD20250416041131,TMP,1173,B,DRILL\,
INVTXN,TINVTXN20250421113000,TMP,543,B,DRILL\,
BKBMMSTR,TBKBMMSTR20250421123516,TMP,215,B,DRILL\,
BKBMMSTR,TBKBMMSTR20250423114906,TMP,215,B,DRILL\,
BKBMMSTR,TBKBMMSTR20250423114909,TMP,215,B,DRILL\,
INVTXN,TINVTXN20250508085813,TMP,543,B,DRILL\,
INVTXN,TINVTXN20250508085820,TMP,543,B,DRILL\,
INVTXN,TINVTXN20250515120023,TMP,543,B,DRILL\,
BKBMMSTR,TBKBMMSTR20250519104339,TMP,215,B,DRILL\,
ISBNMSTR,TISBNMSTR20250521080714,TMP,185,B,DRILL\,
ISBNMSTR,TISBNMSTR20250521080745,TMP,185,B,DRILL\,
ISBINLOC,TISBINLOC20250529013253,TMP,162,B,DRILL\,
ISBINLOC,TISBINLOC20250529013259,TMP,162,B,DRILL\,
BKARINVL,TBKARINVL20250530044627,TMP,312,B,DRILL\,
BKBMMSTR,TBKBMMSTR20250603124355,TMP,215,B,DRILL\,
BKBMMSTR,TBKBMMSTR20250603124359,TMP,215,B,DRILL\,
BKART,TBKART20250603022444,TMP,70,B,DRILL\,
BKART,TBKART20250603022446,TMP,70,B,DRILL\,
BKBMMSTR,TBKBMMSTR20250606091616,TMP,215,B,DRILL\,
BKBMMSTR,TBKBMMSTR20250606091620,TMP,215,B,DRILL\,
INVTXN,TINVTXN20250611015715,TMP,543,B,DRILL\,
INVTXN,TINVTXN20250611015723,TMP,543,B,DRILL\,
INVTXN,TINVTXN20250611015727,TMP,543,B,DRILL\,
INVTXN,TINVTXN20250611015733,TMP,543,B,DRILL\,
INVTXN,TINVTXN20250611015737,TMP,543,B,DRILL\,
BKART,TBKART20250616113420,TMP,70,B,DRILL\,
INVTXN,TINVTXN20250619111059,TMP,543,B,DRILL\,
BKBMMSTR,TBKBMMSTR20250619010331,TMP,215,B,DRILL\,
BKARINV,TBKARINV20250620050908,TMP,1551,B,DRILL\,
INVTXN,TINVTXN20250623034044,TMP,543,B,DRILL\,
BKBMMSTR,TBKBMMSTR20250630084114,TMP,215,B,DRILL\,
ISBINLOC,TISBINLOC20250709091405,TMP,162,B,DRILL\,
BKBMMSTR,TBKBMMSTR20250714023633,TMP,215,B,DRILL\,
BKARINVL,TBKARINVL20250714045711,TMP,312,B,DRILL\,
BKARINVL,TBKARINVL20250714045714,TMP,312,B,DRILL\,
BKBMMSTR,TBKBMMSTR20250812035137,TMP,215,B,DRILL\,
BKBMMSTR,TBKBMMSTR20250812035140,TMP,215,B,DRILL\,
BKBMMSTR,TBKBMMSTR20250904115752,TMP,215,B,DRILL\,
BKBMMSTR,TBKBMMSTR20250904115756,TMP,215,B,DRILL\,
BKARINVL,TBKARINVL20250908114824,TMP,312,B,DRILL\,
BKAPPOL,TBKAPPOL20250911010652,TMP,370,B,DRILL\,
BKAPPOL,TBKAPPOL20250911010657,TMP,370,B,DRILL\,
BKAPPOL,TBKAPPOL20250911010659,TMP,370,B,DRILL\,
BKBMMSTR,TBKBMMSTR20250916085305,TMP,215,B,DRILL\,
BKBMMSTR,TBKBMMSTR20250916085307,TMP,215,B,DRILL\,
BKBMMSTR,TBKBMMSTR20250916085311,TMP,215,B,DRILL\,
ISBINLOC,TISBINLOC20251006040548,TMP,162,B,DRILL\,
ISBINLOC,TISBINLOC20251006040553,TMP,162,B,DRILL\,
BKARINVT,TBKARINVT20251008120145,TMP,189,B,DRILL\,
BKARINVT,TBKARINVT20251008120209,TMP,189,B,DRILL\,
ISBINLOC,TISBINLOC20251018074517,TMP,162,B,DRILL\,
ISBINLOC,TISBINLOC20251018074521,TMP,162,B,DRILL\,
WOBOM,TWOBOM20251020080922,TMP,496,B,DRILL\,
INVTXN,TINVTXN20251030082203,TMP,543,B,DRILL\,
INVTXN,TINVTXN20251030082209,TMP,543,B,DRILL\,
ISBINLOC,TISBINLOC20251113111735,TMP,162,B,DRILL\,
WOBOM,TWOBOM20251125010348,TMP,496,B,DRILL\,
BKARINV,TBKARINV20251210105405,TMP,1551,B,DRILL\,
BKAPPOL,TBKAPPOL20251217085507,TMP,370,B,DRILL\,
BKAPPOL,TBKAPPOL20251217085511,TMP,370,B,DRILL\,
BKAPPOL,TBKAPPOL20251217085516,TMP,370,B,DRILL\,
BKAPPOL,TBKAPPOL20251217085521,TMP,370,B,DRILL\,
WORKORD,TWORKORD20260113093641,TMP,1173,B,DRILL\,
BKARINVT,TBKARINVT20260209043929,TMP,189,B,DRILL\,
ISBINLOC,TISBINLOC20260224122551,TMP,162,B,DRILL\,
ISBINLOC,TISBINLOC20260224122555,TMP,162,B,DRILL\,
INVTXN,TINVTXN20260303012511,TMP,543,B,DRILL\,
INVTXN,TINVTXN20260303012517,TMP,543,B,DRILL\,
BKBMMSTR,TBKBMMSTR20260319102623,TMP,215,B,DRILL\,
BKBMMSTR,TBKBMMSTR20260319102626,TMP,215,B,DRILL\,
BKICLOC,TBKICLOC20260325120133,TMP,350,B,DRILL\,
INVTXN,TINVTXN20260325120657,TMP,543,B,DRILL\,
WOBOM,TWOBOM20260415101823,TMP,496,B,DRILL\,
BKBMMSTR,TBKBMMSTR20260415125206,TMP,215,B,DRILL\,
BKBMMSTR,TBKBMMSTR20260415125210,TMP,215,B,DRILL\,
WORKORD,TWORKORD20260427020226,TMP,1173,B,DRILL\,
WORKORD,TWORKORD20260427020230,TMP,1173,B,DRILL\,
ISBINLOC,TISBINLOC20260508082848,TMP,162,B,DRILL\,
ISBINLOC,TISBINLOC20260511093556,TMP,162,B,DRILL\,
ISBINLOC,TISBINLOC20260511093602,TMP,162,B,DRILL\,
WORKORD,TWORKORD20260618073237,TMP,1173,B,DRILL\,
BKAPPOL,TBKAPPOL20260626104101,TMP,370,B,DRILL\,
BKAPPOL,TBKAPPOL20260626104106,TMP,370,B,DRILL\,
