table,field_path,offset
AHSYLOG,AHSY.USER.ACCES,0x79dc
AHSYLOG,AHSY.USER.CTRL,0x6014
AHSYLOG,AHSY.USER.KEY,0x82ddc
AHSYLOG,AHSY.USER.LEVL,0x6144
AHSYLOG,AHSY.USER.MENU,0x60ac
AHSYLOG,AHSY.USER.PKEYS,0x7944
BKABCUST,BKAB.EXP,0x7814
BKABCUST,BKAB.PERIOD,0x7f0c
BKABCUST,BKAB.STAND.ALNE,0x7ddc
BKABCUST,BKAB.START,0x78ac
BKABCUST,BKAB.WARNING,0x7e74
BKABVEND,BKAB.REG.NAME,0x7cac
BKABVEND,BKAB.SERIAL,0x7d44
BKACTRPT,BKAC.FROM.CAT  L,0x8f0c
BKACTRPT,BKAC.FROM.CLASSD,0x84ac
BKACTRPT,BKAC.FROM.DATE T,0x8ddc
BKACTRPT,BKAC.FROM.DESC J,0xa0ac
BKACTRPT,BKAC.FROM.PRICE,0x98ac
BKACTRPT,BKAC.FROM.TYPE,0xb30c
BKACTRPT,BKAC.FROM.WOPREp,0x930c
BKACTRPT,BKAC.ITEM.RANGE,0xb144
BKACTRPT,BKAC.NAME,0x870c
BKACTRPT,BKAC.RTM,0x8674
BKACTRPT,BKAC.THRU.AVGC 2,0xa274
BKACTRPT,BKAC.THRU.CAT  P,0x8e74
BKACTRPT,BKAC.THRU.CLASSH,0x8414
BKACTRPT,BKAC.THRU.DATE X,0x8d44
BKACTRPT,BKAC.THRU.DESC h,0xa014
BKACTRPT,BKAC.THRU.LOC  f,0x8c14
BKACTRPT,BKAC.THRU.PART 5,0x8544
BKACTRPT,BKAC.THRU.SER,0x9944
BKACTRPT,BKAC.THRU.STDC B,0xa144
BKACTRPT,BKAC.THRU.TYPE,0xb274
BKACTRPT,BKAC.THRU.WOPREx,0x9274
BKACTRPT,BKAC.TYPE,0x7c14
BKACTRPT,BKAC.TYPE.RANGE,0xb1dc
BKAPCHKF,BKAP.CHK.AMTPD,0xba74
BKAPCHKF,BKAP.CHK.CHKACTR,0xb70c
BKAPCHKF,BKAP.CHK.CHKDTET,0xb014
BKAPCHKF,BKAP.CHK.CHKKEYJ,0xb674
BKAPCHKF,BKAP.CHK.DESC  -,0xb4ac
BKAPCHKF,BKAP.CHK.INVAMT,0xb9dc
BKAPCHKF,BKAP.CHK.INVDTEF,0xb544
BKAPCHKF,BKAP.CHK.INVNUM,0xb944
BKAPCHKF,BKAP.CHK.ISCUR X,0xb0ac
BKAPCHKF,BKAP.CHK.KEYF,0xb8ac
BKAPCHKF,BKAP.CHK.NUM   J,0xb5dc
BKAPCHKF,BKAP.CHK.VNDCOD,0xb814
BKAPDESC,BK.DESC.CODE,0xcb0c
BKAPDESC,BK.DESC.DESC   _,0xc70c
BKAPDESC,BK.DESC.KEY,0xc544
BKAPDESC,BK.DESC.KEY2,0xc414
BKAPDESC,BK.DESC.LINE,0xc5dc
BKAPDESC,BK.DESC.NOTES,0xc674
BKAPDESC,BK.DESC.NUM,0xc4ac
BKAPINVL,BKAP.INVL.APDPTb,0xc814
BKAPINVL,BKAP.INVL.CHK  f,0xc8ac
BKAPINVL,BKAP.INVL.CODE,0xd9dc
BKAPINVL,BKAP.INVL.DAMT,0xcf0c
BKAPINVL,BKAP.INVL.DATE,0xdb0c
BKAPINVL,BKAP.INVL.DC   l,0xcddc
BKAPINVL,BKAP.INVL.DESC,0xd014
BKAPINVL,BKAP.INVL.EXTRAh,0xc944
BKAPINVL,BKAP.INVL.GLACTR,0xccac
BKAPINVL,BKAP.INVL.NUM,0xda74
BKAPINVL,BKAP.INVL.TAMT I,0xd30c
BKAPINVL,BKAP.INVL.TDC  Q,0xcc14
BKAPINVL,BKAP.INVL.TERMD1,0xd0ac
BKAPINVL,BKAP.INVL.TYPENG,0xd274
BKAPINVT,BKAP.INVT.AMT,0xef0c
BKAPINVT,BKAP.INVT.AMTRM,0xe414
BKAPINVT,BKAP.INVT.CODE,0xed44
BKAPINVT,BKAP.INVT.DATE,0xeddc
BKAPINVT,BKAP.INVT.EXTRAL,0xdc14
BKAPINVT,BKAP.INVT.GLDPTD,0xe674
BKAPINVT,BKAP.INVT.KEY,0xecac
BKAPINVT,BKAP.INVT.NUM,0xee74
BKAPINVT,BKAP.INVT.SDATEH,0xe70c
BKAPINVT,BKAP.INVT.TERMNB,0xe5dc
BKAPINVT,BKAP.INVT.TYPE A,0xe544
BKAPNOTE,BKAP.NOTE.DATE,0xf674
BKAPNOTE,BKAP.NOTE.ENTBY,0xf70c
BKAPNOTE,BKAP.NOTE.KEY1,0xf544
BKAPNOTE,BKAP.NOTE.SRCH1,0xf4ac
BKAPNOTE,BKAP.NOTE.SRCH2,0xf5dc
BKAPPO,BKAP.PO.CONFIRMJ,0x11144
BKAPPO,BKAP.PO.DESC   r,0x10ddc
BKAPPO,BKAP.PO.ENTBY  8,0x1170c
BKAPPO,BKAP.PO.INVNUM B,0xfe74
BKAPPO,BKAP.PO.ISBROKEZ,0xf8ac
BKAPPO,BKAP.PO.ISCUR  i,0xfa74
BKAPPO,BKAP.PO.ISMCDT V,0xf814
BKAPPO,BKAP.PO.ISREV  d,0xf944
BKAPPO,BKAP.PO.ISRVDT e,0xf9dc
BKAPPO,BKAP.PO.ISTXGR L,0xff0c
BKAPPO,BKAP.PO.NL     h,0x10cac
BKAPPO,BKAP.PO.NUM,0x13274
BKAPPO,BKAP.PO.ORDDTE L,0x111dc
BKAPPO,BKAP.PO.PCKSLP l,0xfb0c
BKAPPO,BKAP.PO.PRTD,0x1330c
BKAPPO,BKAP.PO.SHPA3  1,0x10674
BKAPPO,BKAP.PO.SHPATN m,0xfc14
BKAPPO,BKAP.PO.SHPCNT O,0x1070c
BKAPPO,BKAP.PO.SHPST,0x11414
BKAPPO,BKAP.PO.SHPVIA,0x11544
BKAPPO,BKAP.PO.SHPZIP,0x114ac
BKAPPO,BKAP.PO.SUBTOT P,0x11274
BKAPPO,BKAP.PO.TAXABLEI,0x110ac
BKAPPO,BKAP.PO.TAXAMT X,0x1130c
BKAPPO,BKAP.PO.TAXRTE j,0x10d44
BKAPPO,BKAP.PO.TERMNM 6,0x11674
BKAPPO,BKAP.PO.VNDA1  1,0x12544
BKAPPO,BKAP.PO.VNDA2  O,0x125dc
BKAPPO,BKAP.PO.VNDATN,0x105dc
BKAPPO,BKAP.PO.VNDCOD,0x12414
BKAPPO,BKAP.PO.VNDCTY m,0x12674
BKAPPO,BKAP.PO.VNDNME,0x124ac
BKAPPOL,BKAP.POL.CNTR,0x14814
BKAPPOL,BKAP.POL.ERD,0x148ac
BKAPPOL,BKAP.POL.GLA   d,0x14674
BKAPPOL,BKAP.POL.GLDPTAn,0x1470c
BKAPPOL,BKAP.POL.INVDTEb,0x130ac
BKAPPOL,BKAP.POL.INVNUMP,0x1370c
BKAPPOL,BKAP.POL.ITYPE c,0x145dc
BKAPPOL,BKAP.POL.KEY,0x15674
BKAPPOL,BKAP.POL.PCODE,0x14944
BKAPPOL,BKAP.POL.PCONV Z,0x13014
BKAPPOL,BKAP.POL.PDESC,0x149dc
BKAPPOL,BKAP.POL.PDISC K,0x14414
BKAPPOL,BKAP.POL.PEXT  S,0x144ac
BKAPPOL,BKAP.POL.PKSQTYj,0x131dc
BKAPPOL,BKAP.POL.PONM,0x1570c
BKAPPOL,BKAP.POL.PPRCE C,0x14b0c
BKAPPOL,BKAP.POL.PSTDTEf,0x13144
BKAPPOL,BKAP.POL.RQTY  s,0x13cac
BKAPPOL,BKAP.POL.TXBLE r,0x13c14
BKAPVEND,BKAP.ADD2      d,0x15414
BKAPVEND,BKAP.ADD3,0x17014
BKAPVEND,BKAP.CLASS     N,0x164ac
BKAPVEND,BKAP.CREDLIM   s,0x76944
BKAPVEND,BKAP.CUST.CODE d,0x76a74
BKAPVEND,BKAP.HIST.YN   T,0x16f0c
BKAPVEND,BKAP.IS.DCODE  a,0x76b0c
BKAPVEND,BKAP.IS.TAXGRP S,0x17544
BKAPVEND,BKAP.LASTPMT,0x15ddc
BKAPVEND,BKAP.LASTPURCH,0x15e74
BKAPVEND,BKAP.NEW.VEND  I,0x165dc
BKAPVEND,BKAP.NOTES     a,0x16d44
BKAPVEND,BKAP.OUT.CREDITA,0x16674
BKAPVEND,BKAP.OUTINV,0x15f0c
BKAPVEND,BKAP.PURCH.LYR 1,0x15c14
BKAPVEND,BKAP.PURCH.VAR 9,0x1670c
BKAPVEND,BKAP.REM.STATE _,0x16ddc
BKAPVEND,BKAP.REM.ZIP   U,0x16e74
BKAPVEND,BKAP.START.DATEJ,0x16544
BKAPVEND,BKAP.TELEPHONE N,0x15944
BKAPVEND,BKAP.TERMS.NUM R,0x16414
BKAPVEND,BKAP.VENDCODE,0x155dc
BKAPVEND,BKAP.VENDNAME,0x15544
BKAPVND2,BKAP2.A1,0x199dc
BKAPVND2,BKAP2.A10,0x19b0c
BKAPVND2,BKAP2.A10L     K,0x19014
BKAPVND2,BKAP2.A1L,0x19a74
BKAPVND2,BKAP2.A30      E,0x190ac
BKAPVND2,BKAP2.ID,0x198ac
BKAPVND2,BKAP2.N12L,0x18814
BKAPVND2,BKAP2.N6,0x188ac
BKAPVND2,BKAP2.N6L      -,0x18944
BKAPVND2,BKAP2.SEND.1099,0x19944
BKAPVND2,BKAP2.VENDCODE,0x19814
BKARCUST,BKAR.ADD2      F,0x19d44
BKARCUST,BKAR.COGS.LYR  B,0x1b674
BKARCUST,BKAR.COGS.MTD,0x1a814
BKARCUST,BKAR.COGS.PVAR b,0x1b414
BKARCUST,BKAR.COMM,0x1d30c
BKARCUST,BKAR.COOP.AMT  4,0x1d144
BKARCUST,BKAR.CREDIT.HLD,0x6c014
BKARCUST,BKAR.CUST.YEAR Y,0x1d544
BKARCUST,BKAR.CUSTCODE,0x19f0c
BKARCUST,BKAR.CUSTNAME,0x19e74
BKARCUST,BKAR.EXTRA,0x1df0c
BKARCUST,BKAR.FOLUPDTE,0x1c414
BKARCUST,BKAR.FORECAST  M,0x1d5dc
BKARCUST,BKAR.GROSS.PVARZ,0x1b4ac
BKARCUST,BKAR.GROSS.YTD,0x1addc
BKARCUST,BKAR.NET.LYR   J,0x1b5dc
BKARCUST,BKAR.NET.MTD,0x1af0c
BKARCUST,BKAR.NET.PVAR  j,0x7670c
BKARCUST,BKAR.NEW.CUST  z,0x735dc
BKARCUST,BKAR.PNET.LYR  R,0x1b544
BKARCUST,BKAR.PNET.MTD,0x1ae74
BKARCUST,BKAR.PNET.PVAR r,0x76674
BKARCUST,BKAR.PNET.YTD  2,0x1ac14
BKARCUST,BKAR.PURCH.AGMTL,0x1d674
BKARCUST,BKAR.QC.INFO   e,0x1d4ac
BKARCUST,BKAR.SHIPVIA,0x1c4ac
BKARCUST,BKAR.SIC.CODE  E,0x1d70c
BKARDEP,BKAR.DEP.CUST,0x1e414
BKARDEP,BKAR.DEP.DATE,0x1e4ac
BKARDEP,BKAR.DEP.DEPNO,0x1ef0c
BKARDEP,BKAR.DEP.EXTRA,0x1e674
BKARDEP,BKAR.DEP.SO,0x1e544
BKARDEP,BKAR.DEP.SR,0x1e5dc
BKARHTAX,BKAR.TAX.CODE,0x1eddc
BKARHTAX,BKAR.TAX.ID,0x1ed44
BKARHTAX,BKAR.TAX.INVNO,0x1ee74
BKARINV,BKAR.INV.ALPHASp,0x24014
BKARINV,BKAR.INV.AVATAX4,0x24144
BKARINV,BKAR.INV.BILA2 A,0x22e74
BKARINV,BKAR.INV.BILA3 _,0x22ddc
BKARINV,BKAR.INV.BILNME,0x22014
BKARINV,BKAR.INV.COGS  1,0x20ddc
BKARINV,BKAR.INV.CUSA1,0x1f014
BKARINV,BKAR.INV.CUSCOD,0x1f0ac
BKARINV,BKAR.INV.DATES,0x24f0c
BKARINV,BKAR.INV.DESC  C,0x20c14
BKARINV,BKAR.INV.DROP,0x24e74
BKARINV,BKAR.INV.FLAGS f,0x240ac
BKARINV,BKAR.INV.FRGHT n,0x21544
BKARINV,BKAR.INV.GLDPT a,0x2170c
BKARINV,BKAR.INV.INDATEy,0x23144
BKARINV,BKAR.INV.INVCD,0x1f1dc
BKARINV,BKAR.INV.INVDTE,0x1f144
BKARINV,BKAR.INV.LOC   v,0x214ac
BKARINV,BKAR.INV.NL    9,0x20d44
BKARINV,BKAR.INV.NUM,0x1f30c
BKARINV,BKAR.INV.RTS   m,0x215dc
BKARINV,BKAR.INV.SHPA1 G,0x2030c
BKARINV,BKAR.INV.SHPA2 e,0x20274
BKARINV,BKAR.INV.SHPCOD,0x1fcac
BKARINV,BKAR.INV.SHPST,0x1fddc
BKARINV,BKAR.INV.SHPZIP,0x1fd44
BKARINV,BKAR.INV.SONUM,0x1f274
BKARINV,BKAR.INV.SUBTOT,0x20414
BKARINV,BKAR.INV.TAXABL,0x204ac
BKARINVI,BKAR.INVI.COMM T,0x258ac
BKARINVI,BKAR.INVI.COOP l,0x24d44
BKARINVI,BKAR.INVI.ESD,0x2530c
BKARINVI,BKAR.INVI.EXTRML,0x259dc
BKARINVI,BKAR.INVI.FRGHTd,0x25944
BKARINVI,BKAR.INVI.INVNM,0x24c14
BKARINVI,BKAR.INVI.ITYPEK,0x25a74
BKARINVI,BKAR.INVI.PCODE,0x25274
BKARINVI,BKAR.INVI.PCOGSC,0x25b0c
BKARINVI,BKAR.INVI.PDISC3,0x250ac
BKARINVI,BKAR.INVI.SONUM,0x24cac
BKARINVI,BKAR.INVI.TAX  t,0x24ddc
BKARINVL,BKAR.INVL.CNTR,0x27f0c
BKARINVL,BKAR.INVL.ESD,0x26c14
BKARINVL,BKAR.INVL.INVNM,0x27e74
BKARINVL,BKAR.INVL.ITYPEc,0x26944
BKARINVL,BKAR.INVL.KEY,0x27ddc
BKARINVL,BKAR.INVL.LOC  v,0x264ac
BKARINVL,BKAR.INVL.PCODE,0x26cac
BKARINVL,BKAR.INVL.PDESC,0x26d44
BKARINVL,BKAR.INVL.PDISCK,0x26f0c
BKARINVL,BKAR.INVL.PEXT S,0x26814
BKARINVL,BKAR.INVL.PPRCEC,0x26e74
BKARINVL,BKAR.INVL.RTS  u,0x26414
BKARINVL,BKAR.INVL.SCCOG0,0x25814
BKARINVL,BKAR.INVL.TXBLEd,0x269dc
BKARINVL,BKAR.INVL.UBO  e,0x26a74
BKARINVL,BKAR.INVL.USTD m,0x26b0c
BKARINVT,BKAR.INVT.AMT,0x28674
BKARINVT,BKAR.INVT.AMTRM,0x2870c
BKARINVT,BKAR.INVT.CODE,0x29274
BKARINVT,BKAR.INVT.DATE,0x28544
BKARINVT,BKAR.INVT.DEPSTH,0x2830c
BKARINVT,BKAR.INVT.EXTRAK,0x27cac
BKARINVT,BKAR.INVT.GLDPTB,0x281dc
BKARINVT,BKAR.INVT.NUM,0x285dc
BKARINVT,BKAR.INVT.SLSP F,0x28274
BKARINVT,BKAR.INVT.SLSP2I,0x27c14
BKARINVT,BKAR.INVT.TYPE A,0x28144
BKARINVV,BKAR.INVV.CODE,0x2b4ac
BKARINVV,BKAR.INVV.COGS _,0x290ac
BKARINVV,BKAR.INVV.COMPR7,0x295dc
BKARINVV,BKAR.INVV.COOP O,0x2970c
BKARINVV,BKAR.INVV.DATE,0x2b70c
BKARINVV,BKAR.INVV.DESC,0x2a014
BKARINVV,BKAR.INVV.EXTRAl,0x291dc
BKARINVV,BKAR.INVV.FLAG g,0x29144
BKARINVV,BKAR.INVV.FRGHTG,0x29674
BKARINVV,BKAR.INVV.GLACTO,0x29d44
BKARINVV,BKAR.INVV.KEY,0x2b5dc
BKARINVV,BKAR.INVV.NUM,0x2b674
BKARINVV,BKAR.INVV.SLSP 3,0x29544
BKARINVV,BKAR.INVV.TAMT F,0x29c14
BKARINVV,BKAR.INVV.TAX  W,0x29014
BKARINVV,BKAR.INVV.TDC  N,0x29cac
BKARINVV,BKAR.INVV.TERMD.,0x2a144
BKARINVV,BKAR.INVV.TERMN8,0x2a1dc
BKARINVV,BKAR.INVV.TYPEND,0x2a30c
BKART,BKART.AMOUNT,0x2b944
BKART,BKART.CUST,0x2b414
BKART,BKART.DISC,0x2b9dc
BKART,BKART.INVC     5,0x2bddc
BKART,BKART.NOTE     E,0x2bcac
BKART,BKART.TRXN,0x2bb0c
BKART,BKART.TRXNLINK -,0x2be74
BKART,BKART.TYPE,0x2ba74
BKARTNOT,BKART.NOT.CNTR,0x2cb0c
BKARTNOT,BKART.NOT.DESC,0x2ca74
BKARTNOT,BKART.NOT.TRXN,0x2bc14
BKARTXN,BKAR.TXN.CODE,0x2d9dc
BKARTXN,BKAR.TXN.DATE  e,0x2cd44
BKARTXN,BKAR.TXN.DESC,0x2da74
BKARTXN,BKAR.TXN.KEY,0x2d8ac
BKARTXN,BKAR.TXN.LINE  x,0x2ce74
BKARTXN,BKAR.TXN.QTY   5,0x2db0c
BKARTXN,BKAR.TXN.SERIALL,0x2ccac
BKARTXN,BKAR.TXN.SONUM,0x2d944
BKARTXN,BKAR.TXN.STOCK i,0x2cddc
BKBMCNFG,BKBM.CNFG.AUTO,0x2dd44
BKBMCNFG,BKBM.CNFG.GLACT,0x2de74
BKBMCNFG,BKBM.CNFG.GLDPT,0x2dddc
BKBMCNFG,BKBM.CNFG.LABOR,0x2d814
BKBMCNFG,BKBM.CNFG.NUM,0x2df0c
BKBMCNFG,BKBM.CNFG.POST,0x2dcac
BKBMCNFG,BKBM.CNFG.ROLL,0x2dc14
BKBMDIM,BKBM.DIM.COMP,0x2e4ac
BKBMDIM,BKBM.DIM.EXTRA T,0x2e414
BKBMDIM,BKBM.DIM.KEY,0x2e5dc
BKBMDIM,BKBM.DIM.LINE,0x2e544
BKBMDIM,BKBM.DIM.MACH  0,0x2e1dc
BKBMDIM,BKBM.DIM.PARENT,0x2e30c
BKBMDIM,BKBM.DIM.PART.X,0x2e674
BKBMDIM,BKBM.DIM.REMN.XD,0x2e70c
BKBMDIM,BKBM.DIM.REMN.YL,0x2e274
BKBMDIM,BKBM.DIM.TRIM.X4,0x2e0ac
BKBMMSTR,BKBM.COMPONENT,0x30274
BKBMMSTR,BKBM.DATE1     h,0x2f274
BKBMMSTR,BKBM.DATE2     l,0x2f30c
BKBMMSTR,BKBM.EXTRA     p,0x2ec14
BKBMMSTR,BKBM.KEY,0x30144
BKBMMSTR,BKBM.PARENT,0x300ac
BKBMMSTR,BKBM.PROD.DUPOPX,0x2f0ac
BKBMMSTR,BKBM.PROD.OP   E,0x2f5dc
BKBMMSTR,BKBM.PROD.OPDSCY,0x2f144
BKBMMSTR,BKBM.PROD.OPYN H,0x2f674
BKBMMSTR,BKBM.PROD.PRICEN,0x2f70c
BKBMMSTR,BKBM.PROD.RTNUMV,0x2f014
BKBMMSTR,BKBM.QTY.REQD,0x3030c
BKBMNOTE,BKBM.NT.NOTE,0x3070c
BKBMNOTE,BKBM.NT.PARENT,0x30014
BKBMREMK,BKBM.RM.COMP,0x304ac
BKBMREMK,BKBM.RM.KEY,0x3170c
BKBMREMK,BKBM.RM.LINE,0x30414
BKBMREMK,BKBM.RM.PARENT,0x31674
BKBMREMK,BKBM.RM.REMARK,0x30544
BKCMACCC,BKCM.ACCC.CCODE,0x31544
BKCMACCC,BKCM.ACCC.DESC,0x315dc
BKCMACCL,BKCM.ACCL.CLASS,0x314ac
BKCMACCL,BKCM.ACCL.CODE,0x31b0c
BKCMACCL,BKCM.ACCL.KEY,0x31414
BKCMACCN,BKCM.ACCN.CODE,0x31a74
BKCMACCN,BKCM.ACCN.CONT,0x319dc
BKCMACCN,BKCM.ACCN.DTLBLC,0x32414
BKCMACCN,BKCM.ACCN.EXTRAV,0x31f0c
BKCMACCN,BKCM.ACCN.M2LBL,0x32b0c
BKCMACCN,BKCM.ACCN.PHONEb,0x318ac
BKCMACCN,BKCM.ACCN.TITLE6,0x31944
BKCMACCT,BKCM.ACCT.ADD1 8,0x32f0c
BKCMACCT,BKCM.ACCT.ADD2 V,0x32e74
BKCMACCT,BKCM.ACCT.ADD3 t,0x32ddc
BKCMACCT,BKCM.ACCT.ALPHA,0x328ac
BKCMACCT,BKCM.ACCT.CEXP p,0x34a74
BKCMACCT,BKCM.ACCT.CMPNMt,0x349dc
BKCMACCT,BKCM.ACCT.CNUM W,0x34b0c
BKCMACCT,BKCM.ACCT.CODE,0x329dc
BKCMACCT,BKCM.ACCT.CUST Q,0x341dc
BKCMACCT,BKCM.ACCT.DLOADI,0x3430c
BKCMACCT,BKCM.ACCT.FTHRE,0x34544
BKCMACCT,BKCM.ACCT.FTWO,0x345dc
BKCMACCT,BKCM.ACCT.LEAD R,0x34144
BKCMACCT,BKCM.ACCT.NAME,0x32814
BKCMACCT,BKCM.ACCT.OLDCD,0x32944
BKCMACCT,BKCM.ACCT.PHONE,0x33544
BKCMACCT,BKCM.ACCT.REM  _,0x3470c
BKCMACCT,BKCM.ACCT.REP  D,0x33414
BKCMACCT,BKCM.ACCT.SICCDJ,0x34274
BKCMACCT,BKCM.ACCT.STARTW,0x340ac
BKCMACFC,BKCM.ACFC.DESC,0x34ddc
BKCMACFC,BKCM.ACFC.FCODE,0x34e74
BKCMACFC,BKCM.ACFC.REP,0x34d44
BKCMACTD,BKCM.ACTD.CODE,0x35ddc
BKCMACTD,BKCM.ACTD.DATE,0x34c14
BKCMACTD,BKCM.ACTD.DCODE,0x35f0c
BKCMACTD,BKCM.ACTD.EXTRA,0x34cac
BKCMACTD,BKCM.ACTD.KEY,0x35d44
BKCMACTD,BKCM.ACTD.KEY2,0x35e74
BKCMACTF,BKCM.ACTF.CODE,0x3670c
BKCMACTF,BKCM.ACTF.DATE,0x36274
BKCMACTF,BKCM.ACTF.DLOADB,0x35c14
BKCMACTF,BKCM.ACTF.KEY,0x361dc
BKCMACTF,BKCM.ACTF.KEY2,0x36014
BKCMACTF,BKCM.ACTF.REM,0x3630c
BKCMACTF,BKCM.ACTF.REP,0x360ac
BKCMACTF,BKCM.ACTF.SO   C,0x35cac
BKCMACTF,BKCM.ACTF.TYPE,0x36144
BKCMACTH,BKCM.ACTH.BILLD_,0x36814
BKCMACTH,BKCM.ACTH.CD,0x36544
BKCMACTH,BKCM.ACTH.CNTCTf,0x37144
BKCMACTH,BKCM.ACTH.CODE,0x37674
BKCMACTH,BKCM.ACTH.DATE,0x37544
BKCMACTH,BKCM.ACTH.EVENT,0x364ac
BKCMACTH,BKCM.ACTH.FLINEa,0x37274
BKCMACTH,BKCM.ACTH.KEY,0x375dc
BKCMACTH,BKCM.ACTH.KEY2,0x37414
BKCMACTH,BKCM.ACTH.LINE,0x365dc
BKCMACTH,BKCM.ACTH.PHONE,0x36414
BKCMACTH,BKCM.ACTH.RATE,0x370ac
BKCMACTH,BKCM.ACTH.RECVDb,0x371dc
BKCMACTH,BKCM.ACTH.REP,0x36674
BKCMACTH,BKCM.ACTH.START,0x36b0c
BKCMACTH,BKCM.ACTH.STOP,0x36a74
BKCMCNTD,BKCM.CNTD.TITLE,0x38274
BKCMCNTD,BKCM.CNTD.TTLE1,0x3830c
BKCMCTRL,BKCM.CTRL.USER,0x380ac
BKCMDTCD,BKCM.DTCD.DCODE,0x38014
BKCMDTCD,BKCM.DTCD.DESC,0x3870c
BKCMDUN,BKCM.DUN.AGE,0x38ddc
BKCMDUN,BKCM.DUN.FORM,0x38e74
BKCMDUN,BKCM.DUN.REP,0x38d44
BKCMDUNH,BKCM.DUNH.ACCT,0x39a74
BKCMDUNH,BKCM.DUNH.AGE,0x39b0c
BKCMDUNH,BKCM.DUNH.AMT,0x38c14
BKCMDUNH,BKCM.DUNH.DATE,0x39944
BKCMDUNH,BKCM.DUNH.FORM,0x398ac
BKCMDUNH,BKCM.DUNH.KEY,0x399dc
BKCMFORM,BKCM.FORM.CODE,0x3a274
BKCMFORM,BKCM.FORM.DESC _,0x395dc
BKCMFORM,BKCM.FORM.KEY,0x39814
BKCMFORM,BKCM.FORM.LINE,0x3970c
BKCMFORM,BKCM.FORM.LNSPG,0x394ac
BKCMFORM,BKCM.FORM.NOTE,0x39674
BKCMFTME,BKCM.FTME.ATIME1,0x3a674
BKCMFTME,BKCM.FTME.CODE,0x3a1dc
BKCMFTME,BKCM.FTME.DESC,0x3a144
BKCMFTME,BKCM.FTME.FTIME,0x3a0ac
BKCMFTME,BKCM.FTME.LASTP-,0x3a014
BKCMFTME,BKCM.FTME.NTIME3,0x3a5dc
BKCMHCD2,BKCM.HCD2.CCODE,0x3aa74
BKCMHCD2,BKCM.HCD2.CPART,0x3a4ac
BKCMHCD2,BKCM.HCD2.HCODE,0x3a944
BKCMHCD2,BKCM.HCD2.PCODE,0x3a9dc
BKCMHCD2,BKCM.HCD2.PPART,0x3a414
BKCMHCD2,BKCM.HCD2.RCODE,0x3ab0c
BKCMHCOD,BKCM.HCOD.DESC,0x3ac14
BKCMHCOD,BKCM.HCOD.FPARTF,0x3a8ac
BKCMHCOD,BKCM.HCOD.HCODE,0x3bb0c
BKCMHCOD,BKCM.HCOD.NPART7,0x3a814
BKCMHCOD,BKCM.HCOD.RATE,0x3ad44
BKCMHCOD,BKCM.HCOD.WINDW,0x3acac
BKCMLEAD,BKCM.LEAD.DESC,0x3ba74
BKCMLEAD,BKCM.LEAD.SCODE,0x3b9dc
BKCMMHST,BKCM.MHST.DESC,0x3d414
BKCMMHST,BKCM.MHST.FORM q,0x3b944
BKCMMHST,BKCM.MHST.FREP e,0x3be74
BKCMMHST,BKCM.MHST.MCODE,0x3df0c
BKCMMHST,BKCM.MHST.NOCUSd,0x3bddc
BKCMMHST,BKCM.MHST.REM  p,0x3b8ac
BKCMMHST,BKCM.MHST.SORT o,0x3b814
BKCMMHST,BKCM.MHST.STAT Y,0x3bd44
BKCMMHST,BKCM.MHST.TREP j,0x3bf0c
BKCMPCFC,BKCM.PCFC.DESC,0x3dddc
BKCMPCFC,BKCM.PCFC.FCODE,0x3dd44
BKCMPCFC,BKCM.PCFC.REP,0x3de74
BKCMPCNT,BKCM.PCNT.ADD1 3,0x3e9dc
BKCMPCNT,BKCM.PCNT.ADD2 Q,0x3ea74
BKCMPCNT,BKCM.PCNT.ADD3 o,0x3eb0c
BKCMPCNT,BKCM.PCNT.ALPHA,0x3e8ac
BKCMPCNT,BKCM.PCNT.CCODE,0x3fb0c
BKCMPCNT,BKCM.PCNT.EXTRA8,0x3f274
BKCMPCNT,BKCM.PCNT.NAME,0x3e944
BKCMPCNT,BKCM.PCNT.PHONE,0x3dc14
BKCMPCNT,BKCM.PCNT.REM  H,0x3f1dc
BKCMPCNT,BKCM.PCNT.REP,0x3f0ac
BKCMPCNT,BKCM.PCNT.SDATED,0x3f144
BKCMPCTF,BKCM.PCTF.CCODE,0x3f814
BKCMPCTF,BKCM.PCTF.DATE,0x3f9dc
BKCMPCTF,BKCM.PCTF.REM,0x3fa74
BKCMPCTF,BKCM.PCTF.REP,0x3f8ac
BKCMPCTF,BKCM.PCTF.TYPE,0x3f944
BKCMPCTH,BKCM.PCTH.CCODE,0x401dc
BKCMPCTH,BKCM.PCTH.DATE,0x4030c
BKCMPCTH,BKCM.PCTH.EVENT,0x3fddc
BKCMPCTH,BKCM.PCTH.EXTRAT,0x40144
BKCMPCTH,BKCM.PCTH.FLINES,0x3ff0c
BKCMPCTH,BKCM.PCTH.KEY,0x40274
BKCMPCTH,BKCM.PCTH.KEY2,0x3fc14
BKCMPCTH,BKCM.PCTH.LINE,0x3fd44
BKCMPCTH,BKCM.PCTH.REM,0x3fe74
BKCMPCTH,BKCM.PCTH.REP,0x3fcac
BKCMREP,BKCM.REP.AADD  M,0x40f0c
BKCMREP,BKCM.REP.CHANGEK,0x40ddc
BKCMREP,BKCM.REP.DDCODEH,0x41014
BKCMREP,BKCM.REP.DFCODEE,0x411dc
BKCMREP,BKCM.REP.DHCODEC,0x41144
BKCMREP,BKCM.REP.EMP   7,0x4130c
BKCMREP,BKCM.REP.FNAME N,0x40014
BKCMREP,BKCM.REP.FNMEMI,0x40cac
BKCMREP,BKCM.REP.FTITLEg,0x400ac
BKCMREP,BKCM.REP.GWARN L,0x40e74
BKCMREP,BKCM.REP.LNAME,0x40c14
BKCMREP,BKCM.REP.PSWD  9,0x410ac
BKCMREP,BKCM.REP.REP,0x40d44
BKCMREP,BKCM.REP.VIEW  J,0x41274
BKCMSBDF,BKCM.SBDF.BINC,0x418ac
BKCMSBDF,BKCM.SBDF.DHOLD,0x41b0c
BKCMSBDF,BKCM.SBDF.ICONV,0x419dc
BKCMSBDF,BKCM.SBDF.MINC,0x41944
BKCMSBDF,BKCM.SBDF.NCHG,0x41a74
BKCMTEMP,BKCMT.CODE,0x41814
BKCMTEMP,BKCMT.GROUP,0x42674
BKCMTEMP,BKCMT.KEYF,0x4270c
BKCMTERR,BKCM.TERR.DESC,0x42cac
BKCMTERR,BKCM.TERR.FLAGS,0x42f0c
BKCMTERR,BKCM.TERR.TCODE,0x42c14
BKCMVNDF,BKCM.VNDF.DATE,0x434ac
BKCMVNDF,BKCM.VNDF.KEY,0x43f0c
BKCMVNDF,BKCM.VNDF.KEY2,0x435dc
BKCMVNDF,BKCM.VNDF.PO   B,0x43e74
BKCMVNDF,BKCM.VNDF.REM,0x43414
BKCMVNDF,BKCM.VNDF.REP,0x43674
BKCMVNDF,BKCM.VNDF.TYPE,0x4370c
BKCMVNDF,BKCM.VNDF.VCODE,0x43544
BKCMVNDH,BKCM.VNDH.DATE,0x43d44
BKCMVNDH,BKCM.VNDH.EVENT,0x44274
BKCMVNDH,BKCM.VNDH.EXTRAT,0x44014
BKCMVNDH,BKCM.VNDH.FLINES,0x44144
BKCMVNDH,BKCM.VNDH.KEY,0x43ddc
BKCMVNDH,BKCM.VNDH.KEY2,0x43cac
BKCMVNDH,BKCM.VNDH.LINE,0x4430c
BKCMVNDH,BKCM.VNDH.REM,0x441dc
BKCMVNDH,BKCM.VNDH.REP,0x43c14
BKCMVNDH,BKCM.VNDH.VCODE,0x440ac
BKCMVNFC,BKCM.VNFC.DESC,0x449dc
BKCMVNFC,BKCM.VNFC.FCODE,0x44a74
BKCMVNFC,BKCM.VNFC.REP,0x44b0c
BKCPEC,BKCP.EC.AMOUNT,0x44f0c
BKCPEC,BKCP.EC.CHECKNO,0x44e74
BKCPEC,BKCP.EC.DATE,0x44944
BKCPEC,BKCP.EC.ERROR  C,0x44cac
BKCPEC,BKCP.EC.GLACCT,0x448ac
BKCPEC,BKCP.EC.GLDEPT,0x44814
BKCPEC,BKCP.EC.LINE   H,0x44c14
BKCPEC,BKCP.EC.VEND   J,0x16e70c
BKCPMSTR,BKCP.MST.CMPATH,0x16e674
BKCPMSTR,BKCP.MST.COMMEX,0x16f1dc
BKCPMSTR,BKCP.MST.EFILE,0x16f144
BKCPMSTR,BKCP.MST.IMPATHB,0x16e5dc
BKCPMSTR,BKCP.MST.LABEX,0x16f274
BKDCCFG,BKDC.CFG.BANKP,0x16f5dc
BKDCCFG,BKDC.CFG.BANKS,0x16f674
BKDCCFG,BKDC.CFG.EXPPTHP,0x16f014
BKDCCFG,BKDC.CFG.IDLEP,0x16f4ac
BKDCCFG,BKDC.CFG.IDLES,0x16f544
BKDCCFG,BKDC.CFG.IMPPTH,0x16f70c
BKDCLAB,LAB.ADT.SUPER  s,0x1700ac
BKDCLAB,LAB.APPROVAL   r,0x170014
BKDCLAB,LAB.DATE,0x1718ac
BKDCLAB,LAB.EMP,0x171944
BKDCLAB,LAB.FINISH,0x170e74
BKDCLAB,LAB.GEN.FLAG   J,0x16f414
BKDCLAB,LAB.NOJOBS     -,0x1708ac
BKDCLAB,LAB.OPER,0x170c14
BKDCLAB,LAB.PARTS,0x170f0c
BKDCLAB,LAB.POSTED,0x170cac
BKDCLAB,LAB.SETUPHRS   7,0x1709dc
BKDCLAB,LAB.SHIFT,0x170d44
BKDCLAB,LAB.START,0x170ddc
BKDCLAB,LAB.WOKEY,0x171a74
BKDCLAB,LAB.WOPRE,0x1719dc
BKDCLAB,LAB.WOSUF,0x171b0c
BKDCSHFT,BKDC.SH.BRK1IN c,0x171cac
BKDCSHFT,BKDC.SH.BRK1OUTo,0x171c14
BKDCSHFT,BKDC.SH.BUFFER K,0x171e74
BKDCSHFT,BKDC.SH.NAME1,0x171d44
BKDCSHFT,BKDC.SH.NAME2,0x171ddc
BKDCSHFT,BKDC.SH.NAME3  2,0x171f0c
BKDCSHFT,BKDC.SH.START  W,0x171814
BKEDIDUN,BKEDI.DUN.ADVS,0x1728ac
BKEDIDUN,BKEDI.DUN.CUST,0x17370c
BKEDIDUN,BKEDI.DUN.DUNS,0x172814
BKEDIDUN,BKEDI.DUN.EDI,0x1729dc
BKEDIDUN,BKEDI.DUN.EFFDT,0x172a74
BKEDIDUN,BKEDI.DUN.PRODS,0x172944
BKEDIDUN,BKEDI.DUN.SHPCD,0x173674
BKEDMSTR,BKEDI.MST.DUNS,0x173544
BKEDMSTR,BKEDI.MST.NEXTN,0x1735dc
BKEDMSTR,BKEDI.MST.PATH,0x1734ac
BKEDNOTE,BKEDI.NOTE.EDI,0x173414
BKEDNOTE,BKEDI.NOTE.NOTE,0x173a74
BKEDNOTE,BKEDI.NOTE.SO,0x173b0c
BKEDPOST,BKEDI.POST.CUST,0x173944
BKEDPOST,BKEDI.POST.INVN,0x1739dc
BKESTCFG,BKEST.CFG.CLASS,0x17470c
BKESTCFG,BKEST.CFG.DAYS 7,0x173814
BKESTCFG,BKEST.CFG.ENDLN9,0x1744ac
BKESTCFG,BKEST.CFG.FORM,0x173c14
BKESTCFG,BKEST.CFG.NUM,0x1745dc
BKESTCFG,BKEST.CFG.STAT,0x174674
BKESTCFG,BKEST.CMPY.INFO6,0x173ddc
BKFLDHLP,HLP.CODE,0x174ddc
BKFLDHLP,HLP.INDEX,0x174e74
BKFLDHLP,HLP.LINE,0x174f0c
BKFOCFG,BKFO.CFG.EXTRA,0x17570c
BKFOCFG,BKFO.CFG.MANFET,0x174c14
BKFOCFG,BKFO.CFG.OPCODE,0x174d44
BKFOCFG,BKFO.CFG.YN,0x174cac
BKGLCCOA,BKGLC.1YPAST,0x1755dc
BKGLCCOA,BKGLC.2YPAST   z,0x175674
BKGLCCOA,BKGLC.ACCT,0x175814
BKGLCCOA,BKGLC.ACCTD,0x1759dc
BKGLCCOA,BKGLC.GLDPT,0x175944
BKGLCCOA,BKGLC.KEY,0x1758ac
BKGLCHK,BKGL.CHK.CHKACT,0x1764ac
BKGLCHK,BKGL.CHK.DATE,0x1765dc
BKGLCHK,BKGL.CHK.EXTRA 1,0x176144
BKGLCHK,BKGL.CHK.FLAG  0,0x1760ac
BKGLCHK,BKGL.CHK.KEY,0x176414
BKGLCHK,BKGL.CHK.NAME,0x17670c
BKGLCHK,BKGL.CHK.NUM,0x176544
BKGLCHK,BKGL.CHK.TYPE,0x176674
BKGLCOA,BKGL.1YPAST,0x1769dc
BKGLCOA,BKGL.1YPAST.YE,0x176c14
BKGLCOA,BKGL.2YPAST    z,0x176a74
BKGLCOA,BKGL.ACCT,0x176cac
BKGLCOA,BKGL.ACCTD,0x176ddc
BKGLCOA,BKGL.GLDPT,0x176d44
BKGLCOA,BKGL.KEY,0x177e74
BKGLFSTL,BKFS.CALC.BASE A,0x177d44
BKGLFSTL,BKFS.EGL.ACCT,0x1780ac
BKGLFSTL,BKFS.LINE.NUM,0x178b0c
BKGLFSTL,BKFS.LNE.KEY,0x178a74
BKGLFSTL,BKFS.NAME,0x1789dc
BKGLFSTL,BKFS.NDC       C,0x177ddc
BKGLFSTL,BKFS.SGL.ACCT,0x178014
BKGLFSTL,BKFS.TOTAL.FLD,0x178144
BKGLGJLN,BKGL.GJL.ACCTNM,0x178cac
BKGLGJLN,BKGL.GJL.AMOUNT0,0x178f0c
BKGLGJLN,BKGL.GJL.DESC,0x178ddc
BKGLGJLN,BKGL.GJL.EXTRA I,0x178944
BKGLGJLN,BKGL.GJL.GLDPT,0x178d44
BKGLGJLN,BKGL.GJL.JOB   8,0x178814
BKGLGJLN,BKGL.GJL.LINE  G,0x1788ac
BKGLGJLN,BKGL.GJL.TRANSN,0x178c14
BKGLGJRN,BKGL.GJ.CVCODE,0x179014
BKGLGJRN,BKGL.GJ.EXTRA  6,0x17930c
BKGLGJRN,BKGL.GJ.INVCHKN,0x1790ac
BKGLGJRN,BKGL.GJ.POSTED,0x179f0c
BKGLGJRN,BKGL.GJ.TRANSDT,0x179cac
BKGLGJRN,BKGL.GJ.TRANSNM,0x179d44
BKGLGJRN,BKGL.GJ.TYPE,0x179ddc
BKGLGJRN,BKGL.GJ.TYPEN,0x179e74
BKGLSTMT,BKGL.STB.GLA.F 2,0x17a674
BKGLSTMT,BKGL.STB.GLA.MT,0x17a70c
BKGLSTMT,BKGL.STB.GLA.T Z,0x17a5dc
BKGLSTMT,BKGL.STB.GLLTTLO,0x17aa74
BKGLSTMT,BKGL.STB.MN.TTL,0x179c14
BKGLSTMT,BKGL.STC.GLA.F,0x17d30c
BKGLSTMT,BKGL.STC.GLA.T -,0x17d274
BKGLSTMT,BKGL.STC.GLATTLU,0x17d1dc
BKGLSTMT,BKGL.STC.MN.TTLy,0x17c0ac
BKGLSTMT,BKGL.STI.GLE.T f,0x17b414
BKGLSTMT,BKGL.STI.GLI.F X,0x17addc
BKGLSTMT,BKGL.STI.GLI.T l,0x17ad44
BKGLSTMT,BKGL.STI.GLOE.F,0x17b8ac
BKGLSTMT,BKGL.STI.GLOETT3,0x17c30c
BKGLSTMT,BKGL.STI.GLOITT,0x17b944
BKGLSTMT,BKGL.STI.GLT.F L,0x17c274
BKGLSTMT,BKGL.STI.GLT.T V,0x17c1dc
BKGLTRAN,BKGL.TRN.BATCH r,0x17d9dc
BKGLTRAN,BKGL.TRN.CODE,0x17ea74
BKGLTRAN,BKGL.TRN.DATE,0x17e9dc
BKGLTRAN,BKGL.TRN.ENTDTEJ,0x17de74
BKGLTRAN,BKGL.TRN.EXTRA N,0x17df0c
BKGLTRAN,BKGL.TRN.GLACCT,0x17e814
BKGLTRAN,BKGL.TRN.GLDPT,0x17e944
BKGLTRAN,BKGL.TRN.INVC,0x17eb0c
BKGLTRAN,BKGL.TRN.KEY,0x17e8ac
BKGLTRAN,BKGL.TRN.PART  z,0x17da74
BKGLTRAN,BKGL.TRN.PERIODp,0x17d944
BKGLTRAN,BKGL.TRN.POST  o,0x17d8ac
BKGLTRAN,BKGL.TRN.TRXN  g,0x17d814
BKGLTRAN,BKGL.TRN.TYPE  H,0x17dddc
BKGLX,BKGLX.ARCHDATE,0x17f274
BKGLX,BKGLX.BATCH    x,0x17f944
BKGLX,BKGLX.DESC     R,0x17fa74
BKGLX,BKGLX.ENTDATE,0x17f1dc
BKGLX,BKGLX.PART,0x17f144
BKGLX,BKGLX.POINVC   H,0x17fb0c
BKGLX,BKGLX.PONUM    8,0x17f4ac
BKGLX,BKGLX.POSTDATE,0x17f30c
BKGLX,BKGLX.QUANTITY,0x17f0ac
BKGLX,BKGLX.TRXN     p,0x17f9dc
BKGLX,BKGLX.WOPRE    .,0x17f5dc
BKGLX,BKGLX.WOSUF    6,0x17f544
BKICALTD,BKIC.ALTD.DESC,0x1800ac
BKICALTD,BKIC.ALTD.NOTE .,0x180144
BKICALTD,BKIC.ALTD.PCODE,0x180a74
BKICALTD,BKIC.ALTD.SPECSL,0x1801dc
BKICALTD,BKIC.ALTD.TKEY,0x180014
BKICALTD,BKIC.ALTD.TYPE,0x180b0c
BKICALTP,BKIC.ALTP.ACODE,0x180944
BKICALTP,BKIC.ALTP.PCODE,0x180814
BKICALTP,BKIC.ALTP.PKEY,0x1808ac
BKICALTP,BKIC.ALTP.TKEY,0x18130c
BKICALTP,BKIC.ALTP.TYPE,0x181274
BKICDIM,BKICDIM.ALLOY  c,0x1825dc
BKICDIM,BKICDIM.ALTDESCE,0x182544
BKICDIM,BKICDIM.APPR.BYK,0x181c14
BKICDIM,BKICDIM.APPR.DT_,0x181cac
BKICDIM,BKICDIM.EDGE   f,0x181144
BKICDIM,BKICDIM.ELONGAT,0x18170c
BKICDIM,BKICDIM.FIRST,0x181f0c
BKICDIM,BKICDIM.GENERIC.,0x182414
BKICDIM,BKICDIM.KEY,0x181ddc
BKICDIM,BKICDIM.PARENT,0x181e74
BKICDIM,BKICDIM.PARTNO,0x181d44
BKICDIM,BKICDIM.TEMPER w,0x182674
BKICDIM,BKICDIM.TENSIL,0x181674
BKICLOC,BKIC.LOC.CODE,0x184b0c
BKICLOC,BKIC.LOC.DATE1,0x1830ac
BKICLOC,BKIC.LOC.DPTA  C,0x18430c
BKICLOC,BKIC.LOC.DPTC  Q,0x183cac
BKICLOC,BKIC.LOC.DPTS  _,0x183ddc
BKICLOC,BKIC.LOC.DPTSNTm,0x183f0c
BKICLOC,BKIC.LOC.GLA   9,0x184274
BKICLOC,BKIC.LOC.GLC   G,0x183c14
BKICLOC,BKIC.LOC.GLS   U,0x183d44
BKICLOC,BKIC.LOC.GLSNT c,0x183e74
BKICLOC,BKIC.LOC.GLWIP q,0x183814
BKICLOC,BKIC.LOC.KEY,0x1849dc
BKICLOC,BKIC.LOC.NUM1,0x18370c
BKICLOC,BKIC.LOC.NUM2,0x183014
BKICLOC,BKIC.LOC.PROD,0x184a74
BKICLOC,BKIC.LOC.UOH,0x184014
BKICLOC,BKIC.LOC.UOO   1,0x1841dc
BKICLOC,BKIC.LOC.UOWO,0x183944
BKICLOC,BKIC.LOC.WHCTRL,0x183144
BKICLOCM,BKIC.LOCM.ADDR2F,0x18530c
BKICLOCM,BKIC.LOCM.ADDR3d,0x185274
BKICLOCM,BKIC.LOCM.CITY2,0x1854ac
BKICLOCM,BKIC.LOCM.CODE,0x184944
BKICLOCM,BKIC.LOCM.NAME,0x1848ac
BKICLOCM,BKIC.LOCM.TAXGR,0x185544
BKICMFG,BKIC.MFG.MANUF,0x185ddc
BKICMFG,BKIC.MFG.MKEY,0x185e74
BKICMFG,BKIC.MFG.PCODE,0x185cac
BKICMFG,BKIC.MFG.PKEY,0x185d44
BKICMFG,BKIC.MFG.REMARKA,0x185414
BKICMSTR,BKIC.IS.DCODE  M,0x18670c
BKICMSTR,BKIC.PROD.ADTR V,0x1899dc
BKICMSTR,BKIC.PROD.AVGC h,0x188814
BKICMSTR,BKIC.PROD.CAT  1,0x189cac
BKICMSTR,BKIC.PROD.CLASS6,0x189ddc
BKICMSTR,BKIC.PROD.CODE,0x18a5dc
BKICMSTR,BKIC.PROD.CVAR,0x187e74
BKICMSTR,BKIC.PROD.DESC,0x18a674
BKICMSTR,BKIC.PROD.DPTC H,0x187674
BKICMSTR,BKIC.PROD.DPTNTl,0x1871dc
BKICMSTR,BKIC.PROD.DPTS V,0x187014
BKICMSTR,BKIC.PROD.GLA  0,0x1874ac
BKICMSTR,BKIC.PROD.GLS  L,0x18770c
BKICMSTR,BKIC.PROD.GLSNTb,0x187144
BKICMSTR,BKIC.PROD.GSVAR,0x187ddc
BKICMSTR,BKIC.PROD.ISUPCA,0x186674
BKICMSTR,BKIC.PROD.LONGPP,0x185c14
BKICMSTR,BKIC.PROD.LORD N,0x1898ac
BKICMSTR,BKIC.PROD.LRCPTR,0x189944
BKICMSTR,BKIC.PROD.LSALEJ,0x189814
BKICMSTR,BKIC.PROD.MANUFz,0x186814
BKICMSTR,BKIC.PROD.NGLYR,0x187cac
BKICMSTR,BKIC.PROD.NSVAR,0x187f0c
BKICMSTR,BKIC.PROD.PMAT x,0x18730c
BKICMSTR,BKIC.PROD.PRICEZ,0x1870ac
BKICMSTR,BKIC.PROD.RAMT B,0x189f0c
BKICMSTR,BKIC.PROD.TO   X,0x189a74
BKICMSTR,BKIC.PROD.TXBLE5,0x189d44
BKICMSTR,BKIC.PROD.TYPE -,0x18a70c
BKICMSTR,BKIC.PROD.UBO  p,0x187274
BKICMSTR,BKIC.PROD.UM   .,0x189c14
BKICMSTR,BKIC.PROD.UOH  p,0x1888ac
BKICMSTR,BKIC.PROD.UOSO x,0x188944
BKICMSTR,BKIC.PROD.USVAR,0x187d44
BKICPMAT,BKIC.PMAT.ADATEp,0x18c5dc
BKICPMAT,BKIC.PMAT.ALPHA,0x18d144
BKICPMAT,BKIC.PMAT.AWHO t,0x18c544
BKICPMAT,BKIC.PMAT.CLASS,0x18a814
BKICPMAT,BKIC.PMAT.COMM1,0x18af0c
BKICPMAT,BKIC.PMAT.COMM2m,0x18ae74
BKICPMAT,BKIC.PMAT.CUST,0x18a544
BKICPMAT,BKIC.PMAT.CWHO a,0x18c674
BKICPMAT,BKIC.PMAT.DCODE,0x18a8ac
BKICPMAT,BKIC.PMAT.EDATEq,0x18b5dc
BKICPMAT,BKIC.PMAT.EXP,0x18a944
BKICPMAT,BKIC.PMAT.FLAGS,0x18d1dc
BKICPMAT,BKIC.PMAT.GDATEI,0x18c014
BKICPMAT,BKIC.PMAT.LCOST,0x18d30c
BKICPMAT,BKIC.PMAT.PCODE,0x18a4ac
BKICPMAT,BKIC.PMAT.PDESCO,0x18b70c
BKICPMAT,BKIC.PMAT.PNUM,0x18a414
BKICPMAT,BKIC.PMAT.PRICE,0x18d274
BKICPMAT,BKIC.PMAT.QTY  k,0x18aa74
BKICPMAT,BKIC.PMAT.RATE,0x18ab0c
BKICPMAT,BKIC.PMAT.SDATEm,0x18b674
BKICPMAT,BKIC.PMAT.UID  u,0x18b544
BKICREF,BKIC.REF.CODE,0x18db0c
BKICREF,BKIC.REF.CUSCODU,0x18d944
BKICREF,BKIC.REF.CUSNME7,0x18d9dc
BKICREF,BKIC.REF.CUST,0x18d0ac
BKICREF,BKIC.REF.DESC  n,0x18d8ac
BKICREF,BKIC.REF.KEY,0x18d014
BKICREF,BKIC.REF.PDESC,0x18da74
BKICREQ,BKIC.REQ.BY,0x190414
BKICREQ,BKIC.REQ.DESC  -,0x18ff0c
BKICREQ,BKIC.REQ.IDATE,0x190544
BKICREQ,BKIC.REQ.IKEY,0x1904ac
BKICREQ,BKIC.REQ.LKEY,0x18fc14
BKICREQ,BKIC.REQ.MATDIM,0x18ef0c
BKICREQ,BKIC.REQ.MFG,0x18f5dc
BKICREQ,BKIC.REQ.MKEY,0x18f544
BKICREQ,BKIC.REQ.NOTES K,0x18f414
BKICREQ,BKIC.REQ.NUM,0x1905dc
BKICREQ,BKIC.REQ.OPER,0x18ee74
BKICREQ,BKIC.REQ.PARENT,0x18e814
BKICREQ,BKIC.REQ.PKEY,0x18fd44
BKICREQ,BKIC.REQ.RQTY  w,0x18f4ac
BKICREQ,BKIC.REQ.SKEY,0x190e74
BKICREQ,BKIC.REQ.STATUS,0x190f0c
BKICREQ,BKIC.REQ.TKEY,0x190674
BKICREQ,BKIC.REQ.TOADDR0,0x18e944
BKICREQ,BKIC.REQ.TOLOCN,0x18fcac
BKICREQ,BKIC.REQ.TONAME,0x18e8ac
BKICREQ,BKIC.REQ.TYPE,0x19070c
BKICTAX,BKIC.TAX.COLECT,0x190cac
BKICTAX,BKIC.TAX.FRGHT t,0x190ddc
BKICTAX,BKIC.TAX.GLACT 4,0x191144
BKICTAX,BKIC.TAX.KEY,0x1915dc
BKICTAX,BKIC.TAX.LOCAL,0x191674
BKICTAX,BKIC.TAX.NAME,0x19170c
BKICTAX,BKIC.TAX.NUMBER,0x191014
BKICTAX,BKIC.TAX.OUTSTDl,0x190d44
BKICTAX,BKIC.TAX.STATE,0x191544
BKICTAX,BKIC.TAX.TAXBLEL,0x19130c
BKICTAX,BKIC.TAX.VENDORB,0x191274
BKICVAL,BKIC.VAL.CODE,0x192674
BKICVAL,BKIC.VAL.DATE,0x19270c
BKICVAL,BKIC.VAL.TOTVL,0x191814
BKICVAL,BKIC.VAL.UOH,0x1918ac
BKISTAX,BKIS.TAX.APINV O,0x1935dc
BKISTAX,BKIS.TAX.CODE,0x1925dc
BKISTAX,BKIS.TAX.DATE,0x192544
BKISTAX,BKIS.TAX.ISCUR L,0x193674
BKISTAX,BKIS.TAX.NONTAX,0x19330c
BKISTAX,BKIS.TAX.PONO  C,0x193014
BKISTAX,BKIS.TAX.TAG   K,0x19370c
BKISTAX,BKIS.TAX.TAXABL,0x192414
BKISTAX,BKIS.TAX.TAXAMT,0x193274
BKISTAX,BKIS.TAX.TRFLAG,0x1924ac
BKISTAX,BKIS.TAX.VEND  1,0x193144
BKLOGON,BKLOGON.CMPY,0x193414
BKLOGON,BKLOGON.CODE,0x193544
BKLOGON,BKLOGON.PROG,0x193b0c
BKLOGON,BKLOGON.PSWD,0x1934ac
BKMATCST,BKMC.CODE,0x195014
BKMATCST,BKMC.COST      _,0x195144
BKMATCST,BKMC.QTY,0x1950ac
BKMATRIM,BKMA.TRIM.FIRST,0x1954ac
BKMATRIM,BKMA.TRIM.MACH,0x195544
BKMATRIM,BKMA.TRIM.SECND,0x195414
BKMRPFC,BKMRP.FC.DATE,0x1969dc
BKMRPFC,BKMRP.FC.DATE1 E,0x195ddc
BKMRPFC,BKMRP.FC.EXTRA,0x196b0c
BKMRPFC,BKMRP.FC.FLAG  D,0x195d44
BKMRPFC,BKMRP.FC.KEY,0x196944
BKMRPFC,BKMRP.FC.NUM   I,0x195e74
BKMRPFC,BKMRP.FC.OQTY  4,0x195c14
BKMRPFC,BKMRP.FC.PART,0x1968ac
BKMRPFC,BKMRP.FC.QTY,0x196a74
BKMRPPO,BKMRP.PO.CONF  S,0x196cac
BKMRPPO,BKMRP.PO.DATE,0x197b0c
BKMRPPO,BKMRP.PO.DONE  T,0x196d44
BKMRPPO,BKMRP.PO.EXTRA b,0x196e74
BKMRPPO,BKMRP.PO.KEY,0x1979dc
BKMRPPO,BKMRP.PO.PLANR O,0x196c14
BKMRPPO,BKMRP.PO.QTY   5,0x197544
BKMRPPO,BKMRP.PO.UID,0x197944
BKMRPPO,BKMRP.PO.VEND,0x197a74
BKMRPPO,BKMRP.PO.WOPRE E,0x197674
BKMRPPO,BKMRP.PO.WOSUF M,0x19770c
BKMRPSW,BKMRP.SW.PART,0x197814
BKMRPSW,BKMRP.SW.SW,0x1978ac
BKPCKIT,BKPC.KIT.COMP,0x198014
BKPCKIT,BKPC.KIT.DATELM6,0x198274
BKPCKIT,BKPC.KIT.KEY,0x198b0c
BKPCKIT,BKPC.KIT.QTY.R,0x1980ac
BKPCKIT,BKPC.KIT.QTY.S .,0x1981dc
BKPCPLOT,BKPC.PLOT.COMPDT,0x199b0c
BKPCPLOT,BKPC.PLOT.CUST .,0x198e74
BKPCPLOT,BKPC.PLOT.INKO G,0x198d44
BKPCPLOT,BKPC.PLOT.ISDTE,0x1988ac
BKPCPLOT,BKPC.PLOT.LOC  X,0x199a74
BKPCPLOT,BKPC.PLOT.PROD,0x198944
BKPCPLOT,BKPC.PLOT.STAT O,0x198cac
BKPCPLOT,BKPC.PLOT.STRTDP,0x198c14
BKPIFROZ,BKPH.INFO.ACCTAG,0x19a9dc
BKPIFROZ,BKPH.INFO.ACCTCU,0x199944
BKPIFROZ,BKPH.INFO.DEPTAQ,0x1999dc
BKPIFROZ,BKPH.INFO.DEPTC_,0x1998ac
BKPIFROZ,BKPH.INFO.FDATE1,0x19a144
BKPIFROZ,BKPH.INFO.INPST0,0x19a1dc
BKPIFROZ,BKPH.INFO.LOC,0x199cac
BKPIFROZ,BKPH.INFO.LOT  5,0x19a0ac
BKPIFROZ,BKPH.INFO.PCOST7,0x19ab0c
BKPIFROZ,BKPH.INFO.PROD,0x199c14
BKPIFROZ,BKPH.INFO.PUNITc,0x199814
BKPIFROZ,BKPH.INFO.QTR,0x199d44
BKPIFROZ,BKPH.INFO.SER  6,0x19a014
BKPIFROZ,BKPH.INFO.TAGS k,0x199f0c
BKPIFROZ,BKPH.INFO.UOH,0x199e74
BKPIFROZ,BKPH.INFO.YEAR,0x199ddc
BKPILOT,BKPI.LOT.BIN   G,0x19a944
BKPILOT,BKPI.LOT.CODE,0x19acac
BKPILOT,BKPI.LOT.LOC   4,0x19af0c
BKPILOT,BKPI.LOT.LOT,0x19ad44
BKPILOT,BKPI.LOT.PSTD  F,0x19a8ac
BKPILOT,BKPI.LOT.QTR,0x19ac14
BKPILOT,BKPI.LOT.YEAR,0x19b30c
BKPIMSTR,BKPI.MSTR.DESC,0x19b144
BKPIMSTR,BKPI.MSTR.QTR,0x19b1dc
BKPIMSTR,BKPI.MSTR.YEAR,0x19b274
BKPIPHYS,BKPH.ACTQTY,0x19b014
BKPIPHYS,BKPH.CODE      S,0x19c274
BKPIPHYS,BKPH.EMPNAME,0x19ba74
BKPIPHYS,BKPH.EMPNUM,0x19bb0c
BKPIPHYS,BKPH.FDATE     b,0x19c1dc
BKPIPHYS,BKPH.LOC       I,0x19c30c
BKPIPHYS,BKPH.LOT       f,0x19c144
BKPIPHYS,BKPH.QTR       G,0x19b814
BKPIPHYS,BKPH.SERIAL    u,0x19c0ac
BKPIPHYS,BKPH.TAGNUM,0x19b0ac
BKPIPHYS,BKPH.YEAR      C,0x19b8ac
BKPISER,BKPI.SER.BIN   X,0x19cf0c
BKPISER,BKPI.SER.CODE,0x19d674
BKPISER,BKPI.SER.LOTNO H,0x19cddc
BKPISER,BKPI.SER.PSTD  W,0x19ce74
BKPISER,BKPI.SER.QTR,0x19d5dc
BKPISER,BKPI.SER.QTY   .,0x19cc14
BKPISER,BKPI.SER.SERIAL,0x19d70c
BKPISER,BKPI.SER.TAG   6,0x19ccac
BKPISER,BKPI.SER.YEAR,0x19d544
BKPOX,BKPOX.COMPANY,0x19d4ac
BKPOX,BKPOX.FREIGHT  P,0x19e70c
BKPOX,BKPOX.INVCDATE,0x19db0c
BKPOX,BKPOX.INVCDESC y,0x19e414
BKPOX,BKPOX.INVCNUM,0x19d414
BKPOX,BKPOX.PONUM,0x19da74
BKPOX,BKPOX.TAXAMT   H,0x19d814
BKPOX,BKPOX.TERMSCODEw,0x19e4ac
BKPOX,BKPOX.TERMSDESCc,0x19e544
BKPOX,BKPOX.TOTAL    X,0x19e674
BKPOX,BKPOX.VENDCODE,0x19d9dc
BKPRAGNT,BKPR.AGNT.CODE,0x19f30c
BKPRAGNT,BKPR.AGNT.GLACT,0x19f274
BKPRAGNT,BKPR.AGNT.GLDPT,0x19f1dc
BKPRAGNT,BKPR.AGNT.NUM,0x19e814
BKPRCOMM,BKPR.COMM.AMTPD,0x10a144
BKPRCOMM,BKPR.COMM.CCODE,0x10aa74
BKPRCOMM,BKPR.COMM.EXTRA4,0x10a30c
BKPRCOMM,BKPR.COMM.INVDT,0x10a014
BKPRCOMM,BKPR.COMM.INVNM,0x10ab0c
BKPRCOMM,BKPR.COMM.PAYDT,0x10a0ac
BKPRCOMM,BKPR.COMM.PCODEY,0x19f144
BKPRCOMM,BKPR.COMM.SLSP,0x10a9dc
BKPRCOMM,BKPR.COMM.TDATEU,0x19f0ac
BKPRCOMM,BKPR.COMM.ULID M,0x19f014
BKPRCURP,BKPR.CURP.ACTNM,0x10de74
BKPRCURP,BKPR.CURP.CHKEY,0x10df0c
BKPRCURP,BKPR.CURP.CHKNM,0x10cc14
BKPRCURP,BKPR.CURP.EMPNM,0x10dd44
BKPRCURP,BKPR.CURP.FICEXV,0x10bddc
BKPRCURP,BKPR.CURP.FICWHF,0x10bd44
BKPRCURP,BKPR.CURP.FITWH6,0x10bc14
BKPRCURP,BKPR.CURP.FUTEXf,0x10be74
BKPRCURP,BKPR.CURP.OPACTh,0x10ac14
BKPRCURP,BKPR.CURP.OPHRS6,0x10c414
BKPRCURP,BKPR.CURP.OPNME6,0x10bb0c
BKPRCURP,BKPR.CURP.PRDTE,0x10dddc
BKPRCURP,BKPR.CURP.RPAMT.,0x10cf0c
BKPRCURP,BKPR.CURP.RPHRS,0x10cddc
BKPRCURP,BKPR.CURP.SPHRSn,0x10c014
BKPRCURP,BKPR.CURP.SPRTEv,0x10c0ac
BKPRCURP,BKPR.CURP.SUTEXn,0x10bf0c
BKPRCURP,BKPR.CURP.TOTHR,0x10ccac
BKPRCURP,BKPR.CURP.TOTPY,0x10cd44
BKPRCURP,BKPR.CURP.VPAMTf,0x10c70c
BKPRCURP,BKPR.CURP.VPHRSV,0x10c5dc
BKPRCURP,BKPR.CURP.WCWH v,0x10b814
BKPRFTAX,BKPR.TAX.ALLOW,0x10e1dc
BKPRFTAX,BKPR.TAX.AMT   _,0x10dc14
BKPRFTAX,BKPR.TAX.CODE,0x10e0ac
BKPRFTAX,BKPR.TAX.DESC,0x10e144
BKPRFTAX,BKPR.TAX.START,0x10e274
BKPRGLFL,BKPR.GL.DEPT,0x10e014
BKPRGLFL,BKPR.GL.FICACCT,0x10e5dc
BKPRGLFL,BKPR.GL.FICAEXD,0x10fc14
BKPRGLFL,BKPR.GL.FICAEXP,0x10fcac
BKPRGLFL,BKPR.GL.FICAMERF,0x112274
BKPRGLFL,BKPR.GL.FICAMLMN,0x1121dc
BKPRGLFL,BKPR.GL.FITACCT,0x10e70c
BKPRGLFL,BKPR.GL.FITDPT,0x10e674
BKPRGLFL,BKPR.GL.FUTACCT0,0x10e4ac
BKPRGLFL,BKPR.GL.MDACCT h,0x10ef0c
BKPRGLFL,BKPR.GL.MDDPT  r,0x10ee74
BKPRGLFL,BKPR.GL.ODACCT v,0x10eddc
BKPRGLFL,BKPR.GL.OPAYNME,0x111c14
BKPRGLFL,BKPR.GL.SITACCTL,0x10e9dc
BKPRGLFL,BKPR.GL.SITDPT V,0x10e944
BKPRGLFL,BKPR.GL.STCODE,0x1135dc
BKPRGLFL,BKPR.GL.SUTAEXP,0x11070c
BKPRGLFL,BKPR.GL.SUTDPT H,0x10ea74
BKPRGLFL,BKPR.GL.TAXOUT1r,0x110814
BKPRGLFL,BKPR.GL.TAXOUTS2,0x110ddc
BKPRGLFL,BKPR.GL.TAXVEND,0x110e74
BKPRGLFL,BKPR.GL.UODACT1j,0x110414
BKPRGLFL,BKPR.GL.UODEACTB,0x1114ac
BKPRGLFL,BKPR.GL.UODEAMTZ,0x111f0c
BKPRGLFL,BKPR.GL.UODECLC.,0x111544
BKPRGLFL,BKPR.GL.UODEDPT,0x111414
BKPRGLFL,BKPR.GL.UODFICAn,0x11270c
BKPRGLFL,BKPR.GL.UODFIT Z,0x112014
BKPRGLFL,BKPR.GL.UODNAMEV,0x112144
BKPRGLFL,BKPR.GL.UODPTX F,0x1120ac
BKPRGLFL,BKPR.GL.WCACCT Z,0x10e8ac
BKPRGLFL,BKPR.GL.WCDPT  d,0x10e814
BKPRGLFL,BKPR.GL.WCEXD  6,0x110544
BKPRINFO,BKPR.INFO.AMT,0x113814
BKPRINFO,BKPR.INFO.CTACT,0x1139dc
BKPRINFO,BKPR.INFO.DDEP,0x115144
BKPRINFO,BKPR.INFO.NOTE k,0x11430c
BKPRINFO,BKPR.INFO.NUM,0x1150ac
BKPRINFO,BKPR.INFO.RASDT,0x115274
BKPRINFO,BKPR.INFO.RASNT,0x114414
BKPRINFO,BKPR.INFO.REVDT,0x1151dc
BKPRINFO,BKPR.INFO.REVNT3,0x11530c
BKPRMSTR,BKPR.EMP.AAD   O,0x11c5dc
BKPRMSTR,BKPR.EMP.ADD   4,0x1155dc
BKPRMSTR,BKPR.EMP.ASW   _,0x11c4ac
BKPRMSTR,BKPR.EMP.AWPPP W,0x11c544
BKPRMSTR,BKPR.EMP.BDAY  9,0x119014
BKPRMSTR,BKPR.EMP.BENDTE,0x119d44
BKPRMSTR,BKPR.EMP.CNTRY w,0x115b0c
BKPRMSTR,BKPR.EMP.CSZ   R,0x115544
BKPRMSTR,BKPR.EMP.DEPT,0x118cac
BKPRMSTR,BKPR.EMP.EXPDPTL,0x1188ac
BKPRMSTR,BKPR.EMP.FNMI,0x11570c
BKPRMSTR,BKPR.EMP.LNME,0x115674
BKPRMSTR,BKPR.EMP.LOCCOD,0x118c14
BKPRMSTR,BKPR.EMP.LSTPR,0x118274
BKPRMSTR,BKPR.EMP.MDACT A,0x11a544
BKPRMSTR,BKPR.EMP.MDDPT K,0x11a4ac
BKPRMSTR,BKPR.EMP.MDNME 5,0x11a5dc
BKPRMSTR,BKPR.EMP.MDYTD,0x1174ac
BKPRMSTR,BKPR.EMP.NUM,0x115014
BKPRMSTR,BKPR.EMP.OAIWW G,0x11c674
BKPRMSTR,BKPR.EMP.OHQTD,0x1181dc
BKPRMSTR,BKPR.EMP.OTHAMT,0x119cac
BKPRMSTR,BKPR.EMP.OTHDPT1,0x11a674
BKPRMSTR,BKPR.EMP.OTHNME,0x119c14
BKPRMSTR,BKPR.EMP.OTHQTD,0x117414
BKPRMSTR,BKPR.EMP.OTHYTD,0x11830c
BKPRMSTR,BKPR.EMP.RAYTD J,0x116a74
BKPRMSTR,BKPR.EMP.RHQTD 2,0x1160ac
BKPRMSTR,BKPR.EMP.RHYTD B,0x116b0c
BKPRMSTR,BKPR.EMP.SCAP  E,0x119a74
BKPRMSTR,BKPR.EMP.SDIQTD,0x11930c
BKPRMSTR,BKPR.EMP.SDIYTD,0x119274
BKPRMSTR,BKPR.EMP.SHIFT,0x119ddc
BKPRMSTR,BKPR.EMP.SHQTD z,0x116e74
BKPRMSTR,BKPR.EMP.SRTE  1,0x1190ac
BKPRMSTR,BKPR.EMP.ST    k,0x1154ac
BKPRMSTR,BKPR.EMP.UDEAMT-,0x119814
BKPRMSTR,BKPR.EMP.UDEYLMm,0x119e74
BKPRMSTR,BKPR.EMP.UDEYTDO,0x11a414
BKPRMSTR,BKPR.EMP.UODAMTM,0x1199dc
BKPRMSTR,BKPR.EMP.UODYTDB,0x118ddc
BKPRMSTR,BKPR.EMP.VAQTD Z,0x116944
BKPRMSTR,BKPR.EMP.VAYTD j,0x116814
BKPRMSTR,BKPR.EMP.VDUE  r,0x116f0c
BKPRMSTR,BKPR.EMP.VHQTD R,0x1169dc
BKPRMSTR,BKPR.EMP.VHYTD b,0x1168ac
BKPRMSTR,BKPR.EMP.ZIP   m,0x115414
BKPRSALE,BKPR.SLS.CLASS,0x11e144
BKPRSALE,BKPR.SLS.EMPNUM,0x11e0ac
BKPRSALE,BKPR.SLS.FNMI  Z,0x11cc14
BKPRSALE,BKPR.SLS.GROSS z,0x11d0ac
BKPRSALE,BKPR.SLS.HOW,0x11e274
BKPRSALE,BKPR.SLS.LNME  s,0x11ccac
BKPRSALE,BKPR.SLS.QUOTA,0x11d014
BKPRSALE,BKPR.SLS.RATE,0x11e1dc
BKPRSALE,BKPR.SLS.WHEN,0x11e30c
BKPRSTFL,BKPR.ST.STCODE,0x11e014
BKPRSTFL,BKPR.ST.TAXNUM,0x11e70c
BKPRTC,BKPR.TC.DATE,0x11e414
BKPRTC,BKPR.TC.DEDUCT,0x11e5dc
BKPRTC,BKPR.TC.EMP,0x11ea74
BKPRTC,BKPR.TC.EXTRA,0x11e9dc
BKPRTC,BKPR.TC.KEY,0x11eb0c
BKPRTC,BKPR.TC.START,0x11e4ac
BKPRTC,BKPR.TC.STOP,0x11e544
BKPRTC,BKPR.TC.TYPE,0x11e674
BKPRTCFG,BKPRT.CFG.KEY,0x11eddc
BKPRTCFG,BKPRT.CFG.NAME,0x11ee74
BKPRTCFG,BKPRT.CFG.PRTR t,0x11e814
BKPSUSER,BKPS.USER.CMPY,0x1205dc
BKPSUSER,BKPS.USER.CODE,0x120414
BKPSUSER,BKPS.USER.EMP  E,0x120274
BKPSUSER,BKPS.USER.LDATEA,0x1201dc
BKPSUSER,BKPS.USER.ME,0x120014
BKPSUSER,BKPS.USER.MENU,0x120544
BKPSUSER,BKPS.USER.MWIND,0x120674
BKPSUSER,BKPS.USER.PRT,0x1204ac
BKPSUSER,BKPS.USER.PSWD,0x12070c
BKQCMSTR,BKQC.DKEY,0x120944
BKQCMSTR,BKQC.EXTRA     n,0x121814
BKQCMSTR,BKQC.IKEY,0x121144
BKQCMSTR,BKQC.PKEY,0x120814
BKQCMSTR,BKQC.PKSLIP.QTYO,0x1219dc
BKQCMSTR,BKQC.PO.NUM,0x1208ac
BKQCMSTR,BKQC.POL.ITM.NO,0x1211dc
BKQCMSTR,BKQC.PROD.CODE W,0x121944
BKQCMSTR,BKQC.QTY.RECVD 7,0x121014
BKQCMSTR,BKQC.QTY.REJECTG,0x121a74
BKQCMSTR,BKQC.RECV.DATE,0x1209dc
BKQCMSTR,BKQC.RECVR.NUM,0x12130c
BKQCMSTR,BKQC.RKEY,0x121274
BKQCMSTR,BKQC.UNIT.COST f,0x1218ac
BKQCMSTR,BKQC.VEND.CODE,0x120b0c
BKQCMSTR,BKQC.VKEY,0x120a74
BKQCTRAN,BKQC.TRN.ARDTE I,0x122f0c
BKQCTRAN,BKQC.TRN.BODTE M,0x122e74
BKQCTRAN,BKQC.TRN.BQTY  1,0x122674
BKQCTRAN,BKQC.TRN.CODE,0x121cac
BKQCTRAN,BKQC.TRN.EMPNUMQ,0x122ddc
BKQCTRAN,BKQC.TRN.EXTRA o,0x1234ac
BKQCTRAN,BKQC.TRN.FLAG  n,0x123544
BKQCTRAN,BKQC.TRN.GEN,0x123944
BKQCTRAN,BKQC.TRN.INVCD m,0x1235dc
BKQCTRAN,BKQC.TRN.PO,0x121ddc
BKQCTRAN,BKQC.TRN.PODTE E,0x122414
BKQCTRAN,BKQC.TRN.POQTY e,0x123674
BKQCTRAN,BKQC.TRN.RECVNMS,0x122d44
BKQCTRAN,BKQC.TRN.REWORKC,0x1224ac
BKQCTRAN,BKQC.TRN.SCRAP A,0x122544
BKQCTRAN,BKQC.TRN.UQTY  9,0x1225dc
BKQCTRAN,BKQC.TRN.VEND,0x121d44
BKRFQ,BKRFQ.EST,0x125814
BKRFQ,BKRFQ.EXTRA    _,0x124e74
BKRFQ,BKRFQ.KEY,0x1258ac
BKRFQ,BKRFQ.MIN      O,0x124d44
BKRFQ,BKRFQ.MINCST   W,0x124ddc
BKRFQ,BKRFQ.NUM,0x12670c
BKRFQ,BKRFQ.OPER,0x1259dc
BKRFQ,BKRFQ.PARENT,0x125944
BKRFQ,BKRFQ.PARNTDESCa,0x12570c
BKRFQ,BKRFQ.PRODDESC,0x125014
BKRFQ,BKRFQ.VENDNAME H,0x125674
BKRFQ,BKRFQ.WOKEY    0,0x125414
BKRFQ,BKRFQ.WOPRE    0,0x125b0c
BKRFQ,BKRFQ.WOSUF    8,0x1254ac
BKRTCST,BKRT.CODE,0x126544
BKRTCST,BKRT.KEY,0x1265dc
BKRTCST,BKRT.OPER,0x1264ac
BKRTCST,BKRT.PARTSHR,0x126414
BKRTCST,BKRT.QUOTE,0x126674
BKRTCST,BKRT.SETUP     i,0x126b0c
BKRTSPEC,BKRT.SPEC.KEY,0x126814
BKRTSPEC,BKRT.SPEC.LINE,0x126944
BKRTSPEC,BKRT.SPEC.NOTE,0x1269dc
BKRTSPEC,BKRT.SPEC.PART,0x12730c
BKRTSPEC,BKRT.SPEC.SEQ,0x1268ac
BKRTTEMP,BKRT.TEMP.CODE,0x1270ac
BKRTTEMP,BKRT.TEMP.KEY,0x127144
BKRTTEMP,BKRT.TEMP.LINE,0x1271dc
BKRTTEMP,BKRT.TEMP.NOTE,0x127274
BKSAREPT,BKSA.FROM14    .,0x1290ac
BKSAREPT,BKSA.FROM15    6,0x129b0c
BKSAREPT,BKSA.FROM18    R,0x129f0c
BKSAREPT,BKSA.FROM19    p,0x129ddc
BKSAREPT,BKSA.FROM2     6,0x1278ac
BKSAREPT,BKSA.FROM23,0x12a70c
BKSAREPT,BKSA.FROM24,0x12a5dc
BKSAREPT,BKSA.FROM25,0x12a4ac
BKSAREPT,BKSA.FROM4     F,0x1281dc
BKSAREPT,BKSA.FROM5     V,0x1280ac
BKSAREPT,BKSA.FROM6     j,0x12870c
BKSAREPT,BKSA.NAME,0x127b0c
BKSAREPT,BKSA.RTM,0x127a74
BKSAREPT,BKSA.THRU1     .,0x127944
BKSAREPT,BKSA.THRU12,0x129274
BKSAREPT,BKSA.THRU14    2,0x129014
BKSAREPT,BKSA.THRU15    8,0x129a74
BKSAREPT,BKSA.THRU17    H,0x129814
BKSAREPT,BKSA.THRU18    a,0x129e74
BKSAREPT,BKSA.THRU23,0x12a674
BKSAREPT,BKSA.THRU24,0x12a544
BKSAREPT,BKSA.THRU3     B,0x128274
BKSAREPT,BKSA.THRU4     N,0x128144
BKSAREPT,BKSA.THRU6     t,0x128674
BKSAREPT,BKSA.TYPE,0x127014
BKSBMFG,BKSB.MFG.CUST,0x12bf0c
BKSBMFG,BKSB.MFG.EXTRA Z,0x12bd44
BKSBMFG,BKSB.MFG.KEY,0x12b0ac
BKSBMFG,BKSB.MFG.KEY2,0x12b144
BKSBMFG,BKSB.MFG.MPART A,0x12bddc
BKSBMFG,BKSB.MFG.PARNT,0x12b1dc
BKSBMFG,BKSB.MFG.PROD,0x12b014
BKSBPART,BKSB.PART.CUST,0x12c70c
BKSBPART,BKSB.PART.EXTRA7,0x12c5dc
BKSBPART,BKSB.PART.KEY,0x12c144
BKSBPART,BKSB.PART.KEY2,0x12c0ac
BKSBPART,BKSB.PART.PARNT,0x12c1dc
BKSBPART,BKSB.PART.PROD,0x12c014
BKSBVEND,BKSB.VEND.CUST,0x12ca74
BKSBVEND,BKSB.VEND.EXTRAK,0x12c8ac
BKSBVEND,BKSB.VEND.KEY,0x12c4ac
BKSBVEND,BKSB.VEND.KEY2,0x12c414
BKSBVEND,BKSB.VEND.PARNT,0x12c544
BKSBVEND,BKSB.VEND.PROD,0x12cb0c
BKSBVEND,BKSB.VEND.VPART2,0x12c944
BKSHORT,BK.SHORT.DATE  B,0x12d014
BKSHORT,BK.SHORT.DESC,0x12d30c
BKSHORT,BK.SHORT.PCODE,0x12c814
BKSHORT,BK.SHORT.PPCODEF,0x12db0c
BKSHORT,BK.SHORT.PPDESCU,0x12da74
BKSHORT,BK.SHORT.QTYREQ2,0x12d144
BKSHORT,BK.SHORT.WO.SUF0,0x12d1dc
BKSLEVEL,BKSL.KEY,0x12d944
BKSLEVEL,BKSL.LEVEL,0x12d8ac
BKSLEVEL,BKSL.MENU,0x12d9dc
BKSLEVEL,BKSL.MENU1,0x12e30c
BKSLEVEL,BKSL.MENU1.YN,0x12d814
BKSLEVEL,BKSL.MENU13,0x12f70c
BKSLEVEL,BKSL.MENU13.YN,0x12f014
BKSLEVEL,BKSL.MENU14,0x12f5dc
BKSLEVEL,BKSL.MENU14.YN,0x12f674
BKSLEVEL,BKSL.MENU17    U,0x12fddc
BKSLEVEL,BKSL.MENU17.YN T,0x12fe74
BKSLEVEL,BKSL.MENU18    j,0x12fcac
BKSLEVEL,BKSL.MENU18.YN i,0x12fd44
BKSLEVEL,BKSL.MENU19,0x130f0c
BKSLEVEL,BKSL.MENU2,0x12e1dc
BKSLEVEL,BKSL.MENU2.YN,0x12e274
BKSLEVEL,BKSL.MENU3.YN  .,0x12e144
BKSLEVEL,BKSL.MENU4     D,0x12e70c
BKSLEVEL,BKSL.MENU4.YN  C,0x12e014
BKSLEVEL,BKSL.MENU5     Y,0x12e5dc
BKSLEVEL,BKSL.MENU5.YN  X,0x12e674
BKSLEVEL,BKSL.MENU6     n,0x12e4ac
BKSLEVEL,BKSL.MENU6.YN  m,0x12e544
BKSLMSTR,BKSL.MSTR.DESC,0x130d44
BKSLMSTR,BKSL.MSTR.LEVEL,0x130cac
BKSOLOCK,BKSO.LOCK.ITEM,0x1311dc
BKSOLOCK,BKSO.LOCK.REC,0x131144
BKSOX,BKSOX.ARCHDATE,0x132d44
BKSOX,BKSOX.COMPANY,0x1310ac
BKSOX,BKSOX.CURRENCY f,0x131d44
BKSOX,BKSOX.CUSTCODE,0x131674
BKSOX,BKSOX.CUSTNAME,0x1315dc
BKSOX,BKSOX.CUSTPO   q,0x131c14
BKSOX,BKSOX.DEPOSIT  N,0x131f0c
BKSOX,BKSOX.ENTDATE,0x132cac
BKSOX,BKSOX.FREIGHT  F,0x131414
BKSOX,BKSOX.INVCDATE,0x13170c
BKSOX,BKSOX.INVCNUM,0x131014
BKSOX,BKSOX.POSTDATE,0x132ddc
BKSOX,BKSOX.RETEN    V,0x131e74
BKSOX,BKSOX.SONUM    i,0x131cac
BKSOX,BKSOX.SUBTOT   6,0x131544
BKSYAP,BKSY.AP.CONVDTE.,0x132c14
BKSYAP,BKSY.AP.PONUM,0x1330ac
BKSYAP,BKSY.AP.QCRECV,0x133144
BKSYAP,BKSY.AP.RECVFLG,0x133014
BKSYAP,BKSY.AP.RECVNUM,0x133944
BKSYAP,BKSY.AP.REOPEN,0x1339dc
BKSYAP,BKSY.AP.RFQNUM,0x1331dc
BKSYAP,BKSY.AP.RQREWRK,0x133b0c
BKSYAP,BKSY.AP.RQSCRAP,0x133a74
BKSYAR,BKSY.AR.DEPNO,0x133814
BKSYAR,BKSY.AR.TRXN,0x1338ac
BKSYCFG,BKSY.CFG.ACCTG,0x13430c
BKSYCFG,BKSY.CFG.ADVWO,0x134144
BKSYCFG,BKSY.CFG.LITEWO,0x1341dc
BKSYCFG,BKSY.CFG.SALES,0x134274
BKSYHELP,BKSY.HELP.PATH,0x1340ac
BKSYLOG,BKSY.LOGON.ARYN1,0x134f0c
BKSYLOG,BKSY.LOGON.CHR,0x134014
BKSYLOG,BKSY.LOGON.CODE,0x13470c
BKSYLOG,BKSY.LOGON.GLYN,0x1344ac
BKSYLOG,BKSY.LOGON.OKAR2,0x134e74
BKSYLOG,BKSY.LOGON.OKGL,0x134414
BKSYLOG,BKSY.LOGON.OKPOq,0x135274
BKSYLOG,BKSY.LOGON.OKSOG,0x134d44
BKSYLOG,BKSY.LOGON.OVLY,0x1345dc
BKSYLOG,BKSY.LOGON.POYNp,0x13530c
BKSYLOG,BKSY.LOGON.PSWD,0x134674
BKSYLOG,BKSY.LOGON.SCTY,0x134544
BKSYLOG,BKSY.LOGON.SOYNF,0x134ddc
BKSYMSTR,BKSY.AP.CHKACT,0x21ff0c
BKSYMSTR,BKSY.AP.DISCDPTU,0x220c14
BKSYMSTR,BKSY.AP.DISCGL K,0x22170c
BKSYMSTR,BKSY.AP.ENTBY  z,0x221814
BKSYMSTR,BKSY.AP.GLDPT  G,0x221674
BKSYMSTR,BKSY.AP.SHP.VIAk,0x221f0c
BKSYMSTR,BKSY.APINV.NUM,0x223944
BKSYMSTR,BKSY.APPO.NUM,0x2239dc
BKSYMSTR,BKSY.AR.AGING  0,0x136014
BKSYMSTR,BKSY.AR.DISCDPT9,0x221544
BKSYMSTR,BKSY.AR.FREIGHT,0x21f674
BKSYMSTR,BKSY.AR.FRGTDPT,0x21f70c
BKSYMSTR,BKSY.AR.PEL    j,0x221e74
BKSYMSTR,BKSY.AR.TURNOFFi,0x221ddc
BKSYMSTR,BKSY.ARINV.NUM,0x223814
BKSYMSTR,BKSY.ARSO.NUM,0x21f4ac
BKSYMSTR,BKSY.AUTO.BO,0x21f544
BKSYMSTR,BKSY.CHK.CHKCUR,0x2238ac
BKSYMSTR,BKSY.CHK.NAME  s,0x21fcac
BKSYMSTR,BKSY.COMP.ADD1 q,0x2224ac
BKSYMSTR,BKSY.COMP.NAME X,0x222414
BKSYMSTR,BKSY.GJ.NUM,0x223a74
BKSYMSTR,BKSY.GL.CLRING,0x2219dc
BKSYMSTR,BKSY.GLDPT.CLR,0x221a74
BKSYMSTR,BKSY.PLAIN.CHKS.,0x21f30c
BKSYMSTR,BKSY.PLAIN.STMT-,0x21f274
BKSYMSTR,BKSY.PO.FREIGHTu,0x220f0c
BKSYMSTR,BKSY.PO.FRGTDPT,0x220814
BKSYMSTR,BKSY.PO.INR    E,0x135d44
BKSYMSTR,BKSY.PO.INRDPT O,0x135ddc
BKSYMSTR,BKSY.PO.RNI,0x21f014
BKSYMSTR,BKSY.PO.TAXDPT q,0x220e74
BKSYMSTR,BKSY.PO.TAXGL  g,0x220ddc
BKSYMSTR,BKSY.PR.CHKACT,0x21f414
BKSYMSTR,BKSY.PR.ODNAME D,0x136144
BKSYMSTR,BKSY.RTS.DEF,0x21f5dc
BKSYMSTR,BKSY.TAX.GLACT Y,0x220cac
BKSYMSTR,BKSY.TAX.GLDPT c,0x220d44
BKSYMSTR,BKSY.TAX.RATE,0x223b0c
BKSYMSTR,BKSY.TRM.EOM,0x223274
BKSYMSTR,BKSY.TRM.MAX   0,0x22330c
BKSYPRTR,BKSY.PRTR.EXEC,0x224d44
BKSYPRTR,BKSY.PRTR.LASER6,0x224f0c
BKSYPRTR,BKSY.PRTR.NAME,0x224cac
BKSYPRTR,BKSY.PRTR.PMAX 2,0x2244ac
BKSYPRTR,BKSY.PRTR.POST 7,0x224e74
BKSYPRTR,BKSY.PRTR.PPLNE4,0x224414
BKSYPRTR,BKSY.PRTR.PWDT 0,0x224544
BKSYUSER,BKSY.USER.CHR,0x2251dc
BKSYUSER,BKSY.USER.CODE,0x225274
BKSYUSER,BKSY.USER.COMP,0x225144
BKSYUSER,BKSY.USER.PSWD,0x22530c
BKSYUSER,BKSY.USER.SCTY,0x224c14
BKUPDATE,BKUP.COMPANY,0x225814
BKUPDATE,BKUP.DATE,0x225944
BKUPDATE,BKUP.UPDATE,0x2258ac
BKUPDATE,BKUPDATE.VER,0x2259dc
BKYSMSTR,BKYS.DESC      Z,0x226014
BKYSMSTR,BKYS.GLNUM,0x2261dc
BKYSMSTR,BKYS.INVNUM,0x2264ac
BKYSMSTR,BKYS.NUM       2,0x2260ac
BKYSMSTR,BKYS.RBNUM,0x226414
BKYSMSTR,BKYS.WONUM,0x22630c
BOMCHG,BOM.CHG.ACOMP  1,0x2274ac
BOMCHG,BOM.CHG.AQTY   3,0x2275dc
BOMCHG,BOM.CHG.AREF   C,0x22770c
BOMCHG,BOM.CHG.ASCRAP k,0x226cac
BOMCHG,BOM.CHG.BREF   W,0x226c14
BOMCHG,BOM.CHG.BSCRAP s,0x226d44
BOMCHG,BOM.CHG.CDATE,0x22830c
BOMCHG,BOM.CHG.COMP,0x228274
BOMCHG,BOM.CHG.DCOMP  2,0x227544
BOMCHG,BOM.CHG.PARENT,0x2281dc
BOMCHG,BOM.CHG.UID    C,0x226f0c
BUCKETS,BUK.CNTN       Q,0x228ddc
BUCKETS,BUK.FDATE      4,0x228014
BUCKETS,BUK.FDATE.SHOP 8,0x2280ac
BUCKETS,BUK.LOCKED     H,0x228cac
BUCKETS,BUK.NUM.SUNITS I,0x228d44
BUCKETS,BUK.OPER,0x228944
BUCKETS,BUK.PART,0x2289dc
BUCKETS,BUK.WC,0x228e74
BUCKETS,BUK.WCTYPE,0x228f0c
BUCKETS,BUK.WOPRE,0x228814
BUCKETS,BUK.WOSUF,0x2288ac
CALENDAR,MTCAL.DATE,0x228c14
CALENDAR,MTCAL.DESC,0x22930c
CALENDAR,MTCAL.SAT,0x229274
CALENDAR,MTCAL.SUN,0x2291dc
CALENDAR,MTCAL.YEAR,0x229144
CALTEMP,SHP.DATE,0x2290ac
CALTEMP,SLSH.DATE,0x229014
CCEDIXRF,CC.EDI.CUSTCODE,0x229414
CCEDIXRF,CC.EDI.SENDERID,0x2294ac
CCEDIXRF,CC.EDI.SHIPTO  4,0x229674
CCEDIXRF,CC.EDI.SHPTCODE,0x229544
CLASMSTR,MTCLASS.M.CLASS,0x229f0c
CLASMSTR,MTCLASS.M.DESC,0x229e74
CLASS,CLASS.DPTA     6,0x22a674
CLASS,CLASS.DPTC     D,0x22a544
CLASS,CLASS.DPTS     R,0x22a414
CLASS,CLASS.DPTW     n,0x22a944
CLASS,CLASS.GLLAB    r,0x22a8ac
CLASS,CLASS.GLS      H,0x22a4ac
CLASS,CLASS.GLSNT    V,0x22ab0c
CLASS,CLASS.GLW      d,0x22a9dc
CLASS,MTCLASS.CLASS,0x229ddc
CLASS,MTCLASS.DESC,0x229c14
CLASS,MTCLASS.KEY,0x229d44
CLASS,MTCLASS.LOC,0x229cac
DBACNAME,CNAME.CODE,0x22b414
DBACNAME,CNAME.FILLER,0x22b544
DBACNAME,CNAME.NAME,0x22b4ac
DBAFIFO,FIFO.COST,0x22b944
DBAFIFO,FIFO.PARTNO,0x22ba74
DBAFIFO,FIFO.QTY,0x22b9dc
DBAFIFO,FIFO.RECVDATE,0x22b8ac
DBAHELP,HELP.FIELD,0x22c1dc
DBAHELP,HELP.PROGRAM,0x22c0ac
DBAHELP,HELP.SECTION,0x22c274
DBAHELP,HELP.TEXT      -,0x22b814
DBAHELP,HELP.TYPE,0x22c144
DBAHLPID,DBA.HELP.MAP,0x22cb0c
DBAHLPID,DBA.HELP.REF,0x22c014
DBAUSRMN,USRMN_PATH     .,0x22d014
DEFAULTS,DFLT.ARRAY,0x22da74
DEFAULTS,DFLT.FLDNME,0x22d9dc
DEFAULTS,DFLT.KEY,0x22d944
DPTMENT,DPT.CODE,0x22d814
DPTMENT,DPT.DESC,0x22d8ac
EIMCOLST,EIMCO.DEPT,0x2ae274
EIMCOLST,EIMCO.DESC     Z,0x2ae0ac
EIMCOLST,EIMCO.EXTRA    B,0x2aeddc
EIMCOLST,EIMCO.LDESC    x,0x2ae014
EIMCOLST,EIMCO.LIST,0x2ae1dc
EIMCOLST,EIMCO.WOPRE    6,0x2ae814
ESTCHGS,MTESCH.AMT,0x22de74
ESTCHGS,MTESCH.DESC,0x22dddc
ESTCHGS,MTESCH.QUOTE,0x22df0c
ESTMAT,MTESMAT.CODE,0x22dcac
ESTMAT,MTESMAT.COST1  P,0x22e8ac
ESTMAT,MTESMAT.COST2  X,0x22e814
ESTMAT,MTESMAT.COST4  h,0x22ee74
ESTMAT,MTESMAT.COST5  p,0x22eddc
ESTMAT,MTESMAT.COSTCD,0x22ecac
ESTMAT,MTESMAT.DESC,0x22dc14
ESTMAT,MTESMAT.QTYPER 5,0x22eb0c
ESTMAT,MTESMAT.QUOTE,0x22dd44
ESTMAT,MTESMAT.QUREF  H,0x22e944
ESTMAT,MTESMAT.REMARKSx,0x22ed44
ESTMAT,MTESMAT.UM     E,0x22e9dc
ESTROUT,MTESRO.DESC,0x23130c
ESTROUT,MTESRO.MISCCOSTy,0x230544
ESTROUT,MTESRO.OPCOST  Y,0x230a74
ESTROUT,MTESRO.OPER,0x231274
ESTROUT,MTESRO.OVER4,0x22f70c
ESTROUT,MTESRO.OVER5,0x22f014
ESTROUT,MTESRO.PARTSHR a,0x230b0c
ESTROUT,MTESRO.QUOTE,0x2311dc
ESTROUT,MTESRO.SETUP1,0x22f0ac
ESTROUT,MTESRO.SETUP2,0x22f144
ESTROUT,MTESRO.SETUP5  7,0x22f30c
ESTROUT,MTESRO.SETUPHRSq,0x2304ac
ESTROUT,MTESRO.TIMEPARTi,0x230414
ESTROUT,MTESRO.TYPE    5,0x2308ac
ESTROUT,MTESRO.VENDOR  6,0x230944
ESTSUM,MTESUM.ATTN    m,0x8c814
ESTSUM,MTESUM.BOM.FLAGH,0x23230c
ESTSUM,MTESUM.CLASS,0x8d814
ESTSUM,MTESUM.CODE,0x8cb0c
ESTSUM,MTESUM.COST    K,0x231d44
ESTSUM,MTESUM.CUSTCODEE,0x8c944
ESTSUM,MTESUM.DATE,0x8d9dc
ESTSUM,MTESUM.ENTBY   -,0x232144
ESTSUM,MTESUM.EX.FLAG J,0x231cac
ESTSUM,MTESUM.EXPDATE,0x8d944
ESTSUM,MTESUM.EXTRA   m,0x8b544
ESTSUM,MTESUM.LEADTIME,0x2319dc
ESTSUM,MTESUM.MATMU   M,0x8c414
ESTSUM,MTESUM.NAME    O,0x8c8ac
ESTSUM,MTESUM.OH      -,0x8bc14
ESTSUM,MTESUM.OPPTYPE 2,0x231014
ESTSUM,MTESUM.OVALL,0x8b5dc
ESTSUM,MTESUM.PRICE,0x8b414
ESTSUM,MTESUM.QTREV   4,0x2310ac
ESTSUM,MTESUM.QUOTE,0x8da74
ESTSUM,MTESUM.RT.FLAG I,0x231c14
ESTSUM,MTESUM.SLSP.NUM,0x231a74
ESTSUM,MTESUM.STATUS,0x8d8ac
ESTSUM,MTESUM.TEMP.NUMF,0x232274
ESTSUM,MTESUM.UM      B,0x8c9dc
FIELDDEF,DDF.FDATATYPE,0x859dc
FIELDDEF,DDF.FDEC,0x9db0c
FIELDDEF,DDF.FDNAME,0x85a74
FIELDDEF,DDF.FFILE,0x85b0c
FIELDDEF,DDF.FFLAGS,0x85814
FIELDDEF,DDF.FID,0x85c14
FIELDDEF,DDF.FOFFSET,0x85944
FIELDDEF,DDF.FSIZE,0x858ac
FIELDS,FLD.KEY,0x85e74
FILEDEF,DDF.FLAGS      V,0x869dc
FILEDEF,DDF.ID,0x86814
FILEDEF,DDF.LOC,0x86944
FILEDEF,DDF.NAME,0x868ac
FILEDEF,DDF.RESERVED   W,0x86a74
HELPURL,HELP.URL.EXTRA,0x8db0c
HELPURL,HELP.URL.FILE,0x8dc14
HELPURL,HELP.URL.REF,0x8dcac
INDEXDEF,DDF.FIELD,0x8df0c
INDEXDEF,DDF.FILE,0x8e014
INDEXDEF,DDF.IFLAGS,0x8dd44
INDEXDEF,DDF.NUMBER,0x8de74
INDEXDEF,DDF.PART,0x8dddc
INVTXN,MTIT.AVGCOST,0x8f144
INVTXN,MTIT.CLASS,0x8f414
INVTXN,MTIT.CODE,0x8f274
INVTXN,MTIT.CUST      X,0x8ee74
INVTXN,MTIT.DATE,0x8f30c
INVTXN,MTIT.INVOICE   b,0x8eddc
INVTXN,MTIT.KEY,0x8f544
INVTXN,MTIT.LOC       0,0x8f014
INVTXN,MTIT.PO        r,0x8ecac
INVTXN,MTIT.PRICE     j,0x8ed44
INVTXN,MTIT.QTY,0x8f1dc
INVTXN,MTIT.TYPE,0x8f4ac
INVTXN,MTIT.WOPRE     z,0x8ec14
IS2DBAR,IS2D.BAR.CHAR,0x90144
IS2DBAR,IS2D.BAR.CODE,0x9030c
IS2DBAR,IS2D.BAR.DOCPR 9,0x90014
IS2DBAR,IS2D.BAR.FIELD,0x900ac
IS2DBAR,IS2D.BAR.ITEM,0x90274
IS2DBAR,IS2D.BAR.ORDER,0x901dc
ISACTION,IS.ACTION.DESC,0x904ac
ISACTION,IS.ACTION.MISC F,0x90414
ISACTION,IS.ACTION.TYPE,0x90544
ISAPCHG,ISAP.CHG.ADISC Z,0x91814
ISAPCHG,ISAP.CHG.AERD  z,0x91544
ISAPCHG,ISAP.CHG.ALOC  6,0x91a74
ISAPCHG,ISAP.CHG.AOOQTYj,0x91674
ISAPCHG,ISAP.CHG.APRICEJ,0x91944
ISAPCHG,ISAP.CHG.BDISC b,0x9170c
ISAPCHG,ISAP.CHG.BOOQTYr,0x915dc
ISAPCHG,ISAP.CHG.BPRICER,0x918ac
ISAPCHG,ISAP.CHG.CDATE,0x924ac
ISAPCHG,ISAP.CHG.LINEID,0x925dc
ISAPCHG,ISAP.CHG.PCODE,0x92544
ISAPCHG,ISAP.CHG.PONUM,0x92674
ISAPCHG,ISAP.CHG.USER,0x92414
ISAPEX,ISAPEX.DATE    6,0x92c14
ISAPEX,ISAPEX.EXTRA   J,0x9270c
ISAPEX,ISAPEX.LONGNAME,0x92f0c
ISAPEX,ISAPEX.NUM     F,0x92e74
ISAPEX,ISAPEX.NUM2    n,0x92ddc
ISAPEX,ISAPEX.VEND,0x93014
ISAPPROJ,ISAP.PROJ.CUST,0x940ac
ISAPPROJ,ISAP.PROJ.EXTRAi,0x930ac
ISAPPROJ,ISAP.PROJ.FROM,0x94144
ISAPPROJ,ISAP.PROJ.JDEPTP,0x9370c
ISAPPROJ,ISAP.PROJ.JITEMZ,0x93674
ISAPPROJ,ISAP.PROJ.JOURN,0x93b0c
ISAPPROJ,ISAP.PROJ.JVENDF,0x93814
ISAPPROJ,ISAP.PROJ.PROJ -,0x93944
ISAPPROJ,ISAP.PROJ.VEND,0x94014
ISAPQPO,ISAP.QPO.CDATE,0x94c14
ISAPQPO,ISAP.QPO.COMMNT,0x94b0c
ISAPQPO,ISAP.QPO.CWHO,0x94cac
ISAPQPO,ISAP.QPO.EDATE,0x94d44
ISAPQPO,ISAP.QPO.EXTRA D,0x94a74
ISAPQPO,ISAP.QPO.GDATE,0x9430c
ISAPQPO,ISAP.QPO.GLACCTQ,0x961dc
ISAPQPO,ISAP.QPO.LOC   _,0x960ac
ISAPQPO,ISAP.QPO.MINCST,0x94274
ISAPQPO,ISAP.QPO.OPER  N,0x9630c
ISAPQPO,ISAP.QPO.PCODE,0x97274
ISAPQPO,ISAP.QPO.PCONV 4,0x96674
ISAPQPO,ISAP.QPO.PQTY,0x971dc
ISAPQPO,ISAP.QPO.SHPVIAi,0x96014
ISAPQPO,ISAP.QPO.TAXBLEP,0x96274
ISAPQPO,ISAP.QPO.UM    1,0x9670c
ISAPQPO,ISAP.QPO.VNDCOD,0x97144
ISAPQPO,ISAP.QPO.WOPRE D,0x964ac
ISAPQPO,ISAP.QPO.WOSUF L,0x96414
ISARCHG,ISAR.CHG.ADISC h,0x97f0c
ISARCHG,ISAR.CHG.ALOC  D,0x985dc
ISARCHG,ISAR.CHG.AOOQTYx,0x97ddc
ISARCHG,ISAR.CHG.APRICEX,0x984ac
ISARCHG,ISAR.CHG.BDISC p,0x97e74
ISARCHG,ISAR.CHG.BLOC  N,0x98544
ISARCHG,ISAR.CHG.INVNUM,0x98ddc
ISARCHG,ISAR.CHG.LINEID,0x98d44
ISARCHG,ISAR.CHG.PCODE,0x98cac
ISARCHG,ISAR.CHG.SONUM,0x98e74
ISAREX,ISAREX.ALPHA   3,0x99674
ISAREX,ISAREX.CUST,0x98f0c
ISAREX,ISAREX.LONGNAME,0x99014
ISAREX,ISAREX.NUM2,0x99544
ISAREX,ISAREX.RS.EXPDTF,0x990ac
ISAREX,ISAREX.RS.UPDT J,0x99144
ISAREX,ISAREX.RS.WHO  N,0x991dc
ISAREX,ISAREX.SLS.GOALA,0x99cac
ISARINVX,ISAR.INV.EXRTA2t,0x99ddc
ISARINVX,ISAR.INV.EXTRA1,0x99e74
ISARINVX,ISAR.INV.NUM,0x99f0c
ISARINVX,ISAR.INV.SONUM,0x9a414
ISARJDLP,ISAR.JD.DATE,0x9a814
ISARJDLP,ISAR.JD.DELNOTEF,0x9addc
ISARJDLP,ISAR.JD.ETADTE n,0x9acac
ISARJDLP,ISAR.JD.FLAGS,0x9a8ac
ISARJDLP,ISAR.JD.INVNUM,0x9c4ac
ISARJDLP,ISAR.JD.LPBAR  v,0x9bc14
ISARJDLP,ISAR.JD.PCKTYPEx,0x9ac14
ISARJDLP,ISAR.JD.PCODE,0x9c414
ISARJDLP,ISAR.JD.PDESC,0x9bf0c
ISARJDLP,ISAR.JD.SHPDTE d,0x9ad44
ISARJDLP,ISAR.JD.SONUM,0x9c544
ISARTXNB,ISAR.TXN.ALPHA m,0x9ccac
ISARTXNB,ISAR.TXN.BIN,0x9d144
ISARTXNB,ISAR.TXN.CODE,0x9d274
ISARTXNB,ISAR.TXN.DATE  h,0x9cddc
ISARTXNB,ISAR.TXN.LINEID,0x9d1dc
ISARTXNB,ISAR.TXN.LOC   .,0x9d0ac
ISARTXNB,ISAR.TXN.QTY   8,0x9d014
ISARTXNB,ISAR.TXN.RLEASDl,0x9cd44
ISARTXNB,ISAR.TXN.SERIALO,0x9ce74
ISARTXNB,ISAR.TXN.SONUM,0x9d30c
ISARTXNB,ISAR.TXN.TMPSO U,0x9c5dc
ISAUTODC,IS.AUTO.DATE,0x9ed44
ISAUTODC,IS.AUTO.EXTRA  i,0x9d814
ISAUTODC,IS.AUTO.FILE,0x9ec14
ISAUTODC,IS.AUTO.FLAG   h,0x9d8ac
ISAUTODC,IS.AUTO.IP,0x9e30c
ISAUTODC,IS.AUTO.OPER   Z,0x9e144
ISAUTODC,IS.AUTO.TIME,0x9ecac
ISAUTODC,IS.AUTO.WOPRE  P,0x9e274
ISAUTODC,IS.AUTO.WOSUF  X,0x9e1dc
ISBANKS,IS.BANKS.ACCT  Y,0x9f4ac
ISBANKS,IS.BANKS.ACTIVEw,0x9f1dc
ISBANKS,IS.BANKS.AP    z,0x9f014
ISBANKS,IS.BANKS.AR    y,0x9f0ac
ISBANKS,IS.BANKS.BAL   B,0x9f5dc
ISBANKS,IS.BANKS.CURR  h,0x9f414
ISBANKS,IS.BANKS.DESC,0x9fcac
ISBANKS,IS.BANKS.GLD   6,0x9f70c
ISBANKS,IS.BANKS.INC.BSx,0x9f144
ISBANKS,IS.BANKS.NUM,0x9fddc
ISBANKS,IS.BANKS.ROUT  J,0x9f544
ISBANKS,IS.BANKS.SRT,0x9fd44
ISBANKS,IS.BANKS.TYPE  k,0x9f30c
ISBANKS,IS.BANKS.VEND  m,0x9f274
ISBILLSH,IS.BILLSH.BILL,0xa00ac
ISBILLSH,IS.BILLSH.EXTRA,0x9fe74
ISBILLSH,IS.BILLSH.FLAG,0x9ff0c
ISBILLSH,IS.BILLSH.SHIP,0xa0014
ISBINLOC,ISBIN.LOC.BIN,0xa0544
ISBINLOC,ISBIN.LOC.CDATE0,0xa0414
ISBINLOC,ISBIN.LOC.DFLT 8,0xa0274
ISBINLOC,ISBIN.LOC.EXTRA9,0xa01dc
ISBINLOC,ISBIN.LOC.ITEM,0xa0674
ISBINLOC,ISBIN.LOC.LOC,0xa05dc
ISBINLOC,ISBIN.LOC.VDATE4,0xa030c
ISBINLOT,IS.BINLOT.EXTRAD,0xa0d44
ISBINLOT,IS.BINLOT.FLAG C,0xa0ddc
ISBINLOT,IS.BINLOT.ITEM,0xa15dc
ISBINLOT,IS.BINLOT.LOC,0xa1544
ISBINLOT,IS.BINLOT.LOT,0xa14ac
ISBINLOT,IS.BINLOT.TMPSOv,0xa0cac
ISBINLOT,IS.BINLOT.UOH  7,0xa0f0c
ISBNMSTR,ISBN.MSTR.BIN,0xa1814
ISBNMSTR,ISBN.MSTR.DESC,0xa170c
ISBNMSTR,ISBN.MSTR.EXTRAU,0xa1674
ISBNMSTR,ISBN.MSTR.LOC,0xa18ac
ISBROKER,ISIS.BRK.CODE,0xa1944
ISBROKER,ISIS.BRK.FLAT,0xa19dc
ISBROKER,ISIS.BRK.PERC,0xa1a74
ISBROKER,ISIS.BRK.TYPE,0xa1b0c
ISBSF,ISBSF.AP.ATP   P,0xa39dc
ISBSF,ISBSF.AP.BAL   0,0xa40ac
ISBSF,ISBSF.AP.DISC  H,0xa3a74
ISBSF,ISBSF.AP.PAYA  8,0xa4014
ISBSF,ISBSF.AR.BAL,0xa4c14
ISBSF,ISBSF.AR.BILL,0xa430c
ISBSF,ISBSF.AR.DISC,0xa41dc
ISBSF,ISBSF.AR.RECP,0xa4274
ISBSF,ISBSF.CASH.ACTSH,0xa2144
ISBSF,ISBSF.ENDDATE,0xa4cac
ISBSF,ISBSF.EXTRA    h,0xa20ac
ISBSF,ISBSF.PO.BOOK  x,0xa3674
ISBSF,ISBSF.PO.OPEN  p,0xa370c
ISBSF,ISBSF.SO.OPEN  X,0xa3944
ISBSF,ISBSF.SO.SHIP  h,0xa3814
ISBSF,ISBSF.STARTDATE,0xa4d44
ISBSF,ISBSF.WOS.FOH,0xa24ac
ISBSF,ISBSF.WOS.FP   8,0xa2274
ISBSF,ISBSF.WOS.LAB,0xa2674
ISBSF,ISBSF.WOS.MAT,0xa2544
ISBSF,ISBSF.WOS.MEXT 0,0xa230c
ISBSF,ISBSF.WOS.OUTP,0xa25dc
ISBSF,ISBSF.WOS.SETUP,0xa270c
ISBUILD,IS.BUILD.DATE1 J,0xa4e74
ISBUILD,IS.BUILD.DATE2 N,0xa4ddc
ISBUILD,IS.BUILD.EXTRA,0x248674
ISBUILD,IS.BUILD.FILE,0x2485dc
ISBUILD,IS.BUILD.NSORT,0xa570c
ISBUILD,IS.BUILD.NSORT A,0x248014
ISBUILD,IS.BUILD.NUM1,0xa55dc
ISBUILD,IS.BUILD.NUM2,0xa5544
ISBUILD,IS.BUILD.NUM3,0xa54ac
ISBUILD,IS.BUILD.REC2,0xa5674
ISBUILD,IS.BUILD.REC2  I,0x2480ac
ISBUILD,IS.BUILD.UID,0xa5b0c
ISCACT,IS.CACT.ACTION,0xa5c14
ISCACT,IS.CACT.ALPHA  Y,0xa7d44
ISCACT,IS.CACT.CAR,0xa5cac
ISCACT,IS.CACT.CDATE,0xa5ddc
ISCACT,IS.CACT.COMPDTEM,0xa7c14
ISCACT,IS.CACT.D3     I,0xa68ac
ISCACT,IS.CACT.D3CD   x,0xa69dc
ISCACT,IS.CACT.D3R    i,0xa6944
ISCACT,IS.CACT.D6CD,0xa7414
ISCACT,IS.CACT.D6R,0xa6f0c
ISCACT,IS.CACT.D7,0xa74ac
ISCACT,IS.CACT.D7CD   D,0xa75dc
ISCACT,IS.CACT.D7DD   H,0xa7674
ISCACT,IS.CACT.D7R    5,0xa7544
ISCACT,IS.CACT.DUEDATE,0xa5e74
ISCACT,IS.CACT.OWNER,0xa5f0c
ISCACT,IS.CACT.REL,0xa5d44
ISCACT,IS.CACT.RISK   Q,0xa7cac
ISCACT,IS.CACT.STATUS L,0xa770c
ISCARDTE,IS.CDTE.CAR,0xa7ddc
ISCARDTE,IS.CDTE.CLOSEDTA,0xa85dc
ISCARDTE,IS.CDTE.DUEDATE,0xa8414
ISCARDTE,IS.CDTE.EXTRA  E,0xa8674
ISCARDTE,IS.CDTE.RDATE,0xa84ac
ISCARDTE,IS.CDTE.REL,0xa7e74
ISCARDTE,IS.CDTE.REL8D  x,0xa8814
ISCARDTE,IS.CDTE.STATUS w,0xa870c
ISCARDTE,IS.CDTE.WHO,0xa7f0c
ISCARFUP,IS.CARFUP.CAR,0xa95dc
ISCARFUP,IS.CARFUP.CDTE u,0xa8ddc
ISCARFUP,IS.CARFUP.CWHO y,0xa8d44
ISCARFUP,IS.CARFUP.DATE,0xa9544
ISCARFUP,IS.CARFUP.EXTRAC,0xa8e74
ISCARFUP,IS.CARFUP.TYPE 9,0xa8f0c
ISCARFUP,IS.CARFUP.UID,0xa9414
ISCARFUP,IS.CARFUP.USER,0xa94ac
ISCATMST,IS.CATM.CODE,0xaa014
ISCATMST,IS.CATM.DESC,0xa970c
ISCC,IS.CC.ADDRESS  B,0xaa5dc
ISCC,IS.CC.CARDTYPE t,0xaa4ac
ISCC,IS.CC.CODE,0xaa944
ISCC,IS.CC.SORT,0xaa8ac
ISCC,IS.CC.TOLKEN,0xaa814
ISCC,IS.CC.ZIP      j,0xaa544
ISCCBTXN,ISCC.TXN.BIN   F,0xab144
ISCCBTXN,ISCC.TXN.FABRIC,0xabc14
ISCCBTXN,ISCC.TXN.JOB,0xab30c
ISCCBTXN,ISCC.TXN.LOC   U,0xab0ac
ISCCBTXN,ISCC.TXN.LOT,0xab274
ISCCBTXN,ISCC.TXN.LOTQTYo,0xaae74
ISCCBTXN,ISCC.TXN.NEDQTYg,0xaaf0c
ISCCBTXN,ISCC.TXN.PULQTY_,0xab014
ISCCBTXN,ISCC.TXN.SDATE w,0xaaddc
ISCCBTXN,ISCC.TXN.SER   -,0xab1dc
ISCCBTXN,ISCC.TXN.STATUS,0xaacac
ISCCICM,ISCC.ICM.BOXNO,0xac1dc
ISCCICM,ISCC.ICM.BTNCOD,0xac544
ISCCICM,ISCC.ICM.BTNQTYw,0xac5dc
ISCCICM,ISCC.ICM.CODE,0xaeb0c
ISCCICM,ISCC.ICM.CUSFD v,0xabd44
ISCCICM,ISCC.ICM.CUSHTYJ,0xac0ac
ISCCICM,ISCC.ICM.CUST  i,0xae8ac
ISCCICM,ISCC.ICM.DESC,0xaea74
ISCCICM,ISCC.ICM.DESC2 -,0xae9dc
ISCCICM,ISCC.ICM.FILIT 7,0xac944
ISCCICM,ISCC.ICM.FILQTYs,0xac8ac
ISCCICM,ISCC.ICM.FSIZE K,0xae944
ISCCICM,ISCC.ICM.HINGE,0xae70c
ISCCICM,ISCC.ICM.LAWLABG,0xacc14
ISCCICM,ISCC.ICM.PDF   O,0xae5dc
ISCCICM,ISCC.ICM.PERCOMD,0xadd44
ISCCICM,ISCC.ICM.SEWNOT,0xaccac
ISCCICM,ISCC.ICM.SPY   6,0xae674
ISCCICM,ISCC.ICM.TIECOD9,0xad144
ISCCICM,ISCC.ICM.TIEMATR,0xad0ac
ISCCICM,ISCC.ICM.TIEQTYp,0xad014
ISCCICM,ISICC.ICM.,0xade74
ISCCMTF,ISCC.MTF.ITEM,0xaf8ac
ISCCMTF,ISCC.MTF.MTF,0xaf814
ISCHAINM,IS.CHAIN.CHILD,0xb00ac
ISCHAINM,IS.CHAIN.PARENT,0xb0144
ISCHAINM,IS.CHAIN.USER,0xb01dc
ISCONVRT,IS.CONV.ITEM,0xb1014
ISCONVRT,IS.CONV.PUM,0xb0a74
ISCONVRT,IS.CONV.SUM,0xb0b0c
ISCONVRT,IS.CONV.WTCONV 3,0xb08ac
ISCRISLS,ISCR.SLS.ALPHA f,0xb130c
ISCRISLS,ISCR.SLS.CUST,0xb1c14
ISCRISLS,ISCR.SLS.FDATE 9,0xb170c
ISCRISLS,ISCR.SLS.FLAG  a,0xb1414
ISCRISLS,ISCR.SLS.INVNUM1,0xb1814
ISCRISLS,ISCR.SLS.ITEM,0xb1b0c
ISCRISLS,ISCR.SLS.NUM   Q,0xb14ac
ISCRISLS,ISCR.SLS.SDATE,0xb1a74
ISCRISLS,ISCR.SLS.SHPDTE-,0xb18ac
ISCRISLS,ISCR.SLS.SOLDQTI,0xb1544
ISCRISLS,ISCR.SLS.SOLDTEE,0xb15dc
ISCRISLS,ISCR.SLS.SUOH,0xb19dc
ISCTEAM,IS.CTEAM.ACTION,0xb1d44
ISCTEAM,IS.CTEAM.CAR,0xb1cac
ISCTEAM,IS.CTEAM.NAME,0xb1ddc
ISCTEAM,IS.CTEAM.SDATE,0xb1f0c
ISCTEAM,IS.CTEAM.SIGNOF,0xb1e74
ISCTREVU,IS.CREVU.ACTIVEA,0xb3144
ISCTREVU,IS.CREVU.ADATE J,0xb2b0c
ISCTREVU,IS.CREVU.ADMIN 4,0xb330c
ISCTREVU,IS.CREVU.ATIME N,0xb2a74
ISCTREVU,IS.CREVU.CDATE B,0xb30ac
ISCTREVU,IS.CREVU.DEPT,0xb3414
ISCTREVU,IS.CREVU.EDATE F,0xb3014
ISCTREVU,IS.CREVU.EMP,0xb34ac
ISCTREVU,IS.CREVU.EMPNME,0xb3544
ISCTREVU,IS.CREVU.EXTRA W,0xb2944
ISCTREVU,IS.CREVU.FLAG  R,0xb29dc
ISCTREVU,IS.CREVU.LEVEL 5,0xb3274
ISCTREVU,IS.CREVU.MOTPAS7,0xb31dc
ISCYCLCD,IS.CYCLE.CODE,0xb39dc
ISCYCLCD,IS.CYCLE.DESC,0xb3944
ISCYCLCD,IS.CYCLE.NUM   7,0xb3674
ISDCSER,ISDC.SER.ALPHA c,0xb45dc
ISDCSER,ISDC.SER.BIN   E,0xb48ac
ISDCSER,ISDC.SER.EMP,0xb4a74
ISDCSER,ISDC.SER.FLAG  b,0xb4674
ISDCSER,ISDC.SER.ITEM,0xb4b0c
ISDCSER,ISDC.SER.LOC   T,0xb4814
ISDCSER,ISDC.SER.LOT   6,0xb4944
ISDCSER,ISDC.SER.OPER,0xb5014
ISDCSER,ISDC.SER.SERIAL,0xb49dc
ISDCSER,ISDC.SER.WOPRE,0xb5144
ISDCSER,ISDC.SER.WOSUF,0xb50ac
ISDEFECT,IS.DEF.CODE,0xb51dc
ISDEFECT,IS.DEF.DESC,0xb5274
ISDEFECT,IS.DEF.EXTRA   F,0xb530c
ISDEPT,IS.GF.DEPT,0xb5544
ISDEPT,IS.GF.DEPT.DESC,0xb54ac
ISDEPT,IS.GF.DEPT.MISC2,0xb5414
ISDIGSIG,IS.DSIG.ACTIVE,0xb61dc
ISDIGSIG,IS.DSIG.AMT,0xb5ddc
ISDIGSIG,IS.DSIG.DATE   a,0xb5cac
ISDIGSIG,IS.DSIG.EMP,0xb68ac
ISDIGSIG,IS.DSIG.FLAG   W,0xb5d44
ISDIGSIG,IS.DSIG.MOTCACH,0xb6814
ISDIGSIG,IS.DSIG.POENTBY,0xb630c
ISDIGSIG,IS.DSIG.SOENTBY,0xb6274
ISDIV,IS.GF.DIV,0xb6a74
ISDIV,IS.GF.DIV.DESC,0xb69dc
ISDIV,IS.GF.DIV.MISC 2,0xb6944
ISDRILL,LOOKUP.FILE    3,0xb6ddc
ISDRILL,LOOKUP.FILTERS B,0xb6d44
ISDRILL,LOOKUP.FROM,0xb78ac
ISDRILL,LOOKUP.GRID,0xb7814
ISDRILL,LOOKUP.KEY     1,0xb6e74
ISDRILL,LOOKUP.REC     -,0xb6f0c
ISDRILL,LOOKUP.WHILE,0xb6c14
ISDRILLM,DRILLM.CHILD,0xb7ddc
ISDRILLM,DRILLM.FILE    7,0xb7cac
ISDRILLM,DRILLM.MENU,0xb7d44
ISDRILLM,DRILLM.PARENT,0xb7e74
ISDRILLM,DRILLM.SFIELD  F,0xb7c14
ISDROP,IS.DROP.CODE,0xb8144
ISDROP,IS.DROP.EXTRA  F,0xb7f0c
ISDROP,IS.DROP.TEXT,0xb80ac
ISDUTY,ISIS.DUTY.DCODE,0xb81dc
ISDUTY,ISIS.DUTY.PERC,0xb8274
ISEAB,IS.EAB.CONTACT,0xb85dc
ISEAB,IS.EAB.EMAIL   A,0xb8414
ISEAB,IS.EAB.EXTRA   _,0xb830c
ISEAB,IS.EAB.LNAME   2,0xb84ac
ISEAB,IS.EAB.USER,0xb8674
ISECO,IS.ECO.DRAW,0xb95dc
ISECO,IS.ECO.EXTRA   F,0xb870c
ISECO,IS.ECO.INVDISP D,0xb8c14
ISECO,IS.ECO.PART,0xb9674
ISECO,IS.ECO.REVLVL,0xb9544
ISESTDTL,IS.EST.BOM.FLAGQ,0xbc1dc
ISESTDTL,IS.EST.CUST,0xbce74
ISESTDTL,IS.EST.EX.FLAG S,0xbc30c
ISESTDTL,IS.EST.EXTRA2  _,0xbc544
ISESTDTL,IS.EST.LAB,0x7b144
ISESTDTL,IS.EST.LABMU   _,0x7b1dc
ISESTDTL,IS.EST.LINE,0xb9cac
ISESTDTL,IS.EST.MAT     o,0x7b014
ISESTDTL,IS.EST.MISC    G,0x7aa74
ISESTDTL,IS.EST.NUM,0xb970c
ISESTDTL,IS.EST.OP,0x7a814
ISESTDTL,IS.EST.OPMU    W,0x7a8ac
ISESTDTL,IS.EST.OPPTYPE T,0xbc414
ISESTDTL,IS.EST.OVALL   7,0x7a4ac
ISESTDTL,IS.EST.PART,0xb9c14
ISESTDTL,IS.EST.QTREV   V,0xbc4ac
ISESTDTL,IS.EST.QTY,0xb9d44
ISESTDTL,IS.EST.QUICK,0xbcf0c
ISESTDTL,IS.EST.RT.FLAG R,0xbc274
ISESTDTL,IS.EST.SO,0xbd014
ISESTDTL,IS.EST.TEMP.NUMO,0xbc144
ISESTDTL,IS.EST.VOVHD   w,0x7a70c
ISESTDTL,IS.EST.WOPRE,0xbd0ac
ISESTDTL,IS.EST.WOSUF,0xbd144
ISFIELDS,IS.FLDS.ANUM   s,0xbd274
ISFIELDS,IS.FLDS.DESC,0xbdcac
ISFIELDS,IS.FLDS.EXTRA  A,0xbd30c
ISFIELDS,IS.FLDS.FD,0xbdddc
ISFIELDS,IS.FLDS.FIELD,0xbdd44
ISFIELDS,IS.FLDS.REQUIREu,0xbd1dc
ISFOBMRM,ISFO.BRM.COMP  9,0xbe414
ISFOBMRM,ISFO.BRM.EXTRA,0xbde74
ISFOBMRM,ISFO.BRM.LINE  7,0xbe4ac
ISFOBMRM,ISFO.BRM.REMARKH,0xbdf0c
ISFOBMRM,ISFO.BRM.UID,0xbe5dc
ISFOHEAD,ISFO.HDR.CUST  Y,0xbeb0c
ISFOHEAD,ISFO.HDR.DATE  7,0xbecac
ISFOHEAD,ISFO.HDR.RFQ   m,0xbe9dc
ISFOHEAD,ISFO.HDR.UID,0xbeddc
ISFOHEAD,ISFO.HDR.VEND  c,0xbea74
ISFOHIST,ISFO.HIST.CVTNO,0xbf70c
ISFOHIST,ISFO.HIST.PART l,0xbfcac
ISFOHIST,ISFO.HIST.STATUD,0xbfd44
ISFOHIST,ISFO.HIST.UID,0xc0414
ISFOLINE,ISFO.LIN.BEXTRAb,0xc0674
ISFOLINE,ISFO.LIN.COMP,0xc1414
ISFOLINE,ISFO.LIN.DATE1 Z,0xc0814
ISFOLINE,ISFO.LIN.DUPOP J,0xc09dc
ISFOLINE,ISFO.LIN.LINEN,0xc14ac
ISFOLINE,ISFO.LIN.OP    7,0xc0cac
ISFOLINE,ISFO.LIN.OPDSC K,0xc0944
ISFOLINE,ISFO.LIN.QTYREQ,0xc0f0c
ISFOLINE,ISFO.LIN.REF,0xc0e74
ISFOLINE,ISFO.LIN.RTNUM H,0xc0a74
ISFOLINE,ISFO.LIN.TYPE  .,0xc0ddc
ISFOLINE,ISFO.LIN.UID,0xc1c14
ISFOLINE,ISFO.LIN.VEND  P,0xc08ac
ISFOORDL,ISFO.ORDL.LOC,0xc25dc
ISFOORDL,ISFO.ORDL.PCODE.,0xc2a74
ISFOORDL,ISFO.ORDL.PDISCk,0xc2814
ISFOORDL,ISFO.ORDL.PEXT s,0xc270c
ISFOORDL,ISFO.ORDL.PPRCEc,0xc28ac
ISFOORDL,ISFO.ORDL.UID,0xc2c14
ISFSCLAS,IS.FIB.CLASS,0xc2ddc
ISFSCLAS,IS.FIB.EXTRA   6,0xc2cac
ISFSCLAS,IS.FIB.GROUP,0xc2d44
ISFSINFO,IS.FIB.CONTRACT,0xc3414
ISFSINFO,IS.FIB.MISC    -,0xc2f0c
ISFSINFO,IS.FIB.PROGRAM,0xc34ac
ISFUTYPE,IS.FUTYPE.DESC,0xc35dc
ISFUTYPE,IS.FUTYPE.EXTRAF,0xc3544
ISFUTYPE,IS.FUTYPE.TYPE,0xc3674
ISFXASST,IS.FXA.CSTBAS  b,0xc470c
ISFXASST,IS.FXA.DESC2   D,0xc5014
ISFXASST,IS.FXA.EXTRA,0xc370c
ISFXASST,IS.FXA.LDEPDATE,0xc3814
ISFXASST,IS.FXA.LDEPPERC,0xc38ac
ISFXASST,IS.FXA.LIFE    r,0xc45dc
ISFXASST,IS.FXA.METH    z,0xc4544
ISFXASST,IS.FXA.NUMBER,0xc51dc
ISFXASST,IS.FXA.RESVAL  j,0xc4674
ISFXASST,IS.FXA.TYPE,0xc5144
ISFXATRN,IS.FXT.ACDEPA  6,0xc55dc
ISFXATRN,IS.FXT.AMOUNT,0xc58ac
ISFXATRN,IS.FXT.AUDIT,0xc570c
ISFXATRN,IS.FXT.DATE,0xc5944
ISFXATRN,IS.FXT.DEPEXPA D,0xc54ac
ISFXATRN,IS.FXT.DEPEXPD N,0xc5414
ISFXATRN,IS.FXT.EXTRA   Z,0xc5274
ISFXATRN,IS.FXT.NETAVAL R,0xc530c
ISFXATRN,IS.FXT.NUMBER,0xc59dc
ISFXATRN,IS.FXT.PERC,0xc5814
ISFXATRN,IS.FXT.POSTED  5,0xc5674
ISGLCOA,ISGL.5YPAST,0xc5e74
ISGLCOA,ISGL.6YPAST    z,0xc5ddc
ISGLCOA,ISGL.6YPAST.YE,0xc5b0c
ISGLCOA,ISGL.ACCT,0xc6c14
ISGLCOA,ISGL.ACCTD,0xc6674
ISGLCOA,ISGL.CEXTRA,0xc5a74
ISGLCOA,ISGL.GLDPT,0xc670c
ISGLDATE,ISGL.1YDATE    0,0xc7544
ISGLDATE,ISGL.6YDATE,0xc6ddc
ISGLDATE,ISGL.CYDATE,0xc75dc
ISGLDATE,ISGL.EXTRA     T,0xc6cac
ISGLDATE,ISGL.FYDATE    P,0xc6d44
ISGLNBGT,ISGL.BGT.ACCT,0xc7c14
ISGLNBGT,ISGL.BGT.BUDGET,0xc7a74
ISGLNBGT,ISGL.BGT.EDATE,0xc770c
ISGLNBGT,ISGL.BGT.EXTRA,0xc7674
ISGLNBGT,ISGL.BGT.GLDPT,0xc7b0c
ISICMSTR,IS.PROD.ALPHA,0xc930c
ISICMSTR,IS.PROD.CODE,0xc7cac
ISICMSTR,IS.PROD.FLAG,0xc9274
ISICMSTR,IS.PROD.ITP,0xc7ddc
ISICMSTR,IS.PROD.RCDATE,0xc91dc
ISICMSTR,IS.PROD.RCODE,0xc970c
ISICMSTR,IS.PROD.SLEAD,0xc9144
ISICMSTR,IS.PROD.WT,0xc7d44
ISIS,IS.AUTO.TAX.CAL0,0xcb70c
ISIS,IS.COMM.PRICE,0xc9f0c
ISIS,IS.DEMO,0xca944
ISIS,IS.EZPAY       1,0xcc014
ISIS,IS.IMAGING,0xca814
ISIS,IS.LANDED.COST,0xc9d44
ISIS,IS.MULTI.CPAY,0xcaa74
ISIS,IS.MULTI.CURR,0xc9cac
ISIS,IS.PIC.PATH,0xcab0c
ISIS,IS.RETAIL.PRICE,0xc9e74
ISIS,IS.RMA         2,0xcc0ac
ISIS,IS.SPEC.SUP    3,0xcc144
ISIS,IS.SPEC.SUPF   4,0xcc1dc
ISIS,IS.SPEC.SUPT   6,0xcc274
ISIS,IS.TAX,0xc9c14
ISIS,IS.TAX.CVT     .,0xcb5dc
ISIS,IS.TAX.IN      -,0xcb544
ISIS,IS.UPC,0xc9ddc
ISIS,IS.UPC.1,0xca8ac
ISIS,IS.UPC.2,0xca9dc
ISITP,IS.ITP.DESC,0xcc814
ISITP,IS.ITP.EXTRA   d,0xcc30c
ISITP,IS.ITP.NUM,0xcc8ac
ISJAVA,IS.JAVA.UID,0xcc944
ISJOB,IS.JOB.CLOSEDT G,0xcd014
ISJOB,IS.JOB.CUST    -,0xcd30c
ISJOB,IS.JOB.DESC,0xcd814
ISJOB,IS.JOB.EXTRA   K,0xccb0c
ISJOB,IS.JOB.NUMB,0xcd8ac
ISJOB,IS.JOB.OPENDT  C,0xcd0ac
ISJOB,IS.JOB.RSVD    A,0xcd1dc
ISJOB,IS.JOB.STATUS  B,0xcd144
ISJOB,IS.JOB.VEND    7,0xcd274
ISLANDF,ISIS.LND.GLACF,0xcdc14
ISLANDF,ISIS.LND.GLADT,0xcd944
ISLANDF,ISIS.LND.GLAFR,0xcda74
ISLANDF,ISIS.LND.GLDDT,0xcd9dc
ISLANDF,ISIS.LND.GLDFR,0xcdb0c
ISLBLMAP,IS.LABEL.CUST  F,0xce5dc
ISLBLMAP,IS.LABEL.DESC,0xcf144
ISLBLMAP,IS.LABEL.EDATE B,0xce674
ISLBLMAP,IS.LABEL.EXTRA,0xcdd44
ISLBLMAP,IS.LABEL.FLAG,0xcdddc
ISLBLMAP,IS.LABEL.ITEM,0xcf274
ISLBLMAP,IS.LABEL.NTYPE f,0xce414
ISLBLMAP,IS.LABEL.NUM,0xcf1dc
ISLBLMAP,IS.LABEL.RTM   Z,0xce4ac
ISLBLMAP,IS.LABEL.VEND  P,0xce544
ISLINKS,IS.LNK.APP     0,0xcfc14
ISLINKS,IS.LNK.DATE    h,0xcf814
ISLINKS,IS.LNK.DEF,0xcf9dc
ISLINKS,IS.LNK.GLOBAL  f,0xcf944
ISLINKS,IS.LNK.LINK    0,0xcfcac
ISLINKS,IS.LNK.NOTE    l,0xcf70c
ISLINKS,IS.LNK.OPENWITHg,0xcf8ac
ISLINKS,IS.LNK.UID,0xcfd44
ISLINKS,IS.LNK.WHO     x,0xcf674
ISLOCCST,IS.LCST.AVGC,0x136cac
ISLOCCST,IS.LCST.LOC,0x136d44
ISLOCCST,IS.LCST.LTIME  -,0xcfe74
ISLOCCST,IS.LCST.PART,0x136ddc
ISLOG,IS.LOG.DOING   2,0x137674
ISLOG,IS.LOG.EXTRA   J,0x136e74
ISLOG,IS.LOG.STARTD  n,0x1375dc
ISLOG,IS.LOG.STARTT  r,0x137544
ISLOG,IS.LOG.WHO,0x137814
ISLSMAP,IS.MAP.CCODE   n,0x137e74
ISLSMAP,IS.MAP.FLAG    X,0x137944
ISLSMAP,IS.MAP.OPER    -,0x1381dc
ISLSMAP,IS.MAP.POSITION,0x138814
ISLSMAP,IS.MAP.PQTY    f,0x137f0c
ISLSMAP,IS.MAP.PSERIAL M,0x138014
ISLSMAP,IS.MAP.TRAYNUM,0x1388ac
ISLTYPE,IS.LT.DESC,0x138a74
ISLTYPE,IS.LT.TYPE,0x138b0c
ISMACS,IS.MACS.MACNUM,0x1394ac
ISMACS,IS.MACS.OPER,0x139544
ISMACS,IS.MACS.SDATE,0x138f0c
ISMACS,IS.MACS.STIME,0x138e74
ISMACS,IS.MACS.WC,0x139414
ISMACS,IS.MACS.WOPRE,0x139674
ISMACS,IS.MACS.WOSUF,0x1395dc
ISMCF,ISIS.MCF.AMTAPDE,0x1398ac
ISMCF,ISIS.MCF.AMTAR h,0x13b4ac
ISMCF,ISIS.MCF.AMTBNKX,0x13b5dc
ISMCF,ISIS.MCF.AMTFE p,0x13b414
ISMCF,ISIS.MCF.BASE,0x13be74
ISMCF,ISIS.MCF.CODE,0x13bf0c
ISMCF,ISIS.MCF.DESC  y,0x13b274
ISMCF,ISIS.MCF.GLAADX,0x13a274
ISMCF,ISIS.MCF.GLAAPD7,0x1399dc
ISMCF,ISIS.MCF.GLAARXJ,0x13b70c
ISMCF,ISIS.MCF.GLABK,0x13bddc
ISMCF,ISIS.MCF.GLABKX.,0x13b9dc
ISMCF,ISIS.MCF.GLABS,0x13bcac
ISMCF,ISIS.MCF.GLACS,0x13a144
ISMCF,ISIS.MCF.GLAIS,0x13bb0c
ISMCF,ISIS.MCF.GLAPDXM,0x139814
ISMCF,ISIS.MCF.GLDADX,0x13a1dc
ISMCF,ISIS.MCF.GLDAPDA,0x139944
ISMCF,ISIS.MCF.GLDAPXF,0x13b814
ISMCF,ISIS.MCF.GLDARXT,0x13b674
ISMCF,ISIS.MCF.GLDBK,0x13bd44
ISMCF,ISIS.MCF.GLDBKX8,0x13b944
ISMCF,ISIS.MCF.GLDBS,0x13bc14
ISMCF,ISIS.MCF.GLDCS,0x13a0ac
ISMCF,ISIS.MCF.GLDCSX3,0x139a74
ISMCF,ISIS.MCF.GLDPDXW,0x13970c
ISMCF,ISIS.MCF.SYMBOLx,0x13b30c
ISMCR,ISIS.MCR.BASE,0x13c814
ISMCR,ISIS.MCR.DATE,0x13c8ac
ISMCR,ISIS.MCR.SOURCE,0x13c944
ISNCR,IS.NCR.CDATE   N,0x13f8ac
ISNCR,IS.NCR.CDRAW   o,0x13da74
ISNCR,IS.NCR.COMP,0x13fa74
ISNCR,IS.NCR.DCODE   i,0x13f274
ISNCR,IS.NCR.DDATE,0x13e0ac
ISNCR,IS.NCR.DESC    s,0x13f1dc
ISNCR,IS.NCR.FLAG,0x13cb0c
ISNCR,IS.NCR.LOC,0x13dd44
ISNCR,IS.NCR.NL,0x13cc14
ISNCR,IS.NCR.NUM,0x140414
ISNCR,IS.NCR.PART,0x13fb0c
ISNCR,IS.NCR.PREV    j,0x13db0c
ISNCR,IS.NCR.QC,0x13de74
ISNCR,IS.NCR.QTY     a,0x13f30c
ISNCR,IS.NCR.RMALN,0x13ca74
ISNCR,IS.NCR.SCRAP,0x13df0c
ISNCR,IS.NCR.SERIAL  5,0x13f944
ISNCR,IS.NCR.STATUS,0x13e014
ISNCR,IS.NCR.UQTY,0x13ccac
ISNCR,IS.NCR.VEND,0x13dddc
ISNCR,IS.NCR.WHO     R,0x13f814
ISNCRLNS,IS.NCRLN.BIN   Z,0x140a74
ISNCRLNS,IS.NCRLN.CNTR,0x1411dc
ISNCRLNS,IS.NCRLN.LOC   P,0x140b0c
ISNCRLNS,IS.NCRLN.NCR,0x141274
ISNCRLNS,IS.NCRLN.PART,0x141144
ISNCRLNS,IS.NCRLN.QTY,0x1410ac
ISNCRLNS,IS.NCRLN.RMALN H,0x140c14
ISNCRLNS,IS.NCRLN.SER   i,0x1409dc
ISNOTES,IS.NOTE.ALPHA,0x14130c
ISNOTES,IS.NOTE.CTIME  C,0x142544
ISNOTES,IS.NOTE.CWHO   M,0x1424ac
ISNOTES,IS.NOTE.EWHO   j,0x142274
ISNOTES,IS.NOTE.EXTRA  y,0x1421dc
ISNOTES,IS.NOTE.ID,0x142814
ISNOTES,IS.NOTE.NOTE   3,0x142674
ISNOTES,IS.NOTE.TYPE   0,0x14270c
ISNOTESC,IS.NOTEC.CTIME C,0x1431dc
ISNOTESC,IS.NOTEC.CWHO  M,0x143144
ISNOTESC,IS.NOTEC.EWHO  j,0x142b0c
ISNOTESC,IS.NOTEC.EXTRA y,0x142a74
ISNOTESC,IS.NOTEC.ID,0x143cac
ISNOTESC,IS.NOTEC.NOTE  3,0x14330c
ISNOTESC,IS.NOTEC.TYPE  0,0x143c14
ISNTYPE,IS.NT.DESC,0x143e74
ISNTYPE,IS.NT.TYPE,0x143f0c
ISNUMBER,IS.NUM.CODE,0x144544
ISNUMBER,IS.NUM.NEXT,0x1444ac
ISORDDSC,IORD.DESC.CODE,0x1445dc
ISORDECO,IS.OECO.ENTDATET,0x144814
ISORDECO,IS.OECO.EXTRA  X,0x14470c
ISORDECO,IS.OECO.PART,0x144c14
ISORDECO,IS.OECO.PONUM,0x144d44
ISORDECO,IS.OECO.REVLVL 6,0x144a74
ISORDECO,IS.OECO.SONUM,0x144ddc
ISORDECO,IS.OECO.UNUM,0x144cac
ISORDECO,IS.OECO.WOPRE  J,0x144944
ISORDECO,IS.OECO.WOSUF  R,0x1448ac
ISPOLOG,ISPO.LOG.DATE,0x145b0c
ISPOLOG,ISPO.LOG.EMP,0x145c14
ISPOLOG,ISPO.LOG.PRGM,0x145944
ISPOLOG,ISPO.LOG.TIME,0x145a74
ISPOLOG,ISPO.LOG.WHO,0x1459dc
ISPOTRK,IS.TRK.EXTRA   e,0x1460ac
ISPOTRK,IS.TRK.NUM,0x145d44
ISPOTRK,IS.TRK.ORD,0x145cac
ISPOTRK,IS.TRK.STATUS  3,0x146014
ISPRCONS,ISPR.CNS.ADD   f,0x14630c
ISPRCONS,ISPR.CNS.EMP,0x146144
ISPRCONS,ISPR.CNS.EXTRA W,0x147674
ISPRCONS,ISPR.CNS.MSCLBL,0x1471dc
ISPRCONS,ISPR.CNS.NAME  4,0x146274
ISPRCONS,ISPR.CNS.TITLE,0x1461dc
ISPREQ,IS.PREQ.CTIME  c,0x147b0c
ISPREQ,IS.PREQ.EMP,0x1494ac
ISPREQ,IS.PREQ.OPER,0x1495dc
ISPREQ,IS.PREQ.PART,0x14930c
ISPREQ,IS.PREQ.QTY    -,0x149274
ISPREQ,IS.PREQ.RDATE,0x149414
ISPREQ,IS.PREQ.REASON 7,0x149144
ISPREQ,IS.PREQ.RTIME  _,0x148014
ISPREQ,IS.PREQ.SCRAP  5,0x1491dc
ISPREQ,IS.PREQ.WC,0x149544
ISPREQ,IS.PREQ.WOPRE,0x14970c
ISPREQ,IS.PREQ.WOSUF,0x149674
ISPRESN,IS.PRESN.REASON,0x14a414
ISPRINFO,ISPR.INFO.DESC,0x14a5dc
ISPRINFO,ISPR.INFO.MISC n,0x14a544
ISPRINFO,ISPR.INFO.PROG,0x14a674
ISPRTEMP,ISPR.TRN.BATCH r,0x14a70c
ISPRTEMP,ISPR.TRN.CODE,0x14b674
ISPRTEMP,ISPR.TRN.DATE,0x14b70c
ISPRTEMP,ISPR.TRN.ENTDTEJ,0x14ae74
ISPRTEMP,ISPR.TRN.EXTRA N,0x14addc
ISPRTEMP,ISPR.TRN.GLACCT,0x14bcac
ISPRTEMP,ISPR.TRN.GLDPT,0x14bc14
ISPRTEMP,ISPR.TRN.INVC,0x14b5dc
ISPRTEMP,ISPR.TRN.PERIODp,0x14ac14
ISPRTEMP,ISPR.TRN.POST  o,0x14acac
ISPRTEMP,ISPR.TRN.TRXN  g,0x14ad44
ISPRTEMP,ISPR.TRN.TYPE  H,0x14af0c
ISPRUDD,ISPR.UDD.EMP,0x14bd44
ISPRUDD,ISPR.UDD.MISC  r,0x14c9dc
ISPRUDD,ISPR.UDD.NUM,0x14bddc
ISPRUDD,ISPR.UDD.UDEAMTJ,0x14c274
ISPRUDD,ISPR.UDD.UDELMTZ,0x14c814
ISPRUDD,ISPR.UDD.UDEQTDb,0x14c8ac
ISPRUDD,ISPR.UDD.UDEYLMR,0x14c30c
ISPRUDD,ISPR.UDD.UDEYTDj,0x14c944
ISPRUDD,ISPR.UDD.UDNAM,0x14be74
ISPRUDD,ISPR.UDD.UODAMT2,0x14c0ac
ISPRUDD,ISPR.UDD.UODLMTB,0x14c1dc
ISPRUDF,ISPR.UDF.CALCEE6,0x14d944
ISPRUDF,ISPR.UDF.CALCREH,0x14d814
ISPRUDF,ISPR.UDF.DESC,0x14e8ac
ISPRUDF,ISPR.UDF.DIV,0x14ea74
ISPRUDF,ISPR.UDF.DIVNAM,0x14e9dc
ISPRUDF,ISPR.UDF.EEAMT Z,0x14d274
ISPRUDF,ISPR.UDF.EETYPE7,0x14d8ac
ISPRUDF,ISPR.UDF.ERAMT b,0x14d1dc
ISPRUDF,ISPR.UDF.ERTYPEI,0x14d30c
ISPRUDF,ISPR.UDF.FUTA  -,0x14df0c
ISPRUDF,ISPR.UDF.LOCAL 5,0x14d9dc
ISPRUDF,ISPR.UDF.MED   1,0x14dcac
ISPRUDF,ISPR.UDF.NUM,0x14e944
ISPRUDF,ISPR.UDF.SDI   .,0x14de74
ISPRUDF,ISPR.UDF.SIT   2,0x14dc14
ISPRUDF,ISPR.UDF.SS    0,0x14dd44
ISPRUDF,ISPR.UDF.SUTA  4,0x14da74
ISPRUDF,ISPR.UDF.UDELMTr,0x14d0ac
ISPRUDF,ISPR.UDF.UODLMTj,0x14d144
ISPRUDF,ISPR.UDF.UODYLMz,0x14d014
ISPRUDF,ISPR.UDF.WC    3,0x14db0c
ISPRUDIV,ISPR.UD.DIV,0x14eb0c
ISPRUDIV,ISPR.UD.NAME,0x14ecac
ISPRUDIV,ISPR.UD.NUM,0x14ec14
ISPRUDIV,ISPR.UD.UODACT D,0x14f5dc
ISPRUDIV,ISPR.UD.UODCALCR,0x14f70c
ISPRUDIV,ISPR.UD.UODDPT N,0x14f674
ISPRUDIV,ISPR.UD.UODEACTd,0x1505dc
ISPRUDIV,ISPR.UD.UODEAMTr,0x15070c
ISPRUDIV,ISPR.UD.UODECLCc,0x150544
ISPRUDIV,ISPR.UD.UODEDPTn,0x150674
ISPRUDIV,ISPR.UD.UODELMTz,0x150c14
ISPRUDIV,ISPR.UD.UODFICA6,0x14f144
ISPRUDIV,ISPR.UD.UODFIT 3,0x14ef0c
ISPRUDIV,ISPR.UD.UODFUTA4,0x14f014
ISPRUDIV,ISPR.UD.UODLMT S,0x150414
ISPRUDIV,ISPR.UD.UODMED 9,0x14f30c
ISPRUDIV,ISPR.UD.UODPTX 2,0x14ee74
ISPRUDIV,ISPR.UD.UODSDI 5,0x14f0ac
ISPRUDIV,ISPR.UD.UODSIT 7,0x14f1dc
ISPRUDIV,ISPR.UD.UODWC  8,0x14f274
ISQCMTHD,ISQC.MTD.DESC,0x1514ac
ISQCMTHD,ISQC.MTD.DESC2 Z,0x151414
ISQCMTHD,ISQC.MTD.NOTES Z,0x151274
ISQCMTHD,ISQC.MTD.TSTCOD,0x151544
ISQCSPEC,ISQC.SPC.ACCEPT,0x152674
ISQCSPEC,ISQC.SPC.ADATE,0x152814
ISQCSPEC,ISQC.SPC.ANOTES,0x1525dc
ISQCSPEC,ISQC.SPC.APPBY,0x15270c
ISQCSPEC,ISQC.SPC.BATCH A,0x153544
ISQCSPEC,ISQC.SPC.CNTR  d,0x15330c
ISQCSPEC,ISQC.SPC.CODE,0x154014
ISQCSPEC,ISQC.SPC.DATE,0x15170c
ISQCSPEC,ISQC.SPC.INVNUM_,0x151e74
ISQCSPEC,ISQC.SPC.ITMNO V,0x151f0c
ISQCSPEC,ISQC.SPC.LOT,0x153674
ISQCSPEC,ISQC.SPC.LOTQTYf,0x153274
ISQCSPEC,ISQC.SPC.LRNUM,0x1540ac
ISQCSPEC,ISQC.SPC.OPER,0x15370c
ISQCSPEC,ISQC.SPC.PONUM N,0x152414
ISQCSPEC,ISQC.SPC.RCVNUMg,0x151ddc
ISQCSPEC,ISQC.SPC.SAMPLEw,0x151cac
ISQCSPEC,ISQC.SPC.SAMQTYo,0x151d44
ISQCSPEC,ISQC.SPC.SOLINEF,0x1524ac
ISQCSPEC,ISQC.SPC.TCNTR v,0x153144
ISQCSPEC,ISQC.SPC.TSTCODy,0x153014
ISQCSPEC,ISQC.SPC.TSTLOTx,0x1530ac
ISQCSPEC,ISQC.SPC.TSTQTYn,0x1531dc
ISQCSPEC,ISQC.SPC.WOPRE Z,0x1534ac
ISQCSPEC,ISQC.SPC.WOSUF b,0x153414
ISQRYSQL,IS.QRY.NAME,0x1541dc
ISQSOA,IS.QSOA.DESC   O,0x154a74
ISQSOA,IS.QSOA.PRICE  u,0x154944
ISQSOA,IS.QSOA.QTY    m,0x1549dc
ISQSOA,IS.QSOA.SHPTO  2,0x154cac
ISQSOA,IS.QSOA.UID,0x154ddc
ISREMIND,IS.REM.COUNTER,0x155144
ISREMIND,IS.REM.DATE,0x156ddc
ISREMIND,IS.REM.NOTE,0x155014
ISREMIND,IS.REM.SENT,0x154e74
ISREMIND,IS.REM.SUBJECT,0x156c14
ISREMIND,IS.REM.TIME,0x156d44
ISREMIND,IS.REM.TRANS,0x1550ac
ISREMIND,IS.REM.TYPE,0x1551dc
ISREMIND,IS.REM.WHO,0x156cac
ISREPDEF,ISREP.DEF.LABEL,0x157014
ISREPDEF,ISREP.DEF.TITLE,0x156f0c
ISREPLNK,ISREP.LNK.CLASS,0x1579dc
ISREPLNK,ISREP.LNK.CUST,0x157b0c
ISREPLNK,ISREP.LNK.ITEM,0x157a74
ISREPLNK,ISREP.LNK.REPNM,0x157c14
ISREPORD,ISREP.ORD.AMTRM7,0x158544
ISREPORD,ISREP.ORD.COMPR,0x15870c
ISREPORD,ISREP.ORD.CUST O,0x157f0c
ISREPORD,ISREP.ORD.INVDT,0x1588ac
ISREPORD,ISREP.ORD.INVNM,0x158944
ISREPORD,ISREP.ORD.PAYDTY,0x157e74
ISREPORD,ISREP.ORD.REPNM,0x158b0c
ISREPORD,ISREP.ORD.REPWH,0x158a74
ISREPORD,ISREP.ORD.SONUM,0x1589dc
ISREPORD,ISREP.ORD.ULID,0x158814
ISRMAC,IS.RMA.CODE,0x159544
ISRMAC,IS.RMA.DESC,0x1594ac
ISRMAC,IS.RMA.EXTRA   Z,0x159414
ISRMAI,IS.RMA.DATE,0x15b674
ISRMAI,IS.RMA.DISP    g,0x15b30c
ISRMAI,IS.RMA.LINEID,0x15b70c
ISRMAI,IS.RMA.NUM,0x15c0ac
ISRMAI,IS.RMA.OQTY,0x15970c
ISRMAI,IS.RMA.PART,0x15c014
ISRMAI,IS.RMA.REASON  I,0x15b414
ISRMAI,IS.RMA.RQTY,0x159674
ISRMAI,IS.RMA.STOCK,0x15a0ac
ISROUTEX,IS.ROUT.ALPHA  i,0x15c414
ISROUTEX,IS.ROUT.CODE,0x15cddc
ISROUTEX,IS.ROUT.CYCDATE2,0x15c5dc
ISROUTEX,IS.ROUT.CYCEMP f,0x15c8ac
ISROUTEX,IS.ROUT.CYCMACHF,0x15c544
ISROUTEX,IS.ROUT.CYCPARTC,0x15c9dc
ISROUTEX,IS.ROUT.CYCSEC 9,0x15ca74
ISROUTEX,IS.ROUT.CYCTIME,0x15ccac
ISROUTEX,IS.ROUT.EMPNAMEp,0x15c814
ISROUTEX,IS.ROUT.FLAGS  Z,0x15c4ac
ISROUTEX,IS.ROUT.OPER,0x15cd44
ISROUTEX,IS.ROUT.WOPRE,0x15c70c
ISRTLOAD,IS.LOAD.BALQTY H,0x15e414
ISRTLOAD,IS.LOAD.DESC,0x15e674
ISRTLOAD,IS.LOAD.ITEM,0x15e70c
ISRTLOAD,IS.LOAD.LOADQTYP,0x15e30c
ISRTLOAD,IS.LOAD.LOC    w,0x15e0ac
ISRTLOAD,IS.LOAD.SCANQTYX,0x15e274
ISRTLOAD,IS.LOAD.SCCOGS 8,0x15e544
ISRTLOAD,IS.LOAD.SOLINE 5,0x15e5dc
ISRTLOAD,IS.LOAD.SONUM,0x15f014
ISRTLOAD,IS.LOAD.TRUCK  h,0x15e144
ISRTMS,IS.RTM.CONTLBL z,0x160944
ISRTMS,IS.RTM.CUST,0x1618ac
ISRTMS,IS.RTM.DOCKCD  4,0x15f8ac
ISRTMS,IS.RTM.FLAG    a,0x160b0c
ISRTMS,IS.RTM.ITEM,0x160f0c
ISRTMS,IS.RTM.MATCD   R,0x15f814
ISRTMS,IS.RTM.PACKCD  p,0x15f30c
ISRTMS,IS.RTM.PARTLBL b,0x160a74
ISRTMS,IS.RTM.PLANTCD,0x15f944
ISRTMS,IS.RTM.SHIPLBL n,0x1609dc
ISRTMS,IS.RTM.VEND,0x161814
ISSCHED,IS.SCHED.CO    2,0x161b0c
ISSCHED,IS.SCHED.DATE  6,0x161cac
ISSCHED,IS.SCHED.DESC  2,0x1619dc
ISSCHED,IS.SCHED.EXTRA F,0x161f0c
ISSCHED,IS.SCHED.LOG   F,0x161e74
ISSCHED,IS.SCHED.NAME,0x161944
ISSCHED,IS.SCHED.PARAM0A,0x1634ac
ISSCHED,IS.SCHED.PARAM1A,0x162274
ISSCHED,IS.SCHED.PARAM2A,0x16230c
ISSCHED,IS.SCHED.PARAM3A,0x162c14
ISSCHED,IS.SCHED.PARAM4A,0x162cac
ISSCHED,IS.SCHED.PARAM5A,0x162d44
ISSCHED,IS.SCHED.PARAM6A,0x162ddc
ISSCHED,IS.SCHED.PARAM7A,0x162e74
ISSCHED,IS.SCHED.PARAM8A,0x162f0c
ISSCHED,IS.SCHED.PARAM9A,0x163414
ISSCHED,IS.SCHED.PROG  2,0x161a74
ISSCHED,IS.SCHED.TYPE  5,0x161c14
ISSCOMP,IS.SCOMP.COMPND,0x16370c
ISSCOMP,IS.SCOMP.DETAIL,0x163814
ISSCOMP,IS.SCOMP.VIS   2,0x163674
ISSCOMP,IS.SCOMP.WHO   3,0x1635dc
ISSDET,IS.SDET.DETAIL,0x1639dc
ISSDET,IS.SDET.SUB    P,0x1638ac
ISSDET,IS.SDET.TYPE,0x163a74
ISSEPROC,IS.SEPROC.PROC,0x164014
ISSEPROC,IS.SEPROC.WHO,0x163b0c
ISSEQUIP,IS.SEQUIP.DESC,0x1640ac
ISSEQUIP,IS.SEQUIP.NAME,0x164144
ISSERCNT,IS.SERC.CLASS,0x164674
ISSERCNT,IS.SERC.ITEM,0x16470c
ISSERCNT,IS.SERC.LENG,0x164544
ISSERCNT,IS.SERC.NUMBER,0x164414
ISSERCNT,IS.SERC.SPOS,0x1645dc
ISSERCNT,IS.SERC.TOTAL,0x1644ac
ISSERIAL,IS.SER.ADATE   P,0x16530c
ISSERIAL,IS.SER.CDESC   c,0x1651dc
ISSERIAL,IS.SER.COMP    T,0x165274
ISSERIAL,IS.SER.PARENT,0x165544
ISSERIAL,IS.SER.PDESC,0x1654ac
ISSERIAL,IS.SER.PSERIAL 7,0x165414
ISSERIAL,IS.SER.WOPRE,0x165674
ISSERIAL,IS.SER.WOSUF,0x1655dc
ISSERR,IS.SERR.COUNT  F,0x166144
ISSERR,IS.SERR.DATE,0x16630c
ISSERR,IS.SERR.ERROR,0x166274
ISSERR,IS.SERR.EXTRA  z,0x166014
ISSERR,IS.SERR.OPER,0x1668ac
ISSERR,IS.SERR.PROCESS-,0x1661dc
ISSERR,IS.SERR.REF    H,0x1660ac
ISSERR,IS.SERR.TIME,0x166814
ISSERR,IS.SERR.WOPRE,0x1669dc
ISSERR,IS.SERR.WOSUF,0x166944
ISSETYPE,IS.SETYPE.ERR,0x166b0c
ISSETYPE,IS.SETYPE.WHO,0x166a74
ISSHIPA,IS.SHPA.CODE,0x167674
ISSHIPA,IS.SHPA.EXTRA  d,0x167014
ISSHIPA,IS.SHPA.TOKEN  F,0x1670ac
ISSHIPA,IS.SHPA.USER,0x1675dc
ISSHIPCO,IS.SHIP.NOTES  n,0x1681dc
ISSHIPCO,IS.SHIP.SHPCOD,0x16770c
ISSHIPCO,IS.SHIP.SHPNME,0x168014
ISSHIPCO,IS.SHIP.VNDCOD d,0x168144
ISSHPVIA,IS.SHPVIA.ACCT,0x168e74
ISSHPVIA,IS.SHPVIA.CODE,0x1690ac
ISSHPVIA,IS.SHPVIA.CUST,0x169144
ISSHPVIA,IS.SHPVIA.NOTESN,0x168d44
ISSHPVIA,IS.SHPVIA.OBS,0x168f0c
ISSHPVIA,IS.SHPVIA.PHONE5,0x168ddc
ISSHPVIA,IS.SHPVIA.PRTY,0x169014
ISSIGN,IS.SIGN.EDATE  g,0x16a144
ISSIGN,IS.SIGN.ETIME  k,0x16a0ac
ISSIGN,IS.SIGN.EWHO   X,0x16a1dc
ISSIGN,IS.SIGN.NAME   o,0x16a014
ISSIGN,IS.SIGN.NUM,0x16a814
ISSIGN,IS.SIGN.POS    0,0x16a274
ISSIGN,IS.SIGN.WHO,0x16a30c
ISSMTCFG,IS.SMT.CAP     r,0x16b544
ISSMTCFG,IS.SMT.CNTR    p,0x16b4ac
ISSMTCFG,IS.SMT.COMP,0x16ad44
ISSMTCFG,IS.SMT.DATE,0x16ab0c
ISSMTCFG,IS.SMT.EMP,0x16acac
ISSMTCFG,IS.SMT.MACHINE,0x16aa74
ISSMTCFG,IS.SMT.OPER,0x16a9dc
ISSMTCFG,IS.SMT.RQTY    t,0x16b5dc
ISSMTCFG,IS.SMT.TIME,0x16ac14
ISSMTCFG,IS.SMT.WOPRE,0x16a8ac
ISSMTCFG,IS.SMT.WOSUF,0x16a944
ISSOBOX,ISSO.BOX.BOX,0x45f0c
ISSOBOX,ISSO.BOX.CODE,0x45e74
ISSOBOX,ISSO.BOX.DATE,0x16bf0c
ISSOBOX,ISSO.BOX.HT    8,0x16bcac
ISSOBOX,ISSO.BOX.LINE,0x46414
ISSOBOX,ISSO.BOX.NUM   x,0x16b9dc
ISSOBOX,ISSO.BOX.SERIAL8,0x45cac
ISSOBOX,ISSO.BOX.SKID,0x45414
ISSOBOX,ISSO.BOX.SONUM,0x464ac
ISSOBOX,ISSO.BOX.TEMP  Q,0x45c14
ISSOBOX,ISSO.BOX.TRACK P,0x16ba74
ISSOBOX,ISSO.BOX.UCC,0x16bd44
ISSOBOX,ISSO.BOX.UCCSKD3,0x16b674
ISSOBOX,ISSO.BOX.WD    H,0x16bb0c
ISSOBOX,ISSO.BOX.WEIGHT,0x454ac
ISSOBOX,ISSO.BOX.WOPRE,0x16be74
ISSOBOX,ISSO.BOX.WOSUF,0x16bddc
ISSOREVU,IS.SOVU.ADATE  F,0x46944
ISSOREVU,IS.SOVU.APPROVEN,0x46814
ISSOREVU,IS.SOVU.DEPT,0x46c14
ISSOREVU,IS.SOVU.EDATE  J,0x468ac
ISSOREVU,IS.SOVU.ENTBY  P,0x46674
ISSOREVU,IS.SOVU.ENTMOT i,0x465dc
ISSOREVU,IS.SOVU.EXTRA  s,0x46544
ISSOREVU,IS.SOVU.REQUIREO,0x4670c
ISSOREVU,IS.SOVU.SONUM,0x46cac
ISSPC,IS.SPC.CUST    n,0x46ddc
ISSPC,IS.SPC.DATE,0x47e74
ISSPC,IS.SPC.EMPNUM,0x47f0c
ISSPC,IS.SPC.EXTRA   O,0x47944
ISSPC,IS.SPC.GOOD,0x47d44
ISSPC,IS.SPC.NOTES   C,0x479dc
ISSPC,IS.SPC.OPER,0x48814
ISSPC,IS.SPC.PART    x,0x46d44
ISSPC,IS.SPC.REWORK,0x47cac
ISSPC,IS.SPC.SIDE,0x47c14
ISSPC,IS.SPC.TIME,0x47ddc
ISSPC,IS.SPC.TYPE,0x47b0c
ISSPC,IS.SPC.WOPRE,0x48944
ISSPC,IS.SPC.WOSUF,0x488ac
ISSRINFO,ISSR.INFO.AL16,0x48cac
ISSRINFO,ISSR.INFO.AL18 H,0x48b0c
ISSRINFO,ISSR.INFO.AL19 a,0x48a74
ISSRINFO,ISSR.INFO.AL20 z,0x489dc
ISSRINFO,ISSR.INFO.AL5,0x49814
ISSRINFO,ISSR.INFO.AL6,0x4930c
ISSRINFO,ISSR.INFO.AL7  5,0x49274
ISSRINFO,ISSR.INFO.AL8  N,0x491dc
ISSRINFO,ISSR.INFO.AL9  g,0x49144
ISSRINFO,ISSR.INFO.ALPHA3,0x4a70c
ISSRINFO,ISSR.INFO.CODE,0x4acac
ISSRINFO,ISSR.INFO.DATE,0x4ac14
ISSRINFO,ISSR.INFO.SRNUM,0x4addc
ISSRINFO,ISSR.INFO.UID,0x4ad44
ISSRMMS,ISSR.MMS.INVNUM,0x4b8ac
ISSRMMS,ISSR.MMS.LINEID,0x4b944
ISSRMMS,ISSR.MMS.PART,0x4b674
ISSRMMS,ISSR.MMS.SRVNUM,0x4b9dc
ISSRMMS,ISSR.MMS.WOPRE,0x4b814
ISSRMMS,ISSR.MMS.WOSUF,0x4b70c
ISSTRACK,IS.STRACK.CLOT,0x4ca74
ISSTRACK,IS.STRACK.COMP A,0x4bf0c
ISSTRACK,IS.STRACK.CSER P,0x4c814
ISSTRACK,IS.STRACK.DATE,0x4bd44
ISSTRACK,IS.STRACK.EXTRAL,0x4c944
ISSTRACK,IS.STRACK.OPER,0x4bc14
ISSTRACK,IS.STRACK.PROC,0x4bddc
ISSTRACK,IS.STRACK.PSER -,0x4be74
ISSTRACK,IS.STRACK.TIME,0x4bcac
ISSTRACK,IS.STRACK.WOPRE,0x4ba74
ISSTRACK,IS.STRACK.WOSUF,0x4bb0c
ISSTYPE,IS.STYPE.ASSET d,0x4cb0c
ISSTYPE,IS.STYPE.TYPE,0x4ccac
ISTAXFIL,ISIS.TXF.CODE,0x4e1dc
ISTAXFIL,ISIS.TXF.DESC,0x4e144
ISTAXFIL,ISIS.TXF.GLAPO A,0x4d70c
ISTAXFIL,ISIS.TXF.GLDPO K,0x4d674
ISTAXFIL,ISIS.TXF.GLDSO,0x4d144
ISTAXFIL,ISIS.TXF.IDNUM 2,0x4e014
ISTAXFIL,ISIS.TXF.ISCUR,0x4ce74
ISTAXFIL,ISIS.TXF.POLRNGO,0x4d5dc
ISTAXFIL,ISIS.TXF.PTICD,0x4cf0c
ISTAXFIL,ISIS.TXF.SOHRNGo,0x4d30c
ISTAXFIL,ISIS.TXF.TAXIN,0x4d0ac
ISTAXFIL,ISIS.TXF.TICD,0x4d014
ISTAXGRP,ISIS.TXG.CODE,0x4e30c
ISTAXGRP,ISIS.TXG.DESC  w,0x4e5dc
ISTAXGRP,ISIS.TXG.FREIGTv,0x4e544
ISTAXGRP,ISIS.TXG.FRGT  H,0x4f414
ISTAXGRP,ISIS.TXG.IDC   I,0x4e70c
ISTAXGRP,ISIS.TXG.NAME,0x4e274
ISTAXGRP,ISIS.TXG.PID   m,0x4e4ac
ISTAXGRP,ISIS.TXG.TAXBLE,0x4ed44
ISTAXGRP,ISIS.TXG.TAXON d,0x4e414
ISTAXGRP,ISIS.TXG.TOFPERQ,0x4f4ac
ISTAXGRP,ISIS.TXG.TOTPER,0x4ecac
ISTERMS,IS.TERMS.AMT   H,0x5070c
ISTERMS,IS.TERMS.ARAP  W,0x4f70c
ISTERMS,IS.TERMS.CC    X,0x4f674
ISTERMS,IS.TERMS.COD   V,0x50414
ISTERMS,IS.TERMS.DAY   Q,0x505dc
ISTERMS,IS.TERMS.DESC,0x50814
ISTERMS,IS.TERMS.EOM   S,0x50544
ISTERMS,IS.TERMS.MAX   T,0x504ac
ISTERMS,IS.TERMS.NAME,0x508ac
ISTERMS,IS.TERMS.NUM,0x50944
ISTERMS,IS.TERMS.SRT   Y,0x4f5dc
ISTERMS,IS.TERMS.TYP   P,0x50674
ISTOOLOG,ISTOOL.COST    c,0x51414
ISTOOLOG,ISTOOL.DATE,0x515dc
ISTOOLOG,ISTOOL.ESTHRS  j,0x50c14
ISTOOLOG,ISTOOL.EXTRA   r,0x50b0c
ISTOOLOG,ISTOOL.FLAG    g,0x50cac
ISTOOLOG,ISTOOL.NOTES   k,0x50f0c
ISTOOLOG,ISTOOL.OPER,0x5170c
ISTOOLOG,ISTOOL.TOOL,0x51674
ISTOOLOG,ISTOOL.WOPRE,0x520ac
ISTOOLOG,ISTOOL.WORKDESC,0x51544
ISTOOLOG,ISTOOL.WOSUF,0x52014
ISTRIGRS,IS.TRIG.CODE,0x535dc
ISTRIGRS,IS.TRIG.CONTACT,0x534ac
ISTRIGRS,IS.TRIG.EXTRA  6,0x52ddc
ISTRIGRS,IS.TRIG.LDATE  .,0x52f0c
ISTRIGRS,IS.TRIG.LTIME  2,0x52e74
ISTRIGRS,IS.TRIG.NOTE   z,0x52414
ISTRIGRS,IS.TRIG.ONCE   -,0x53414
ISTRIGRS,IS.TRIG.TRIGR,0x53544
ISUDFINV,IS.UDF.EXTRA   C,0x53674
ISUDFINV,IS.UDF.FIELD,0x53e74
ISUDFINV,IS.UDF.NAME,0x53f0c
ISUDFINV,IS.UDF.SCRSIZE A,0x5370c
ISUDMSTR,IS.UDM.CODE,0x54144
ISUDMSTR,IS.UDM.DESC,0x540ac
ISUDMSTR,IS.UDM.EXTRA   U,0x54014
ISUSAGE,ISTS.USE.ALPHA,0x544ac
ISUSAGE,ISTS.USE.AMTY1,0x55414
ISUSAGE,ISTS.USE.AMTY5 X,0x54a74
ISUSAGE,ISTS.USE.CODE,0x5570c
ISUSAGE,ISTS.USE.FLAGS,0x54544
ISUSAGE,ISTS.USE.LSTCALt,0x5430c
ISUSAGE,ISTS.USE.NUM   L,0x54414
ISUSAGE,ISTS.USE.QTY,0x555dc
ISUSAGE,ISTS.USE.QTYY3 P,0x54ddc
ISUSAGE,ISTS.USE.QTYY4,0x54cac
ISUSAGE,ISTS.USE.TYPE,0x55674
ISVAR,IS.VAR.ADD1,0x56a74
ISVAR,IS.VAR.CITY    Z,0x56944
ISVAR,IS.VAR.COMPANY,0x56b0c
ISVAR,IS.VAR.CONTACT x,0x5630c
ISVAR,IS.VAR.LOGO,0x56c14
ISVAR,IS.VAR.STATE   n,0x568ac
ISVAR,IS.VAR.WEBSUP  X,0x560ac
ISVAR,IS.VAR.ZIP     p,0x56814
ISVARSQL,IS.VAR.QNAME,0x56e74
ISVARSQL,IS.VAR.TYPE,0x56ddc
ISVARSQL,IS.VAR.VNAME,0x56d44
ISVNDADT,IS.VND.APPROVE F,0x57814
ISVNDADT,IS.VND.CHGDESC s,0x57414
ISVNDADT,IS.VND.DATE    G,0x5770c
ISVNDADT,IS.VND.NMAXAMT k,0x574ac
ISVNDADT,IS.VND.OMAXAMT c,0x57544
ISVNDADT,IS.VND.ONAME,0x57944
ISVNDADT,IS.VND.TIME    K,0x57674
ISVNDADT,IS.VND.VEND,0x579dc
ISVNDADT,IS.VND.WHO     O,0x575dc
ISWOCLOG,IS.WOLOG.CUSNMEm,0x58a74
ISWOCLOG,IS.WOLOG.CUST  c,0x58b0c
ISWOCLOG,IS.WOLOG.EXTRA W,0x57a74
ISWOCLOG,IS.WOLOG.FLAG,0x58544
ISWOCLOG,IS.WOLOG.NUM   7,0x58414
ISWOCLOG,IS.WOLOG.NUM2  G,0x57b0c
ISWOCLOG,IS.WOLOG.OPDESC,0x58ddc
ISWOCLOG,IS.WOLOG.OPER,0x58e74
ISWOCLOG,IS.WOLOG.WC    9,0x58cac
ISWOCLOG,IS.WOLOG.WCDESCE,0x58c14
ISWOCLOG,IS.WOLOG.WOPRE,0x59414
ISWOCLOG,IS.WOLOG.WOSUF,0x58f0c
ISWOEX,IS.WOEX.DESC2,0x5a014
ISWOEX,IS.WOEX.DESC3  K,0x599dc
ISWOEX,IS.WOEX.DESC4  i,0x59944
ISWOEX,IS.WOEX.EXTRA,0x5b1dc
ISWOEX,IS.WOEX.ITP,0x5bc14
ISWOEX,IS.WOEX.ITPP,0x5b30c
ISWOEX,IS.WOEX.NUM2   7,0x59b0c
ISWOEX,IS.WOEX.RF,0x5b274
ISWOEX,IS.WOEX.WOPRE,0x5bd44
ISWOEX,IS.WOEX.WOSUF,0x5bcac
ISWOPRIO,IS.WOPRIO.DESC,0x5bf0c
ISWOPRIO,IS.WOPRIO.EXTRA,0x5be74
ISWOPRIO,IS.WOPRIO.PRIO,0x5c414
ISWOQUE,IS.WOQUE.BDATE,0x5cc14
ISWOQUE,IS.WOQUE.BXTRAV,0x5c70c
ISWOQUE,IS.WOQUE.IDATE,0x5cf0c
ISWOQUE,IS.WOQUE.ILABEL,0x5ce74
ISWOQUE,IS.WOQUE.IQTY,0x5d014
ISWOQUE,IS.WOQUE.MDATE,0x5cd44
ISWOQUE,IS.WOQUE.MLABEL,0x5ccac
ISWOQUE,IS.WOQUE.MQTY,0x5cddc
ISWOQUE,IS.WOQUE.TDATE,0x5c674
ISWOQUE,IS.WOQUE.TRAV,0x5c5dc
ISWOQUE,IS.WOQUE.WOPRE,0x5c4ac
ISWOQUE,IS.WOQUE.WOSUF,0x5c544
ISWOROEX,IS.WROEX.CYCEMP,0x5d1dc
ISWOROEX,IS.WROEX.CYDATE,0x5d30c
ISWOROEX,IS.WROEX.CYMACH,0x5d274
ISWOROEX,IS.WROEX.DATE2 U,0x5e274
ISWOROEX,IS.WROEX.ITP,0x5ef0c
ISWOROEX,IS.WROEX.ITPP,0x5ee74
ISWOROEX,IS.WROEX.OPER,0x5fc14
ISWOROEX,IS.WROEX.WOPRE,0x5fd44
ISWOROEX,IS.WROEX.WOSUF,0x5fcac
ISWOTRAY,IS.TRAY.ALPHA,0x5ff0c
ISWOTRAY,IS.TRAY.CODE   C,0x60544
ISWOTRAY,IS.TRAY.COMQTY Z,0x60414
ISWOTRAY,IS.TRAY.DATE,0x5fe74
ISWOTRAY,IS.TRAY.EXTRA,0x5fddc
ISWOTRAY,IS.TRAY.LOC    s,0x60144
ISWOTRAY,IS.TRAY.NUM,0x614ac
ISWOTRAY,IS.TRAY.QCQTY  k,0x601dc
ISWOTRAY,IS.TRAY.QCREQD j,0x60274
ISWOTRAY,IS.TRAY.SCRPQTYb,0x6030c
ISWOTRAY,IS.TRAY.SQTY   R,0x604ac
ISWOTRAY,IS.TRAY.WOPRE,0x61414
JGPITEMS,JGP.C.OF.ORIGIN8,0x62e74
JGPITEMS,JGP.CERT       V,0x62ddc
JGPITEMS,JGP.IND.CUBE   d,0x61c14
JGPITEMS,JGP.IND.D      T,0x61d44
JGPITEMS,JGP.IND.H      D,0x61e74
JGPITEMS,JGP.IND.UPC    -,0x1a0ddc
JGPITEMS,JGP.IND.W      L,0x61ddc
JGPITEMS,JGP.ISBN       i,0x629dc
JGPITEMS,JGP.ITEM,0x1a0f0c
JGPITEMS,JGP.LITEM,0x1a0e74
JGPITEMS,JGP.LOCATION1  z,0x62944
JGPITEMS,JGP.MC.BARCODE U,0x1a0c14
JGPITEMS,JGP.MC.QTY     y,0x1a01dc
JGPITEMS,JGP.NET.ACOST  o,0x61544
JGPITEMS,JGP.NET.COST   n,0x615dc
JGPITEMS,JGP.PAL.BARCODEc,0x1a030c
JGPITEMS,JGP.PALLET.D,0x63144
JGPITEMS,JGP.PALLET.H,0x63274
JGPITEMS,JGP.PALLET.W,0x631dc
JGPITEMS,JGP.PALLET.WT,0x630ac
JGPITEMS,JGP.PREF.CRIT  l,0x6170c
JGPITEMS,JGP.PRODUCER   m,0x61674
JGPITEMS,JGP.REVDT.BACK e,0x62a74
JGPITEMS,JGP.REVDT.FRONTa,0x62b0c
JGPITEMS,JGP.SP.BARCODE G,0x1a0cac
JGPITEMS,JGP.SP.QTY     q,0x1a0274
JSPCNLCD,JSP.CNLCD.CODE,0x1a1b0c
JSPCNLCD,JSP.CNLCD.DESC,0x1a1a74
JSPCNLCD,JSP.CNLCD.EXTRAA,0x1a1814
JSPCNLCD,JSP.CNLCD.LCODE,0x1a19dc
JSPCNLCD,JSP.CNLCD.WHO  -,0x1a18ac
JSPCNLSO,JSP.CNLSO.CQTY,0x1a2144
JSPCNLSO,JSP.CNLSO.CUST I,0x1a1cac
JSPCNLSO,JSP.CNLSO.EXTRAS,0x1a1c14
JSPCNLSO,JSP.CNLSO.FLAG C,0x1a1e74
JSPCNLSO,JSP.CNLSO.GDATED,0x1a1ddc
JSPCNLSO,JSP.CNLSO.ITEM,0x1a21dc
JSPCNLSO,JSP.CNLSO.SONUM,0x1a230c
JSPCNLSO,JSP.CNLSO.STAT H,0x1a1d44
JSPCNLSO,JSP.CNLSO.UNUM,0x1a2274
LANGDICT,LANG.DICT.ECAPT,0x1a3a74
LANGDICT,LANG.DICT.LANG P,0x1a39dc
LANGDICT,LANG.DICT.LCAPTS,0x1a3944
LOT,MTLOT.CODE,0x1a48ac
LOT,MTLOT.EXPDATE,0x1a470c
LOT,MTLOT.EXTRA    a,0x1a3d44
LOT,MTLOT.KEY,0x1a4944
LOT,MTLOT.LOC      U,0x1a3e74
LOT,MTLOT.LOT,0x1a4814
LOT,MTLOT.NOTES    t,0x1a3f0c
LOT,MTLOT.POCOST   P,0x1a4274
LOT,MTLOT.RECDATE  D,0x1a4414
LOT,MTLOT.RECDOC   2,0x1a4544
LOT,MTLOT.RECQTY   H,0x1a430c
LOT,MTLOT.WO       X,0x1a41dc
LOT,MTLOT.WOCOST   l,0x1a4014
LOT,MTLOT.WOQTY    d,0x1a40ac
LOT,MTLOT.WOSUF    _,0x1a3ddc
MACHINE,TMACH.DATE     2,0x1a5b0c
MACHINE,TMACH.DESC,0x1a5d44
MACHINE,TMACH.INACTDATE-,0x1a4b0c
MACHINE,TMACH.INACTWHO 1,0x1a4a74
MACHINE,TMACH.INACTWHY O,0x1a49dc
MACHINE,TMACH.MACHINE,0x1a5ddc
MACHINE,TMACH.NOTES    6,0x1a5a74
MENUFILE,MENU.CODE,0xd0e74
MENUFILE,MENU.CT,0xd0544
MENUFILE,MENU.LINES     .,0x1a65dc
MENUFILE,MENU.PROG,0xd04ac
MENUFILE,MENU.TITLE,0xd0674
MKAHIST,MKAHIST.ACCT,0xd0ddc
MKAHIST,MKAHIST.DATE,0xd0d44
MKAHIST,MKAHIST.EVENT,0xd170c
MKAHIST,MKAHIST.MEDIA,0xd1674
MKAHIST,MKAHIST.REM2   e,0xd14ac
MKAHIST,MKAHIST.SEQ,0xd0c14
MKAHIST,MKAHIST.TRACK,0xd0cac
MKASSIGN,MKASSIGN.ACCT,0xd1414
MKASSIGN,MKASSIGN.NXTDAT,0xd19dc
MKASSIGN,MKASSIGN.NXTSEQ,0xd1a74
MKASSIGN,MKASSIGN.PRCODE,0xd18ac
MKASSIGN,MKASSIGN.SALEND,0xd1944
MKASSIGN,MKASSIGN.TRACK,0xd1b0c
MKDEF,MKDEF.CALENDAR,0xd1f0c
MKDEF,MKDEF.FNEXTID  7,0xd2544
MKDEF,MKDEF.FUCODE,0xd1d44
MKDEF,MKDEF.HISTORYCD,0xd1cac
MKDEF,MKDEF.PRICECD,0xd1ddc
MKDEF,MKDEF.REQUIRE,0xd1814
MKDEF,MKDEF.TCNEXTID,0xd270c
MKDEF,MKDEF.TNEXTID,0xd1c14
MKDEF,MKDEF.TRACK,0xd1e74
MKECLASS,.DESC,0x1f2870
MKECLASS,MKECLASS.ACTIVE5,0xd2b0c
MKECLASS,MKECLASS.DESC,0xd2414
MKECLASS,MKECLASS.NUM,0xd24ac
MKEVENT,MKEVENT.CLASS  5,0xd2944
MKEVENT,MKEVENT.DESC,0xd29dc
MKEVENT,MKEVENT.FUCODE F,0xd3b0c
MKEVENT,MKEVENT.NUM,0xd2a74
MKEVENT,MKEVENT.REM1   I,0xd3a74
MKFORM,MKFORM.ACTIVE  h,0xd470c
MKFORM,MKFORM.ATT     N,0xd3cac
MKFORM,MKFORM.DESC,0xd3ddc
MKFORM,MKFORM.FILE    5,0xd3d44
MKFORM,MKFORM.MEDIA   g,0xd3c14
MKFORM,MKFORM.NUM,0xd3e74
MKTCLASS,.ACTIVE,0x1ab1f7
MKTCLASS,.ACTIVER,0xd4df7
MKTCLASS,MKTCLASS.ACTIVE5,0xd4544
MKTCLASS,MKTCLASS.CLASS,0xd45dc
MKTCLASS,MKTCLASS.NUM,0xd4674
MKTNOTE,MKNOTE.TEXT,0xd4b0c
MKTNOTE,MKTNOTE.LINE,0xd4414
MKTNOTE,MKTNOTE.TRACK,0xd44ac
MKTRACK,MKTRACK.CLASS  5,0xd4944
MKTRACK,MKTRACK.DESC,0xd49dc
MKTRACK,MKTRACK.NUM,0xd4a74
MKTROUT,MKTROUT.DAYSNXT,0xd50ac
MKTROUT,MKTROUT.EVENT,0xd5144
MKTROUT,MKTROUT.FIXED,0xd5014
MKTROUT,MKTROUT.JUMP,0xd5274
MKTROUT,MKTROUT.NEXTSEQ,0xd51dc
MKTROUT,MKTROUT.PRICECD,0xd6144
MKTROUT,MKTROUT.SALEBEG,0xd630c
MKTROUT,MKTROUT.SALECLO,0xd61dc
MKTROUT,MKTROUT.SALELEN,0xd6274
MKTROUT,MKTROUT.SEQ,0xd530c
MKTROUT,MKTROUT.TRACK,0xd4814
MTEXCHG,EXCHG.AMT,0xd6d44
MTEXCHG,EXCHG.CODE     h,0xd6014
MTEXCHG,EXCHG.COST     .,0xd6e74
MTEXCHG,EXCHG.DESC,0xd6ddc
MTEXCHG,EXCHG.EXTRA    6,0xd6f0c
MTEXCHG,EXCHG.LINE     w,0xd60ac
MTEXCHG,EXCHG.QUOTE,0xd6cac
MTICMSTR,MTIC.PROD.ACTIVC,0xd7544
MTICMSTR,MTIC.PROD.CLASS,0xd6c14
MTICMSTR,MTIC.PROD.CODE,0xd730c
MTICMSTR,MTIC.PROD.COMM,0xd9144
MTICMSTR,MTIC.PROD.CUBFTT,0xd7f0c
MTICMSTR,MTIC.PROD.DESC,0xd7274
MTICMSTR,MTIC.PROD.DRAW h,0xd7d44
MTICMSTR,MTIC.PROD.GLINV,0xd89dc
MTICMSTR,MTIC.PROD.LOT  A,0xd7674
MTICMSTR,MTIC.PROD.PCONV7,0xd70ac
MTICMSTR,MTIC.PROD.PUM  4,0xd7144
MTICMSTR,MTIC.PROD.RCOSTF,0xda70c
MTICMSTR,MTIC.PROD.REV  w,0xd7cac
MTICMSTR,MTIC.PROD.SER  B,0xd75dc
MTICMSTR,MTIC.PROD.STDC,0xd90ac
MTICMSTR,MTIC.PROD.STDPKD,0xd74ac
MTICMSTR,MTIC.PROD.SUM  1,0xd71dc
MTICMSTR,MTIC.PROD.UOA,0xd91dc
MTICMSTR,MTIC.PROD.UOWO,0xd9274
MTICMSTR,MTIC.PROD.VEND,0xd9944
MTICMSTR,MTIC.PROD.VNAM f,0xd98ac
MTICMSTR,MTIC.PROD.WT   L,0xd7414
MTMRP,MTMRP.DATE,0xdb8ac
MTMRP,MTMRP.EXTRA    U,0xdb30c
MTMRP,MTMRP.KEY,0xdc70c
MTMRP,MTMRP.ONHAND,0xdb9dc
MTMRP,MTMRP.ORDER    -,0xdbb0c
MTMRP,MTMRP.PARTNO,0xdb814
MTMRP,MTMRP.PG.FDATE I,0xdb1dc
MTMRP,MTMRP.PG.QTY   M,0xdb274
MTMRP,MTMRP.PG.SDATE E,0xdb144
MTMRP,MTMRP.QTY,0xdb944
MTMRP,MTMRP.STARTDT  7,0xdb014
MWOPTEMP,MWOP.CNTR,0xdc9dc
MWOPTEMP,MWOP.SERIAL,0xdc414
MWOPTEMP,MWOP.STATUS    3,0xdc544
MWOPTEMP,MWOP.WOPRE,0xdca74
MWOPTEMP,MWOP.WOSUF,0xdcb0c
NZITPRE,NZ.IPRE.DESC,0xdc944
NZITPRE,NZ.IPRE.PREFIX,0xdc814
OPQCDESC,OPQC.DATE      c,0xdd674
OPQCDESC,OPQC.DESC,0xdcd44
OPQCDESC,OPQC.EXTRA     g,0xdd5dc
OPQCDESC,OPQC.OPER,0xdcddc
OPQCDESC,OPQC.QCCODE    a,0xdd70c
OPQCDESC,OPQC.UID       C,0xdcc14
OPQCDESC,OPQC.WOPRE,0xdcf0c
OPQCDESC,OPQC.WOSUF,0xdce74
OUTPROC,MTPO.ASSY      v,0xde4ac
OUTPROC,MTPO.COST      f,0xde5dc
OUTPROC,MTPO.DATE      0,0xde144
OUTPROC,MTPO.DESC      E,0xde70c
OUTPROC,MTPO.EXTPR     n,0xde544
OUTPROC,MTPO.OPER      4,0xde0ac
OUTPROC,MTPO.PO,0xde30c
OUTPROC,MTPO.PROD      6,0xde014
OUTPROC,MTPO.VENDNAME,0xdd414
OUTPROC,MTPO.VENDOR,0xdd4ac
OUTPROC,MTPO.WOSUF     .,0xde1dc
PIBINLOC,PIBIN.LOC.BIN,0xdf70c
PIBINLOC,PIBIN.LOC.CDATE0,0xdecac
PIBINLOC,PIBIN.LOC.DFLT 8,0xdeddc
PIBINLOC,PIBIN.LOC.EXTRA9,0xdee74
PIBINLOC,PIBIN.LOC.ITEM,0xdf5dc
PIBINLOC,PIBIN.LOC.LOC,0xdf674
PIBINLOC,PIBIN.LOC.VDATE4,0xded44
PIBINLOT,PI.BINLOT.BIN  .,0xdf814
PIBINLOT,PI.BINLOT.DATE h,0xdf414
PIBINLOT,PI.BINLOT.EXTRAt,0xdf544
PIBINLOT,PI.BINLOT.FLAG g,0xdfb0c
PIBINLOT,PI.BINLOT.ITEM,0xe05dc
PIBINLOT,PI.BINLOT.LOC,0xe0674
PIBINLOT,PI.BINLOT.LOT,0xe070c
PIBINLOT,PI.BINLOT.NUM  l,0xdf4ac
PIBINLOT,PI.BINLOT.PSTD f,0xdfa74
PIBINLOT,PI.BINLOT.QTR,0xe0544
PIBINLOT,PI.BINLOT.UOH  V,0xdf944
PIBINLOT,PI.BINLOT.YR,0xe04ac
PRGFILE,PRGFIL.COMMAND,0x167274
PRGFILE,PRGFIL.FILE,0x1671dc
PRGFILE,PRGFIL.PRG.LINE,0x16730c
PRGFILE,PRGFIL.PRG.NAME,0x167144
PRGFILE,PRGFIL.RUN.LINE,0xd0014
PRGFILE,PRGFIL.SCN.NAME,0xd00ac
PRGFILE2,PRGFIL2.NOTE,0x1674ac
PRGFILE2,PRGFIL2.TOTCMDS,0x167414
PRGFILE2,PRGFIL2.WILDCRD,0xd01dc
QCCODES,MTQC.CODE,0xe0414
QCCODES,MTQC.DESC,0xe0b0c
ROCHG,RO.CHG.AOPER,0xe19dc
ROCHG,RO.CHG.ASETUP  6,0xe15dc
ROCHG,RO.CHG.ATOOL   F,0xe10ac
ROCHG,RO.CHG.AWC     d,0xe11dc
ROCHG,RO.CHG.BLONG   .,0xe1544
ROCHG,RO.CHG.BMATCH  B,0xe1014
ROCHG,RO.CHG.BTOOL   U,0xe1144
ROCHG,RO.CHG.BWC     p,0xe1274
ROCHG,RO.CHG.CDATE,0xe1b0c
ROCHG,RO.CHG.DOPER,0xe1a74
ROCHG,RO.CHG.OPER,0xe1944
ROCHG,RO.CHG.PART,0xe18ac
ROCHG,RO.CHG.USER,0xe1414
ROUTING,MTRO.CLASS,0xe2014
ROUTING,MTRO.CODE,0xe4414
ROUTING,MTRO.DESC,0xe45dc
ROUTING,MTRO.FOVHD     Q,0xe34ac
ROUTING,MTRO.INSTR     p,0xe3814
ROUTING,MTRO.KEY,0xe44ac
ROUTING,MTRO.LABOR     A,0xe3b0c
ROUTING,MTRO.LEAD      N,0xe4014
ROUTING,MTRO.LONGTIME,0xe2a74
ROUTING,MTRO.LOTSIZE   h,0xe430c
ROUTING,MTRO.MACHINE   I,0xe3414
ROUTING,MTRO.MIN.CHG,0xe28ac
ROUTING,MTRO.OPER,0xe4544
ROUTING,MTRO.OVERLAP,0xe2944
ROUTING,MTRO.PARTSHR   X,0xe4144
ROUTING,MTRO.PIECE.RATE,0xe29dc
ROUTING,MTRO.PRINT,0xe2b0c
ROUTING,MTRO.SETUP     a,0xe35dc
ROUTING,MTRO.SETUPHRS  d,0xe4274
ROUTING,MTRO.STD.TIME,0xe2814
ROUTING,MTRO.TMACHDESC m,0xe370c
ROUTING,MTRO.TMACHINE  i,0xe3674
ROUTING,MTRO.TYPE      M,0xe470c
ROUTING,MTRO.VENDCODE,0xe39dc
ROUTING,MTRO.VENDCOST  P,0xe40ac
ROUTING,MTRO.VOVHD     Y,0xe3544
ROUTING,MTRO.WCDESC,0xe3944
SCHEDCAL,SCH.BACK.DATE,0xe51dc
SCHEDCAL,SCH.BACK.SLASH,0xe50ac
SCHEDCAL,SCH.CAL.DATE,0xe5014
SCHEDCAL,SCH.SHOP.DATE,0xe5274
SCHEDCAL,SCH.SHOP.SLASH,0xe5144
SCHEDCAL,SCH.WH.FLAG,0xe530c
SCHWO,SWO.CRATIO,0xe5414
SCHWO,SWO.DAYS.TOGO,0xe54ac
SCHWO,SWO.OPCOUNT,0xe55dc
SCHWO,SWO.RUN.DAYS,0xe5544
SCHWO,SWO.SHOP.DUE   4,0xe59dc
SCHWO,SWO.WOPRE,0xe570c
SCHWO,SWO.WOSUF,0xe5674
SCRAP,MTSCRAP.ALPHA  f,0xe6414
SCRAP,MTSCRAP.CODE,0xe58ac
SCRAP,MTSCRAP.DESC,0xe5814
SCRAP,MTSCRAP.FLAG   a,0xe64ac
SCRAP,MTSCRAP.GLACCT S,0xe65dc
SCRAP,MTSCRAP.TYPE,0xe670c
SERIAL,MTSER.CODE,0xe81dc
SERIAL,MTSER.CUSTCODE e,0xe7414
SERIAL,MTSER.EXTRA    X,0xe6d44
SERIAL,MTSER.KEY,0xe8144
SERIAL,MTSER.LOC      L,0xe6c14
SERIAL,MTSER.ONHAND   D,0xe730c
SERIAL,MTSER.PO       7,0xe7814
SERIAL,MTSER.POCOST   U,0xe7a74
SERIAL,MTSER.RECDATE  Q,0xe79dc
SERIAL,MTSER.SELLPRICEs,0xe7544
SERIAL,MTSER.SERIAL,0xe8274
SERIAL,MTSER.SHIPDATE o,0xe74ac
SERIAL,MTSER.VENDOR   G,0xe7944
SERIAL,MTSER.WOSUF    V,0xe6cac
SUMCUST,SUMCUST.COGS,0xe89dc
SUMCUST,SUMCUST.CUST,0xe80ac
SUMCUST,SUMCUST.MONTH,0xe8b0c
SUMCUST,SUMCUST.SALES,0xe8a74
SUMCUST,SUMCUST.YEAR,0xe8014
SUMINV,SUMINV.DOL.ADJ,0xe8e74
SUMINV,SUMINV.DOL.ISS -,0xe8d44
SUMINV,SUMINV.DOL.RSTKM,0xe9274
SUMINV,SUMINV.DOL.SHPCm,0xe9014
SUMINV,SUMINV.DOL.WORCu,0xe9b0c
SUMINV,SUMINV.LOCATION,0xe8f0c
SUMINV,SUMINV.MONTH,0xe88ac
SUMINV,SUMINV.PARTNO,0xe8944
SUMINV,SUMINV.UN.ISS  5,0xe8cac
SUMINV,SUMINV.UN.RSTK U,0xe91dc
SUMINV,SUMINV.UN.RWIP E,0xe930c
SUMINV,SUMINV.UN.SHPS e,0xe90ac
SUMINV,SUMINV.YEAR,0xe8814
SUMPNCUS,SUMPNCUS.CUST,0xe98ac
SUMPNCUS,SUMPNCUS.MONTH,0xe9e74
SUMPNCUS,SUMPNCUS.PARTNO,0xe9814
SUMPNCUS,SUMPNCUS.SALES,0xe9ddc
SUMPNCUS,SUMPNCUS.YEAR,0xe9f0c
SUMWC,SUMWC.LABOR,0xeaa74
SUMWC,SUMWC.MONTH,0xea9dc
SUMWC,SUMWC.SETUP,0xeab0c
SUMWC,SUMWC.UNITS,0xe9c14
SUMWC,SUMWC.WORKCTR,0xea8ac
SUMWC,SUMWC.YEAR,0xea944
TESTFILE,TESTFILE.1,0x68f0c
TESTFILE,TESTFILE.10    7,0x68144
TESTFILE,TESTFILE.2,0x68014
TESTFILE,TESTFILE.4     e,0x6830c
TESTFILE,TESTFILE.5     m,0x67814
TESTFILE,TESTFILE.8     G,0x68274
TESTFILE,TESTFILE.9,0x680ac
TOOL,MTOOL.BASE.LOC D,0x691dc
TOOL,MTOOL.CAVITY   O,0x694ac
TOOL,MTOOL.CUST,0x69cac
TOOL,MTOOL.DATE     -,0x6b0ac
TOOL,MTOOL.DESC,0x6b014
TOOL,MTOOL.EJ.STROKE-,0x6a674
TOOL,MTOOL.HEIGHT,0x6a4ac
TOOL,MTOOL.ILOC.BIN 6,0x69f0c
TOOL,MTOOL.INS.LOC  N,0x69274
TOOL,MTOOL.INSERV.DT,0x69d44
TOOL,MTOOL.LASTUSED X,0x6930c
TOOL,MTOOL.MIN.TON,0x69c14
TOOL,MTOOL.NOTES    1,0x6b144
TOOL,MTOOL.NOZ.RAD  5,0x6a70c
TOOL,MTOOL.OWNER    E,0x69414
TOOL,MTOOL.REPL.COST,0x69ddc
TOOL,MTOOL.SHOTSIZE,0x6a30c
TOOL,MTOOL.TOOL,0x6bf0c
TOOL,MTOOL.WEIGHT,0x6a414
TOOL,MTOOL.WIDTH,0x6a544
WBTRVMEM,BTRV.MEM.BUFF,0x6bd44
WBTRVMEM,BTRV.MEM.CNTR,0x6c30c
WBTRVMEM,BTRV.MEM.LINK,0x6bcac
WBTRVMEM,BTRV.MEM.SIZE,0x6c274
WBTRVMEM,BTRV.MEM.SUBC,0x6bc14
WCCTL,WCTL.COUNT,0x6d1dc
WCCTL,WCTL.START,0x6d0ac
WCCTL,WCTL.STOP,0x6d144
WCCTL,WCTL.WC,0x6d014
WCTRLOAD,WC.LOAD.CAP,0x6d544
WCTRLOAD,WC.LOAD.DATE,0x6d70c
WCTRLOAD,WC.LOAD.EXTRA  4,0x6d30c
WCTRLOAD,WC.LOAD.TOTHRS,0x6d674
WCTRLOAD,WC.LOAD.UDATE,0x6d5dc
WCTRLOAD,WC.LOAD.WC,0x6d814
WOBOM,WOBOM.ASSY,0x6ef0c
WOBOM,WOBOM.ASSYDESC 0,0x6ecac
WOBOM,WOBOM.BINLOC,0x6d944
WOBOM,WOBOM.COMPCODE,0x6eddc
WOBOM,WOBOM.COMPDESC N,0x6ec14
WOBOM,WOBOM.OPER,0x6f144
WOBOM,WOBOM.QTYPER   l,0x6eb0c
WOBOM,WOBOM.REV,0x6d9dc
WOBOM,WOBOM.SCRAPQTY t,0x6ea74
WOBOM,WOBOM.SEQ,0x6da74
WOBOM,WOBOM.UID,0x6d8ac
WOBOM,WOBOM.WOPRE,0x6f0ac
WOBOM,WOBOM.WOSUF,0x6f014
WOBOMCHG,WBOM.CHG.ACOMP O,0x6fc14
WOBOMCHG,WBOM.CHG.AQTY  Q,0x6fa74
WOBOMCHG,WBOM.CHG.AREF  a,0x6f944
WOBOMCHG,WBOM.CHG.BQTY  Y,0x6f9dc
WOBOMCHG,WBOM.CHG.BREF  u,0x6f8ac
WOBOMCHG,WBOM.CHG.COMP,0x6fe74
WOBOMCHG,WBOM.CHG.DCOMP P,0x6fb0c
WOBOMCHG,WBOM.CHG.PARENT,0x6ff0c
WOBOMCHG,WBOM.CHG.WOPRE,0x708ac
WOBOMCHG,WBOM.CHG.WOSUF,0x70814
WOBOMREM,WOBOM.RM.COMP,0x70a74
WOBOMREM,WOBOM.RM.LINE,0x70b0c
WOBOMREM,WOBOM.RM.PARENT,0x70c14
WOBOMREM,WOBOM.RM.WOPRE,0x70d44
WOBOMREM,WOBOM.RM.WOSUF,0x70cac
WODATE,WODATE.DELPRE  .,0x71414
WODATE,WODATE.DELSUF  6,0x70f0c
WODATE,WODATE.EXTRA   8,0x70e74
WODATE,WODATE.FINISH,0x71814
WODATE,WODATE.PARPRE,0x71674
WODATE,WODATE.QTY,0x7170c
WODATE,WODATE.START,0x718ac
WODATE,WODATE.WOPRE,0x719dc
WODATE,WODATE.WOSUF,0x71944
WOEXCHG,MTWO.EX.CHGDESCC,0x71cac
WOEXCHG,MTWO.EX.DATE,0x71f0c
WOEXCHG,MTWO.EX.DESC,0x71ddc
WOEXCHG,MTWO.EX.GLACCT a,0x71c14
WOEXCHG,MTWO.EX.GLDPT  k,0x71b0c
WOEXCHG,MTWO.EX.OP     o,0x71a74
WOEXCHG,MTWO.EX.PROD,0x71e74
WOEXCHG,MTWO.EX.WOPRE,0x724ac
WOEXCHG,MTWO.EX.WOSUF,0x72414
WOLABOR,MTWOLA.ASSY    z,0x74814
WOLABOR,MTWOLA.AUDIT   r,0x72ddc
WOLABOR,MTWOLA.COMPLETE1,0x74c14
WOLABOR,MTWOLA.DATE,0x75c14
WOLABOR,MTWOLA.DATE2,0x738ac
WOLABOR,MTWOLA.EMP,0x7530c
WOLABOR,MTWOLA.EMP2,0x73944
WOLABOR,MTWOLA.MACHDATE,0x739dc
WOLABOR,MTWOLA.MISC,0x73814
WOLABOR,MTWOLA.MISCDESC,0x7370c
WOLABOR,MTWOLA.NOJOBS,0x74e74
WOLABOR,MTWOLA.OPER,0x75144
WOLABOR,MTWOLA.OTEAM   p,0x72e74
WOLABOR,MTWOLA.POSTED,0x75cac
WOLABOR,MTWOLA.REGOVER,0x75014
WOLABOR,MTWOLA.REWORK  0,0x74cac
WOLABOR,MTWOLA.RUNHRS,0x74f0c
WOLABOR,MTWOLA.SCRAPCD Z,0x74944
WOLABOR,MTWOLA.SCRAPPED2,0x74b0c
WOLABOR,MTWOLA.SETUPHRS,0x74ddc
WOLABOR,MTWOLA.START   2,0x73674
WOLABOR,MTWOLA.STOP    6,0x730ac
WOLABOR,MTWOLA.TRXN,0x750ac
WOLABOR,MTWOLA.WOPRE,0x75274
WOLABOR,MTWOLA.WOSUF,0x751dc
WOMAT,MTWO.PRODCODE  H,0x769dc
WOMAT,WOMAT.DATE,0x75d44
WOMAT,WOMAT.KIT      u,0x76e74
WOMAT,WOMAT.LOT,0x76544
WOMAT,WOMAT.PCODE    v,0x76f0c
WOMAT,WOMAT.PRODDESC W,0x76ddc
WOMAT,WOMAT.QTYISSUED,0x75f0c
WOMAT,WOMAT.QTYSCRAP,0x76414
WOMAT,WOMAT.SCRAPCD,0x764ac
WOMAT,WOMAT.WOPRE,0x75ddc
WOMAT,WOMAT.WOSUF,0x75e74
WORECV,MTWOR.ASSY,0xf6144
WORECV,MTWOR.AVGC     D,0xf6414
WORECV,MTWOR.DATE,0xf60ac
WORECV,MTWOR.DESC,0xf61dc
WORECV,MTWOR.LOT      L,0xf64ac
WORECV,MTWOR.REF      t,0xf65dc
WORECV,MTWOR.USESTD   C,0xf630c
WORECV,MTWOR.WOPRE,0x7770c
WORECV,MTWOR.WOSUF,0xf6014
WORKCHG,WO.CHG.ACLASS  0,0xf74ac
WORKCHG,WO.CHG.ADESC   2,0xf6f0c
WORKCHG,WO.CHG.AQTY    n,0xf6ddc
WORKCHG,WO.CHG.ASTATUS .,0xf75dc
WORKCHG,WO.CHG.BCLASS  1,0xf7414
WORKCHG,WO.CHG.BDESC   P,0xf6e74
WORKCHG,WO.CHG.BPRIO   -,0xf7674
WORKCHG,WO.CHG.BQTY    v,0xf6d44
WORKCHG,WO.CHG.CDATE,0xf84ac
WORKCHG,WO.CHG.CODE,0xf8544
WORKCHG,WO.CHG.USER,0xf8414
WORKCHG,WO.CHG.WOPRE,0xf8674
WORKCHG,WO.CHG.WOSUF,0xf85dc
WORKCTR,MTWC.AVGQTIME  n,0xf98ac
WORKCTR,MTWC.CYCLE.TIME,0xf89dc
WORKCTR,MTWC.DEPTDESC  .,0xfa4ac
WORKCTR,MTWC.FLAGS     1,0xf88ac
WORKCTR,MTWC.GNUM      6,0xf8814
WORKCTR,MTWC.HRSWEEK   L,0xfa414
WORKCTR,MTWC.LEVEL.YN,0xf8a74
WORKCTR,MTWC.MACHINE   f,0xf9944
WORKCTR,MTWC.PARENT.WC,0xf8b0c
WORKCTR,MTWC.PARENT.YN,0xf8c14
WORKCTR,MTWC.QPR1      p,0xf9814
WORKCTR,MTWC.QPR2      r,0xf970c
WORKCTR,MTWC.QPR3      t,0xf9674
WORKCTR,MTWC.SETUP     V,0xf9a74
WORKCTR,MTWC.VOVHD     v,0xf95dc
WORKCTR,MTWC.WC,0xfa674
WORKCTR,MTWC.WCDESC,0xfa5dc
WORKORD,MTWO.CUSTNAME,0xfdb0c
WORKORD,MTWO.WIP.AEXTRAk,0x100014
WORKORD,MTWO.WIP.ALABORg,0xfc8ac
WORKORD,MTWO.WIP.AMAT  W,0xfbf0c
WORKORD,MTWO.WIP.AMISC K,0xff544
WORKORD,MTWO.WIP.AOUTPR_,0xfc814
WORKORD,MTWO.WIP.ASETUPO,0xfbe74
WORKORD,MTWO.WIP.ASTART,0xfb8ac
WORKORD,MTWO.WIP.ATOTALw,0xfc9dc
WORKORD,MTWO.WIP.BLANK,0x7f0ac
WORKORD,MTWO.WIP.CONTAT,0xfecac
WORKORD,MTWO.WIP.DESC,0xfdc14
WORKORD,MTWO.WIP.EEXTRAc,0xff70c
WORKORD,MTWO.WIP.ELABORG,0xfbddc
WORKORD,MTWO.WIP.EMAT  7,0xfbcac
WORKORD,MTWO.WIP.EMISC C,0xff4ac
WORKORD,MTWO.WIP.EST,0xfca74
WORKORD,MTWO.WIP.ETOT  o,0xfc944
WORKORD,MTWO.WIP.EXTRAVs,0x1000ac
WORKORD,MTWO.WIP.INSTR P,0xfde74
WORKORD,MTWO.WIP.LOCK  .,0xfbb0c
WORKORD,MTWO.WIP.MISCV S,0xff5dc
WORKORD,MTWO.WIP.MULT,0x7f014
WORKORD,MTWO.WIP.OTHV  3,0xfef0c
WORKORD,MTWO.WIP.PPRCE 8,0xfdcac
WORKORD,MTWO.WIP.PRTY,0xfaa74
WORKORD,MTWO.WIP.SFIN,0xfb814
WORKORD,MTWO.WIP.SQTY,0xfa9dc
WORKORD,MTWO.WIP.SSTART,0xfab0c
WORKORD,MTWO.WIP.STATUS-,0xfba74
WORKORD,MTWO.WIP.WOPRE,0x7f1dc
WORKORD,MTWO.WIP.WOSUF,0x7f144
WOROCHG,WORO.CHG.ALONG 0,0x800ac
WOROCHG,WORO.CHG.AMACH H,0x7f9dc
WOROCHG,WORO.CHG.AOPER .,0x801dc
WOROCHG,WORO.CHG.ATOOL P,0x7f8ac
WOROCHG,WORO.CHG.AWC   n,0x7f70c
WOROCHG,WORO.CHG.BLONG 8,0x80014
WOROCHG,WORO.CHG.BMATCHL,0x7f944
WOROCHG,WORO.CHG.BSETUPD,0x7fa74
WOROCHG,WORO.CHG.BTOOL _,0x7f814
WOROCHG,WORO.CHG.BWC   z,0x7f674
WOROCHG,WORO.CHG.CDATE,0x8030c
WOROCHG,WORO.CHG.OPER,0x81414
WOROCHG,WORO.CHG.PART,0x814ac
WOROCHG,WORO.CHG.USER,0x80274
WOROCHG,WORO.CHG.WOPRE,0x815dc
WOROCHG,WORO.CHG.WOSUF,0x81544
WOROUT,MTWORO.ACTHRS  7,0x85544
WOROUT,MTWORO.AFOHCST,0x6274
WOROUT,MTWORO.ASETHRS G,0x85414
WOROUT,MTWORO.AVOHCST,0x829dc
WOROUT,MTWORO.CODE,0xef0ac
WOROUT,MTWORO.CONTNTN,0x81c14
WOROUT,MTWORO.ESSTHRS x,0x81e74
WOROUT,MTWORO.FINISHED,0x81cac
WOROUT,MTWORO.LONGTIMEo,0x82014
WOROUT,MTWORO.MD.PR.HRS,0x82414
WOROUT,MTWORO.MISCACSTC,0x82674
WOROUT,MTWORO.MISCCOST,0x82814
WOROUT,MTWORO.NEGOVLP .,0x81674
WOROUT,MTWORO.NUM,0x82944
WOROUT,MTWORO.NUM.PERS,0x828ac
WOROUT,MTWORO.NUM.PROCM,0x82544
WOROUT,MTWORO.OPER,0x78c14
WOROUT,MTWORO.OPERDESCO,0x8530c
WOROUT,MTWORO.OVERLAP e,0x82144
WOROUT,MTWORO.PIECE.RTg,0x820ac
WOROUT,MTWORO.PR.PERHRT,0x8230c
WOROUT,MTWORO.PRINT   w,0x81f0c
WOROUT,MTWORO.PROJ,0xef1dc
WOROUT,MTWORO.QTYCOM  M,0x84274
WOROUT,MTWORO.SCRAPPEDs,0x84144
WOROUT,MTWORO.START,0xef144
WOROUT,MTWORO.STARTED,0x81d44
WOROUT,MTWORO.TIME.PPRO,0x824ac
WOROUT,MTWORO.VEND    m,0x85274
WOROUT,MTWORO.VENDNAMEw,0x851dc
WOROUT,MTWORO.WCDESC  U,0x841dc
WOROUT,MTWORO.WOPRE,0x78d44
WOROUT,MTWORO.WOSUF,0x78cac
