IS_JAVA_UID,IS_JAVA_PARAM_1,IS_JAVA_PARAM_2,IS_JAVA_PARAM_3,IS_JAVA_PARAM_4,IS_JAVA_PARAM_5,IS_JAVA_PARAM_6,IS_JAVA_PARAM_7,IS_JAVA_PARAM_8,IS_JAVA_PARAM_9,IS_JAVA_PARAM_10,IS_JAVA_PARAM_11,IS_JAVA_PARAM_12,IS_JAVA_PARAM_13,IS_JAVA_PARAM_14,IS_JAVA_PARAM_15,IS_JAVA_PARAM_16,IS_JAVA_PARAM_17,IS_JAVA_PARAM_18,IS_JAVA_PARAM_19,IS_JAVA_PARAM_20,IS_JAVA_PARAM_21,IS_JAVA_PARAM_22,IS_JAVA_PARAM_23,IS_JAVA_PARAM_24,IS_JAVA_PARAM_25,IS_JAVA_DATE
-i,0,,,,,,,,,,,,,,,,,,,,,,,,,2025-02-03
ADMIN102433A20220519,2,,,,,,,,,,,,,,,,,,,,,,,,,2022-05-19
ASTEMPIEN015256P20230403,1,,,,,,,,,,,,,,,,,,,,,,,,,2023-04-03
ASTEMPIEN075547A20230821,1,,,,,,,,,,,,,,,,,,,,,,,,,2023-08-21
ASTEMPIEN080855A20230605,2,,,,,,,,,,,,,,,,,,,,,,,,,2023-06-05
ASTEMPIEN080946A20230915,1,,,,,,,,,,,,,,,,,,,,,,,,,2023-09-15
ASTEMPIEN081044A20230425,2,,,,,,,,,,,,,,,,,,,,,,,,,2023-04-25
ASTEMPIEN081409A20230504,2,,,,,,,,,,,,,,,,,,,,,,,,,2023-05-04
ASTEMPIEN081535A20231010,1,,,,,,,,,,,,,,,,,,,,,,,,,2023-10-10
ASTEMPIEN081634A20230825,1,,,,,,,,,,,,,,,,,,,,,,,,,2023-08-25
ASTEMPIEN081648A20240913,1,,,,,,,,,,,,,,,,,,,,,,,,,2024-09-13
ASTEMPIEN082804A20231013,1,,,,,,,,,,,,,,,,,,,,,,,,,2023-10-13
ASTEMPIEN084710A20230421,1,,,,,,,,,,,,,,,,,,,,,,,,,2023-04-21
ASTEMPIEN092445A20230424,1,,,,,,,,,,,,,,,,,,,,,,,,,2023-04-24
ASTEMPIEN115712A20231002,1,,,,,,,,,,,,,,,,,,,,,,,,,2023-10-02
BHEBERT070253A20230926,1,,,,,,,,,,,,,,,,,,,,,,,,,2023-09-26
BSCHIBI010308P20240523,1,,,,,,,,,,,,,,,,,,,,,,,,,2024-05-23
BSCHIBI010844P20220509,2,,,,,,,,,,,,,,,,,,,,,,,,,2022-05-09
BSCHIBI011327P20240418,1,,,,,,,,,,,,,,,,,,,,,,,,,2024-04-18
BSCHIBI011336P20221108,1,,,,,,,,,,,,,,,,,,,,,,,,,2022-11-08
BSCHIBI011513P20220513,1,,,,,,,,,,,,,,,,,,,,,,,,,2022-05-13
BSCHIBI011741P20211210,1,,,,,,,,,,,,,,,,,,,,,,,,,2021-12-10
BSCHIBI011921P20220111,1,,,,,,,,,,,,,,,,,,,,,,,,,2022-01-11
BSCHIBI012011P20230109,1,,,,,,,,,,,,,,,,,,,,,,,,,2023-01-09
BSCHIBI012700P20230503,1,,,,,,,,,,,,,,,,,,,,,,,,,2023-05-03
BSCHIBI012946P20230621,1,,,,,,,,,,,,,,,,,,,,,,,,,2023-06-21
BSCHIBI013155P20230824,1,,,,,,,,,,,,,,,,,,,,,,,,,2023-08-24
BSCHIBI013210P20230120,1,,,,,,,,,,,,,,,,,,,,,,,,,2023-01-20
BSCHIBI013424P20220817,1,,,,,,,,,,,,,,,,,,,,,,,,,2022-08-17
BSCHIBI014841P20231211,1,,,,,,,,,,,,,,,,,,,,,,,,,2023-12-11
BSCHIBI015852P20230621,1,,,,,,,,,,,,,,,,,,,,,,,,,2023-06-21
BSCHIBI020423P20221212,1,,,,,,,,,,,,,,,,,,,,,,,,,2022-12-12
BSCHIBI022742P20230921,1,,,,,,,,,,,,,,,,,,,,,,,,,2023-09-21
BSCHIBI024152P20220808,1,,,,,,,,,,,,,,,,,,,,,,,,,2022-08-08
BSCHIBI024730P20230612,1,,,,,,,,,,,,,,,,,,,,,,,,,2023-06-12
BSCHIBI025308P20230222,1,,,,,,,,,,,,,,,,,,,,,,,,,2023-02-22
BSCHIBI030030P20220908,1,,,,,,,,,,,,,,,,,,,,,,,,,2022-09-08
BSCHIBI030544P20240318,1,,,,,,,,,,,,,,,,,,,,,,,,,2024-03-18
BSCHIBI030658P20220725,1,,,,,,,,,,,,,,,,,,,,,,,,,2022-07-25
BSCHIBI030935P20230320,1,,,,,,,,,,,,,,,,,,,,,,,,,2023-03-20
BSCHIBI032019P20220908,1,,,,,,,,,,,,,,,,,,,,,,,,,2022-09-08
BSCHIBI032135P20230804,1,,,,,,,,,,,,,,,,,,,,,,,,,2023-08-04
BSCHIBI032637P20220408,1,,,,,,,,,,,,,,,,,,,,,,,,,2022-04-08
BSCHIBI032637P20231016,1,,,,,,,,,,,,,,,,,,,,,,,,,2023-10-16
BSCHIBI032903P20221130,1,,,,,,,,,,,,,,,,,,,,,,,,,2022-11-30
BSCHIBI033225P20230712,1,,,,,,,,,,,,,,,,,,,,,,,,,2023-07-12
BSCHIBI033227P20240415,1,,,,,,,,,,,,,,,,,,,,,,,,,2024-04-15
BSCHIBI033659P20230411,1,,,,,,,,,,,,,,,,,,,,,,,,,2023-04-11
BSCHIBI034039P20240122,1,,,,,,,,,,,,,,,,,,,,,,,,,2024-01-22
BSCHIBI034113P20221229,1,,,,,,,,,,,,,,,,,,,,,,,,,2022-12-29
BSCHIBI034416P20230104,1,,,,,,,,,,,,,,,,,,,,,,,,,2023-01-04
BSCHIBI034729P20221228,1,,,,,,,,,,,,,,,,,,,,,,,,,2022-12-28
BSCHIBI035109P20240304,1,,,,,,,,,,,,,,,,,,,,,,,,,2024-03-04
BSCHIBI040255P20221227,0,,,,,,,,,,,,,,,,,,,,,,,,,2022-12-27
BSCHIBI041118P20230713,1,,,,,,,,,,,,,,,,,,,,,,,,,2023-07-13
BSCHIBI041909P20240219,1,,,,,,,,,,,,,,,,,,,,,,,,,2024-02-19
BSCHIBI053834P20230628,1,,,,,,,,,,,,,,,,,,,,,,,,,2023-06-28
BSCHIBI065104A20230202,1,,,,,,,,,,,,,,,,,,,,,,,,,2023-02-02
BSCHIBI065828A20240627,1,,,,,,,,,,,,,,,,,,,,,,,,,2024-06-27
BSCHIBI070004A20240715,1,,,,,,,,,,,,,,,,,,,,,,,,,2024-07-15
BSCHIBI070454A20240730,1,,,,,,,,,,,,,,,,,,,,,,,,,2024-07-30
BSCHIBI070625A20240820,1,,,,,,,,,,,,,,,,,,,,,,,,,2024-08-20
BSCHIBI070918A20240806,1,,,,,,,,,,,,,,,,,,,,,,,,,2024-08-06
BSCHIBI071514A20231027,1,,,,,,,,,,,,,,,,,,,,,,,,,2023-10-27
BSCHIBI072106A20240405,1,,,,,,,,,,,,,,,,,,,,,,,,,2024-04-05
BSCHIBI072409A20240209,1,,,,,,,,,,,,,,,,,,,,,,,,,2024-02-09
BSCHIBI072415A20231004,1,,,,,,,,,,,,,,,,,,,,,,,,,2023-10-04
BSCHIBI072609A20231026,1,,,,,,,,,,,,,,,,,,,,,,,,,2023-10-26
BSCHIBI072755A20230629,2,,,,,,,,,,,,,,,,,,,,,,,,,2023-06-29
BSCHIBI073138A20230825,1,,,,,,,,,,,,,,,,,,,,,,,,,2023-08-25
BSCHIBI073425A20230508,1,,,,,,,,,,,,,,,,,,,,,,,,,2023-05-08
BSCHIBI073434A20240103,1,,,,,,,,,,,,,,,,,,,,,,,,,2024-01-03
BSCHIBI074046A20230530,1,,,,,,,,,,,,,,,,,,,,,,,,,2023-05-30
BSCHIBI074221A20230619,1,,,,,,,,,,,,,,,,,,,,,,,,,2023-06-19
BSCHIBI074407A20220504,1,,,,,,,,,,,,,,,,,,,,,,,,,2022-05-04
BSCHIBI074424A20230417,1,,,,,,,,,,,,,,,,,,,,,,,,,2023-04-17
BSCHIBI074428A20221130,1,,,,,,,,,,,,,,,,,,,,,,,,,2022-11-30
BSCHIBI074552A20230313,2,,,,,,,,,,,,,,,,,,,,,,,,,2023-03-13
BSCHIBI074612A20230227,1,,,,,,,,,,,,,,,,,,,,,,,,,2023-02-27
BSCHIBI074636A20230717,1,,,,,,,,,,,,,,,,,,,,,,,,,2023-07-17
BSCHIBI074640A20230308,2,,,,,,,,,,,,,,,,,,,,,,,,,2023-03-08
BSCHIBI074652A20230217,1,,,,,,,,,,,,,,,,,,,,,,,,,2023-02-17
BSCHIBI074750A20221010,1,,,,,,,,,,,,,,,,,,,,,,,,,2022-10-10
BSCHIBI074813A20221221,1,,,,,,,,,,,,,,,,,,,,,,,,,2022-12-21
BSCHIBI074943A20230306,1,,,,,,,,,,,,,,,,,,,,,,,,,2023-03-06
BSCHIBI074955A20220614,1,,,,,,,,,,,,,,,,,,,,,,,,,2022-06-14
BSCHIBI075140A20221114,1,,,,,,,,,,,,,,,,,,,,,,,,,2022-11-14
BSCHIBI075432A20211022,1,,,,,,,,,,,,,,,,,,,,,,,,,2021-10-22
BSCHIBI075434A20220513,1,,,,,,,,,,,,,,,,,,,,,,,,,2022-05-13
BSCHIBI075603A20240815,1,,,,,,,,,,,,,,,,,,,,,,,,,2024-08-15
BSCHIBI075638A20230314,2,,,,,,,,,,,,,,,,,,,,,,,,,2023-03-14
BSCHIBI075726A20210930,1,,,,,,,,,,,,,,,,,,,,,,,,,2021-09-30
BSCHIBI075736A20220204,1,,,,,,,,,,,,,,,,,,,,,,,,,2022-02-04
BSCHIBI075859A20220610,1,,,,,,,,,,,,,,,,,,,,,,,,,2022-06-10
BSCHIBI080006A20221014,1,,,,,,,,,,,,,,,,,,,,,,,,,2022-10-14
BSCHIBI080016A20220328,1,,,,,,,,,,,,,,,,,,,,,,,,,2022-03-28
BSCHIBI080022A20220422,1,,,,,,,,,,,,,,,,,,,,,,,,,2022-04-22
BSCHIBI080246A20211214,1,,,,,,,,,,,,,,,,,,,,,,,,,2021-12-14
BSCHIBI080548A20220406,1,,,,,,,,,,,,,,,,,,,,,,,,,2022-04-06
BSCHIBI080845A20230922,1,,,,,,,,,,,,,,,,,,,,,,,,,2023-09-22
BSCHIBI081335A20221006,1,,,,,,,,,,,,,,,,,,,,,,,,,2022-10-06
BSCHIBI081754A20220926,1,,,,,,,,,,,,,,,,,,,,,,,,,2022-09-26
BSCHIBI083453A20220826,1,,,,,,,,,,,,,,,,,,,,,,,,,2022-08-26
BSCHIBI083839A20230914,1,,,,,,,,,,,,,,,,,,,,,,,,,2023-09-14
BSCHIBI083908A20220531,1,,,,,,,,,,,,,,,,,,,,,,,,,2022-05-31
BSCHIBI084422A20230309,2,,,,,,,,,,,,,,,,,,,,,,,,,2023-03-09
BSCHIBI084607A20230518,1,,,,,,,,,,,,,,,,,,,,,,,,,2023-05-18
BSCHIBI085426A20220512,1,,,,,,,,,,,,,,,,,,,,,,,,,2022-05-12
BSCHIBI085432A20220527,1,,,,,,,,,,,,,,,,,,,,,,,,,2022-05-27
BSCHIBI085706A20221010,2,,,,,,,,,,,,,,,,,,,,,,,,,2022-10-10
BSCHIBI085718A20220711,1,,,,,,,,,,,,,,,,,,,,,,,,,2022-07-11
BSCHIBI090249A20220712,1,,,,,,,,,,,,,,,,,,,,,,,,,2022-07-12
BSCHIBI090850A20240701,1,,,,,,,,,,,,,,,,,,,,,,,,,2024-07-01
BSCHIBI091042A20220520,1,,,,,,,,,,,,,,,,,,,,,,,,,2022-05-20
BSCHIBI091218A20220412,1,,,,,,,,,,,,,,,,,,,,,,,,,2022-04-12
BSCHIBI091350A20230127,1,,,,,,,,,,,,,,,,,,,,,,,,,2023-01-27
BSCHIBI091431A20221014,1,,,,,,,,,,,,,,,,,,,,,,,,,2022-10-14
BSCHIBI091813A20230119,1,,,,,,,,,,,,,,,,,,,,,,,,,2023-01-19
BSCHIBI091834A20220621,1,,,,,,,,,,,,,,,,,,,,,,,,,2022-06-21
BSCHIBI092039A20211021,2,,,,,,,,,,,,,,,,,,,,,,,,,2021-10-21
BSCHIBI092333A20230221,1,,,,,,,,,,,,,,,,,,,,,,,,,2023-02-21
BSCHIBI092447A20230207,1,,,,,,,,,,,,,,,,,,,,,,,,,2023-02-07
BSCHIBI093527A20220607,1,,,,,,,,,,,,,,,,,,,,,,,,,2022-06-07
BSCHIBI093647A20220707,1,,,,,,,,,,,,,,,,,,,,,,,,,2022-07-07
BSCHIBI093850A20211014,1,,,,,,,,,,,,,,,,,,,,,,,,,2021-10-14
BSCHIBI094710A20220221,1,,,,,,,,,,,,,,,,,,,,,,,,,2022-02-21
BSCHIBI094755A20221229,1,,,,,,,,,,,,,,,,,,,,,,,,,2022-12-29
BSCHIBI095111A20220824,1,,,,,,,,,,,,,,,,,,,,,,,,,2022-08-24
BSCHIBI095415A20221219,1,,,,,,,,,,,,,,,,,,,,,,,,,2022-12-19
BSCHIBI100155A20230109,2,,,,,,,,,,,,,,,,,,,,,,,,,2023-01-09
BSCHIBI100254A20220504,1,,,,,,,,,,,,,,,,,,,,,,,,,2022-05-04
BSCHIBI100419A20231212,1,,,,,,,,,,,,,,,,,,,,,,,,,2023-12-12
BSCHIBI100609A20220331,1,,,,,,,,,,,,,,,,,,,,,,,,,2022-03-31
BSCHIBI100717A20221206,1,,,,,,,,,,,,,,,,,,,,,,,,,2022-12-06
BSCHIBI101028A20230721,1,,,,,,,,,,,,,,,,,,,,,,,,,2023-07-21
BSCHIBI101105A20230925,1,,,,,,,,,,,,,,,,,,,,,,,,,2023-09-25
BSCHIBI101109A20231108,1,,,,,,,,,,,,,,,,,,,,,,,,,2023-11-08
BSCHIBI101131A20240408,1,,,,,,,,,,,,,,,,,,,,,,,,,2024-04-08
BSCHIBI101337A20230220,1,,,,,,,,,,,,,,,,,,,,,,,,,2023-02-20
BSCHIBI101709A20220623,1,,,,,,,,,,,,,,,,,,,,,,,,,2022-06-23
BSCHIBI101931A20231121,1,,,,,,,,,,,,,,,,,,,,,,,,,2023-11-21
BSCHIBI102741A20230825,1,,,,,,,,,,,,,,,,,,,,,,,,,2023-08-25
BSCHIBI103715A20221025,1,,,,,,,,,,,,,,,,,,,,,,,,,2022-10-25
BSCHIBI104008A20230413,1,,,,,,,,,,,,,,,,,,,,,,,,,2023-04-13
BSCHIBI104113A20220512,1,,,,,,,,,,,,,,,,,,,,,,,,,2022-05-12
BSCHIBI104134A20220513,1,,,,,,,,,,,,,,,,,,,,,,,,,2022-05-13
BSCHIBI104335A20230605,1,,,,,,,,,,,,,,,,,,,,,,,,,2023-06-05
BSCHIBI104440A20220414,1,,,,,,,,,,,,,,,,,,,,,,,,,2022-04-14
BSCHIBI105507A20220811,1,,,,,,,,,,,,,,,,,,,,,,,,,2022-08-11
BSCHIBI105519A20230308,2,,,,,,,,,,,,,,,,,,,,,,,,,2023-03-08
BSCHIBI105558A20231107,1,,,,,,,,,,,,,,,,,,,,,,,,,2023-11-07
BSCHIBI105755A20240411,1,,,,,,,,,,,,,,,,,,,,,,,,,2024-04-11
BSCHIBI105920A20220202,1,,,,,,,,,,,,,,,,,,,,,,,,,2022-02-02
BSCHIBI105926A20220901,1,,,,,,,,,,,,,,,,,,,,,,,,,2022-09-01
BSCHIBI110401A20211222,1,,,,,,,,,,,,,,,,,,,,,,,,,2021-12-22
BSCHIBI110756A20220624,1,,,,,,,,,,,,,,,,,,,,,,,,,2022-06-24
BSCHIBI110920A20221109,1,,,,,,,,,,,,,,,,,,,,,,,,,2022-11-09
BSCHIBI111118A20220121,1,,,,,,,,,,,,,,,,,,,,,,,,,2022-01-21
BSCHIBI111713A20221201,1,,,,,,,,,,,,,,,,,,,,,,,,,2022-12-01
BSCHIBI111942A20220419,1,,,,,,,,,,,,,,,,,,,,,,,,,2022-04-19
BSCHIBI111953A20220505,1,,,,,,,,,,,,,,,,,,,,,,,,,2022-05-05
BSCHIBI112144A20211108,1,,,,,,,,,,,,,,,,,,,,,,,,,2021-11-08
BSCHIBI112513A20231016,1,,,,,,,,,,,,,,,,,,,,,,,,,2023-10-16
BSCHIBI112645A20240418,1,,,,,,,,,,,,,,,,,,,,,,,,,2024-04-18
BSCHIBI112652A20221114,1,,,,,,,,,,,,,,,,,,,,,,,,,2022-11-14
BSCHIBI112710A20221220,1,,,,,,,,,,,,,,,,,,,,,,,,,2022-12-20
BSCHIBI113135A20220602,1,,,,,,,,,,,,,,,,,,,,,,,,,2022-06-02
BSCHIBI113201A20230207,1,,,,,,,,,,,,,,,,,,,,,,,,,2023-02-07
BSCHIBI113203A20211008,1,,,,,,,,,,,,,,,,,,,,,,,,,2021-10-08
BSCHIBI113334A20220517,1,,,,,,,,,,,,,,,,,,,,,,,,,2022-05-17
BSCHIBI113353A20210920,1,,,,,,,,,,,,,,,,,,,,,,,,,2021-09-20
BSCHIBI113406A20220901,1,,,,,,,,,,,,,,,,,,,,,,,,,2022-09-01
BSCHIBI113545A20221128,1,,,,,,,,,,,,,,,,,,,,,,,,,2022-11-28
BSCHIBI113605A20231110,1,,,,,,,,,,,,,,,,,,,,,,,,,2023-11-10
BSCHIBI113753A20220519,1,,,,,,,,,,,,,,,,,,,,,,,,,2022-05-19
BSCHIBI113756A20230120,1,,,,,,,,,,,,,,,,,,,,,,,,,2023-01-20
BSCHIBI113848A20220930,1,,,,,,,,,,,,,,,,,,,,,,,,,2022-09-30
BSCHIBI113915A20231228,1,,,,,,,,,,,,,,,,,,,,,,,,,2023-12-28
BSCHIBI114138A20230522,1,,,,,,,,,,,,,,,,,,,,,,,,,2023-05-22
BSCHIBI114503A20220329,1,,,,,,,,,,,,,,,,,,,,,,,,,2022-03-29
BSCHIBI114732A20220715,1,,,,,,,,,,,,,,,,,,,,,,,,,2022-07-15
BSCHIBI115142A20240416,1,,,,,,,,,,,,,,,,,,,,,,,,,2024-04-16
BSCHIBI115254A20240522,1,,,,,,,,,,,,,,,,,,,,,,,,,2024-05-23
BSCHIBI120238P20240806,1,,,,,,,,,,,,,,,,,,,,,,,,,2024-08-06
BSCHIBI120523P20230804,2,,,,,,,,,,,,,,,,,,,,,,,,,2023-08-04
BSCHIBI120925P20230918,1,,,,,,,,,,,,,,,,,,,,,,,,,2023-09-18
BSCHIBI121458P20220616,1,,,,,,,,,,,,,,,,,,,,,,,,,2022-06-16
BSCHIBI121554P20230522,1,,,,,,,,,,,,,,,,,,,,,,,,,2023-05-22
BSCHIBI121606P20220915,1,,,,,,,,,,,,,,,,,,,,,,,,,2022-09-15
BSCHIBI121708P20220825,2,,,,,,,,,,,,,,,,,,,,,,,,,2022-08-25
BSCHIBI123004P20231024,1,,,,,,,,,,,,,,,,,,,,,,,,,2023-10-24
BSCHIBI123120P20240401,1,,,,,,,,,,,,,,,,,,,,,,,,,2024-04-01
BSCHIBI123225P20220125,1,,,,,,,,,,,,,,,,,,,,,,,,,2022-01-25
BSCHIBI123236P20240501,1,,,,,,,,,,,,,,,,,,,,,,,,,2024-05-01
BSCHIBI123355P20230622,2,,,,,,,,,,,,,,,,,,,,,,,,,2023-06-22
BSCHIBI123650P20230202,1,,,,,,,,,,,,,,,,,,,,,,,,,2023-02-02
BSCHIBI123654P20230323,1,,,,,,,,,,,,,,,,,,,,,,,,,2023-03-23
BSCHIBI123952P20230608,1,,,,,,,,,,,,,,,,,,,,,,,,,2023-06-08
BSCHIBI124049P20240429,1,,,,,,,,,,,,,,,,,,,,,,,,,2024-04-29
BSCHIBI124056P20220808,1,,,,,,,,,,,,,,,,,,,,,,,,,2022-08-08
BSCHIBI124432P20230112,1,,,,,,,,,,,,,,,,,,,,,,,,,2023-01-12
BSCHIBI124839P20211019,1,,,,,,,,,,,,,,,,,,,,,,,,,2021-10-19
BSCHIBI125105P20230322,1,,,,,,,,,,,,,,,,,,,,,,,,,2023-03-22
BSCHIBI125110P20240806,1,,,,,,,,,,,,,,,,,,,,,,,,,2024-08-06
BSCHIBI125459P20230823,1,,,,,,,,,,,,,,,,,,,,,,,,,2023-08-23
CBOND084952A20240219,1,,,,,,,,,,,,,,,,,,,,,,,,,2024-02-23
CESPADA061657A20220111,1,,,,,,,,,,,,,,,,,,,,,,,,,2022-01-11
CESPADA062859A20210920,1,,,,,,,,,,,,,,,,,,,,,,,,,2021-09-21
CESPADA072758A20210915,1,,,,,,,,,,,,,,,,,,,,,,,,,2021-09-15
CESPADA100136A20220425,1,,,,,,,,,,,,,,,,,,,,,,,,,2022-04-25
CESPADA104111A20211021,1,,,,,,,,,,,,,,,,,,,,,,,,,2021-10-22
CHENION030939P20220613,1,,,,,,,,,,,,,,,,,,,,,,,,,2022-06-13
CHENION044001P20220706,1,,,,,,,,,,,,,,,,,,,,,,,,,2022-07-06
CHENION072136A20220707,1,,,,,,,,,,,,,,,,,,,,,,,,,2022-07-07
CHENION073926A20220526,1,,,,,,,,,,,,,,,,,,,,,,,,,2022-05-26
CHENION074155A20220608,1,,,,,,,,,,,,,,,,,,,,,,,,,2022-06-08
CHENION075328A20220818,1,,,,,,,,,,,,,,,,,,,,,,,,,2022-08-18
CHENION080840A20220718,2,,,,,,,,,,,,,,,,,,,,,,,,,2022-07-18
CHENION080904A20220622,1,,,,,,,,,,,,,,,,,,,,,,,,,2022-06-22
CHENION084353A20220912,1,,,,,,,,,,,,,,,,,,,,,,,,,2022-09-12
CHENION090546A20220718,2,,,,,,,,,,,,,,,,,,,,,,,,,2022-07-18
CHENION091850A20220811,1,,,,,,,,,,,,,,,,,,,,,,,,,2022-08-11
CHENION103735A20211019,1,,,,,,,,,,,,,,,,,,,,,,,,,2021-10-19
CHORDERN092620A20221014,1,,,,,,,,,,,,,,,,,,,,,,,,,2022-10-14
CWHITFORD012927P20221102,1,,,,,,,,,,,,,,,,,,,,,,,,,2022-11-02
CWHITFORD021658P20221115,1,,,,,,,,,,,,,,,,,,,,,,,,,2022-11-15
CWHITFORD022156P20221206,2,,,,,,,,,,,,,,,,,,,,,,,,,2022-12-06
CWHITFORD022321P20220913,1,,,,,,,,,,,,,,,,,,,,,,,,,2022-09-13
CWHITFORD044613P20221022,1,,,,,,,,,,,,,,,,,,,,,,,,,2022-10-23
CWHITFORD074643A20221115,1,,,,,,,,,,,,,,,,,,,,,,,,,2022-11-15
CWHITFORD074648A20221104,1,,,,,,,,,,,,,,,,,,,,,,,,,2022-11-04
CWHITFORD075314A20221230,1,,,,,,,,,,,,,,,,,,,,,,,,,2022-12-30
CWHITFORD075348A20220503,1,,,,,,,,,,,,,,,,,,,,,,,,,2022-05-03
CWHITFORD075744A20220824,1,,,,,,,,,,,,,,,,,,,,,,,,,2022-08-24
CWHITFORD075857A20220224,1,,,,,,,,,,,,,,,,,,,,,,,,,2022-02-24
CWHITFORD080344A20220517,2,,,,,,,,,,,,,,,,,,,,,,,,,2022-05-17
CWHITFORD080840A20230103,1,,,,,,,,,,,,,,,,,,,,,,,,,2023-01-03
CWHITFORD093229A20220912,1,,,,,,,,,,,,,,,,,,,,,,,,,2022-09-12
CWHITFORD094810A20221110,1,,,,,,,,,,,,,,,,,,,,,,,,,2022-11-10
CWHITFORD095000A20220801,2,,,,,,,,,,,,,,,,,,,,,,,,,2022-08-01
CWHITFORD104520A20221103,1,,,,,,,,,,,,,,,,,,,,,,,,,2022-11-03
CWHITFORD105032A20220718,1,,,,,,,,,,,,,,,,,,,,,,,,,2022-07-18
CWHITFORD111426A20220526,1,,,,,,,,,,,,,,,,,,,,,,,,,2022-05-26
CWHITFORD112002A20211112,1,,,,,,,,,,,,,,,,,,,,,,,,,2021-11-12
CWHITFORD112237A20220107,1,,,,,,,,,,,,,,,,,,,,,,,,,2022-01-07
CWHITFORD113529A20211025,1,,,,,,,,,,,,,,,,,,,,,,,,,2021-10-25
CWHITFORD114025A20221021,1,,,,,,,,,,,,,,,,,,,,,,,,,2022-10-21
CWHITFORD120526P20221108,1,,,,,,,,,,,,,,,,,,,,,,,,,2022-11-08
CWHITFORD124946P20220912,1,,,,,,,,,,,,,,,,,,,,,,,,,2022-09-12
DCARBON082428A20220329,1,,,,,,,,,,,,,,,,,,,,,,,,,2022-03-29
DDIAZ064303A20240522,1,,,,,,,,,,,,,,,,,,,,,,,,,2024-05-22
DDIAZ064950A20240521,1,,,,,,,,,,,,,,,,,,,,,,,,,2024-05-21
DDIAZ074410A20220422,1,,,,,,,,,,,,,,,,,,,,,,,,,2022-04-22
DDIAZ111038A20240501,2,,,,,,,,,,,,,,,,,,,,,,,,,2024-05-01
DFRENETTE010034P20240126,1,,,,,,,,,,,,,,,,,,,,,,,,,2024-01-26
DFRENETTE011347P20220830,1,,,,,,,,,,,,,,,,,,,,,,,,,2022-08-30
DFRENETTE011640P20220801,1,,,,,,,,,,,,,,,,,,,,,,,,,2022-08-01
DFRENETTE011703P20230713,1,,,,,,,,,,,,,,,,,,,,,,,,,2023-07-13
DFRENETTE012231P20230522,1,,,,,,,,,,,,,,,,,,,,,,,,,2023-05-22
DFRENETTE012608P20220110,1,,,,,,,,,,,,,,,,,,,,,,,,,2022-01-10
DFRENETTE012711P20220119,1,,,,,,,,,,,,,,,,,,,,,,,,,2022-01-19
DFRENETTE013008P20220803,1,,,,,,,,,,,,,,,,,,,,,,,,,2022-08-03
DFRENETTE014357P20220421,1,,,,,,,,,,,,,,,,,,,,,,,,,2022-04-21
DFRENETTE014936P20220407,1,,,,,,,,,,,,,,,,,,,,,,,,,2022-04-07
DFRENETTE015123P20240327,2,,,,,,,,,,,,,,,,,,,,,,,,,2024-03-27
DFRENETTE020106P20220427,1,,,,,,,,,,,,,,,,,,,,,,,,,2022-04-27
DFRENETTE020333P20220125,1,,,,,,,,,,,,,,,,,,,,,,,,,2022-01-25
DFRENETTE020514P20230616,1,,,,,,,,,,,,,,,,,,,,,,,,,2023-06-16
DFRENETTE022702P20221018,1,,,,,,,,,,,,,,,,,,,,,,,,,2022-10-18
DFRENETTE022712P20211019,1,,,,,,,,,,,,,,,,,,,,,,,,,2021-10-19
DFRENETTE022952P20230913,1,,,,,,,,,,,,,,,,,,,,,,,,,2023-09-13
DFRENETTE023500P20230607,1,,,,,,,,,,,,,,,,,,,,,,,,,2023-06-07
DFRENETTE023606P20230411,1,,,,,,,,,,,,,,,,,,,,,,,,,2023-04-11
DFRENETTE030448P20220405,1,,,,,,,,,,,,,,,,,,,,,,,,,2022-04-05
DFRENETTE061939A20240306,1,,,,,,,,,,,,,,,,,,,,,,,,,2024-03-06
DFRENETTE062315A20240312,1,,,,,,,,,,,,,,,,,,,,,,,,,2024-03-12
DFRENETTE062439A20240717,1,,,,,,,,,,,,,,,,,,,,,,,,,2024-07-17
DFRENETTE062518A20240501,1,,,,,,,,,,,,,,,,,,,,,,,,,2024-05-01
DFRENETTE062800A20240228,1,,,,,,,,,,,,,,,,,,,,,,,,,2024-02-28
DFRENETTE062912A20240221,1,,,,,,,,,,,,,,,,,,,,,,,,,2024-02-21
DFRENETTE062918A20240502,1,,,,,,,,,,,,,,,,,,,,,,,,,2024-05-02
DFRENETTE062955A20231211,1,,,,,,,,,,,,,,,,,,,,,,,,,2023-12-11
DFRENETTE063021A20240909,1,,,,,,,,,,,,,,,,,,,,,,,,,2024-09-09
DFRENETTE063102A20240830,1,,,,,,,,,,,,,,,,,,,,,,,,,2024-08-30
DFRENETTE063125A20230725,1,,,,,,,,,,,,,,,,,,,,,,,,,2023-07-25
DFRENETTE063133A20230612,1,,,,,,,,,,,,,,,,,,,,,,,,,2023-06-12
DFRENETTE063207A20240712,1,,,,,,,,,,,,,,,,,,,,,,,,,2024-07-12
DFRENETTE063232A20240503,1,,,,,,,,,,,,,,,,,,,,,,,,,2024-05-03
DFRENETTE063236A20230815,1,,,,,,,,,,,,,,,,,,,,,,,,,2023-08-15
DFRENETTE063334A20230515,1,,,,,,,,,,,,,,,,,,,,,,,,,2023-05-15
DFRENETTE063346A20231031,1,,,,,,,,,,,,,,,,,,,,,,,,,2023-10-31
DFRENETTE063405A20221206,1,,,,,,,,,,,,,,,,,,,,,,,,,2022-12-06
DFRENETTE063452A20240923,1,,,,,,,,,,,,,,,,,,,,,,,,,2024-09-23
DFRENETTE063519A20230828,1,,,,,,,,,,,,,,,,,,,,,,,,,2023-08-28
DFRENETTE063529A20240912,1,,,,,,,,,,,,,,,,,,,,,,,,,2024-09-12
DFRENETTE063538A20230728,1,,,,,,,,,,,,,,,,,,,,,,,,,2023-07-28
DFRENETTE063548A20231108,1,,,,,,,,,,,,,,,,,,,,,,,,,2023-11-08
DFRENETTE063614A20240327,1,,,,,,,,,,,,,,,,,,,,,,,,,2024-03-27
DFRENETTE063635A20230601,1,,,,,,,,,,,,,,,,,,,,,,,,,2023-06-01
DFRENETTE063646A20240604,1,,,,,,,,,,,,,,,,,,,,,,,,,2024-06-04
DFRENETTE063740A20230921,2,,,,,,,,,,,,,,,,,,,,,,,,,2023-09-21
DFRENETTE063746A20230925,2,,,,,,,,,,,,,,,,,,,,,,,,,2023-09-25
DFRENETTE063832A20240422,1,,,,,,,,,,,,,,,,,,,,,,,,,2024-04-22
DFRENETTE063943A20230622,1,,,,,,,,,,,,,,,,,,,,,,,,,2023-06-22
DFRENETTE063957A20230712,1,,,,,,,,,,,,,,,,,,,,,,,,,2023-07-12
DFRENETTE064007A20240405,1,,,,,,,,,,,,,,,,,,,,,,,,,2024-04-05
DFRENETTE064027A20240729,1,,,,,,,,,,,,,,,,,,,,,,,,,2024-07-29
DFRENETTE064035A20230920,1,,,,,,,,,,,,,,,,,,,,,,,,,2023-09-20
DFRENETTE064115A20231204,1,,,,,,,,,,,,,,,,,,,,,,,,,2023-12-04
DFRENETTE064132A20231012,3,,,,,,,,,,,,,,,,,,,,,,,,,2023-10-12
DFRENETTE064357A20240125,1,,,,,,,,,,,,,,,,,,,,,,,,,2024-01-25
DFRENETTE064405A20230927,2,,,,,,,,,,,,,,,,,,,,,,,,,2023-09-27
DFRENETTE064436A20230922,2,,,,,,,,,,,,,,,,,,,,,,,,,2023-09-22
DFRENETTE064441A20240814,1,,,,,,,,,,,,,,,,,,,,,,,,,2024-08-14
DFRENETTE064523A20221024,1,,,,,,,,,,,,,,,,,,,,,,,,,2022-10-24
DFRENETTE064616A20231002,2,,,,,,,,,,,,,,,,,,,,,,,,,2023-10-02
DFRENETTE064643A20230928,2,,,,,,,,,,,,,,,,,,,,,,,,,2023-09-28
DFRENETTE064828A20231011,2,,,,,,,,,,,,,,,,,,,,,,,,,2023-10-11
DFRENETTE064921A20231003,2,,,,,,,,,,,,,,,,,,,,,,,,,2023-10-03
DFRENETTE064950A20240119,1,,,,,,,,,,,,,,,,,,,,,,,,,2024-01-19
DFRENETTE064952A20230522,1,,,,,,,,,,,,,,,,,,,,,,,,,2023-05-22
DFRENETTE065001A20230629,1,,,,,,,,,,,,,,,,,,,,,,,,,2023-06-29
DFRENETTE065105A20230131,1,,,,,,,,,,,,,,,,,,,,,,,,,2023-01-31
DFRENETTE065121A20231024,1,,,,,,,,,,,,,,,,,,,,,,,,,2023-10-24
DFRENETTE065221A20230112,1,,,,,,,,,,,,,,,,,,,,,,,,,2023-01-12
DFRENETTE065233A20231004,2,,,,,,,,,,,,,,,,,,,,,,,,,2023-10-04
DFRENETTE065238A20221213,1,,,,,,,,,,,,,,,,,,,,,,,,,2022-12-13
DFRENETTE065338A20240708,1,,,,,,,,,,,,,,,,,,,,,,,,,2024-07-08
DFRENETTE065420A20220920,1,,,,,,,,,,,,,,,,,,,,,,,,,2022-09-20
DFRENETTE065421A20230306,1,,,,,,,,,,,,,,,,,,,,,,,,,2023-03-06
DFRENETTE065431A20231006,2,,,,,,,,,,,,,,,,,,,,,,,,,2023-10-06
DFRENETTE065439A20221103,1,,,,,,,,,,,,,,,,,,,,,,,,,2022-11-03
DFRENETTE065503A20231009,3,,,,,,,,,,,,,,,,,,,,,,,,,2023-10-09
DFRENETTE065512A20220915,1,,,,,,,,,,,,,,,,,,,,,,,,,2022-09-15
DFRENETTE065536A20230119,1,,,,,,,,,,,,,,,,,,,,,,,,,2023-01-19
DFRENETTE065603A20220921,1,,,,,,,,,,,,,,,,,,,,,,,,,2022-09-21
DFRENETTE065649A20230724,1,,,,,,,,,,,,,,,,,,,,,,,,,2023-07-24
DFRENETTE065745A20230512,1,,,,,,,,,,,,,,,,,,,,,,,,,2023-05-12
DFRENETTE065839A20220908,1,,,,,,,,,,,,,,,,,,,,,,,,,2022-09-08
DFRENETTE070539A20220701,1,,,,,,,,,,,,,,,,,,,,,,,,,2022-07-01
DFRENETTE070656A20220919,1,,,,,,,,,,,,,,,,,,,,,,,,,2022-09-19
DFRENETTE070749A20230810,1,,,,,,,,,,,,,,,,,,,,,,,,,2023-08-10
DFRENETTE071058A20230801,2,,,,,,,,,,,,,,,,,,,,,,,,,2023-08-01
DFRENETTE071441A20220511,1,,,,,,,,,,,,,,,,,,,,,,,,,2022-05-11
DFRENETTE071519A20220802,1,,,,,,,,,,,,,,,,,,,,,,,,,2022-08-02
DFRENETTE071933A20220812,2,,,,,,,,,,,,,,,,,,,,,,,,,2022-08-12
DFRENETTE072141A20230720,1,,,,,,,,,,,,,,,,,,,,,,,,,2023-07-20
DFRENETTE072335A20220727,1,,,,,,,,,,,,,,,,,,,,,,,,,2022-07-27
DFRENETTE072411A20220513,1,,,,,,,,,,,,,,,,,,,,,,,,,2022-05-13
DFRENETTE072451A20220303,1,,,,,,,,,,,,,,,,,,,,,,,,,2022-03-03
DFRENETTE072452A20230630,1,,,,,,,,,,,,,,,,,,,,,,,,,2023-06-30
DFRENETTE072458A20221222,1,,,,,,,,,,,,,,,,,,,,,,,,,2022-12-22
DFRENETTE072601A20221219,1,,,,,,,,,,,,,,,,,,,,,,,,,2022-12-19
DFRENETTE072633A20220629,1,,,,,,,,,,,,,,,,,,,,,,,,,2022-06-29
DFRENETTE073020A20220512,1,,,,,,,,,,,,,,,,,,,,,,,,,2022-05-12
DFRENETTE073302A20220407,1,,,,,,,,,,,,,,,,,,,,,,,,,2022-04-07
DFRENETTE073435A20220618,1,,,,,,,,,,,,,,,,,,,,,,,,,2022-06-18
DFRENETTE073606A20220406,2,,,,,,,,,,,,,,,,,,,,,,,,,2022-04-06
DFRENETTE073717A20230426,1,,,,,,,,,,,,,,,,,,,,,,,,,2023-04-26
DFRENETTE073721A20220223,1,,,,,,,,,,,,,,,,,,,,,,,,,2022-02-23
DFRENETTE073914A20220628,1,,,,,,,,,,,,,,,,,,,,,,,,,2022-06-28
DFRENETTE074252A20210928,1,,,,,,,,,,,,,,,,,,,,,,,,,2021-09-28
DFRENETTE074328A20220517,1,,,,,,,,,,,,,,,,,,,,,,,,,2022-05-17
DFRENETTE074811A20220502,1,,,,,,,,,,,,,,,,,,,,,,,,,2022-05-02
DFRENETTE074939A20220209,1,,,,,,,,,,,,,,,,,,,,,,,,,2022-02-09
DFRENETTE075140A20220111,1,,,,,,,,,,,,,,,,,,,,,,,,,2022-01-11
DFRENETTE075846A20211013,1,,,,,,,,,,,,,,,,,,,,,,,,,2021-10-13
DFRENETTE080100A20220505,1,,,,,,,,,,,,,,,,,,,,,,,,,2022-05-05
DFRENETTE080556A20211008,1,,,,,,,,,,,,,,,,,,,,,,,,,2021-10-08
DFRENETTE080934A20221011,1,,,,,,,,,,,,,,,,,,,,,,,,,2022-10-11
DFRENETTE081530A20231103,2,,,,,,,,,,,,,,,,,,,,,,,,,2023-11-03
DFRENETTE081648A20220723,1,,,,,,,,,,,,,,,,,,,,,,,,,2022-07-23
DFRENETTE082022A20211118,1,,,,,,,,,,,,,,,,,,,,,,,,,2021-11-18
DFRENETTE082115A20240208,1,,,,,,,,,,,,,,,,,,,,,,,,,2024-02-08
DFRENETTE082813A20230711,1,,,,,,,,,,,,,,,,,,,,,,,,,2023-07-11
DFRENETTE083310A20220818,1,,,,,,,,,,,,,,,,,,,,,,,,,2022-08-18
DFRENETTE084314A20230519,1,,,,,,,,,,,,,,,,,,,,,,,,,2023-05-19
DFRENETTE085325A20230620,1,,,,,,,,,,,,,,,,,,,,,,,,,2023-06-20
DFRENETTE085717A20220604,1,,,,,,,,,,,,,,,,,,,,,,,,,2022-06-04
DFRENETTE085825A20230531,1,,,,,,,,,,,,,,,,,,,,,,,,,2023-05-31
DFRENETTE085908A20220622,1,,,,,,,,,,,,,,,,,,,,,,,,,2022-06-22
DFRENETTE090249A20230809,1,,,,,,,,,,,,,,,,,,,,,,,,,2023-08-09
DFRENETTE090342A20210929,1,,,,,,,,,,,,,,,,,,,,,,,,,2021-09-29
DFRENETTE090430A20220422,1,,,,,,,,,,,,,,,,,,,,,,,,,2022-04-22
DFRENETTE090910A20220428,1,,,,,,,,,,,,,,,,,,,,,,,,,2022-04-28
DFRENETTE091530A20220715,1,,,,,,,,,,,,,,,,,,,,,,,,,2022-07-15
DFRENETTE091532A20221010,1,,,,,,,,,,,,,,,,,,,,,,,,,2022-10-10
DFRENETTE091554A20230414,1,,,,,,,,,,,,,,,,,,,,,,,,,2023-04-14
DFRENETTE091651A20220811,1,,,,,,,,,,,,,,,,,,,,,,,,,2022-08-11
DFRENETTE091938A20220711,1,,,,,,,,,,,,,,,,,,,,,,,,,2022-07-11
DFRENETTE092050A20240207,2,,,,,,,,,,,,,,,,,,,,,,,,,2024-02-07
DFRENETTE092215A20220630,1,,,,,,,,,,,,,,,,,,,,,,,,,2022-06-30
DFRENETTE092223A20240513,1,,,,,,,,,,,,,,,,,,,,,,,,,2024-05-13
DFRENETTE092447A20230823,2,,,,,,,,,,,,,,,,,,,,,,,,,2023-08-23
DFRENETTE092509A20221004,1,,,,,,,,,,,,,,,,,,,,,,,,,2022-10-04
DFRENETTE092629A20230929,2,,,,,,,,,,,,,,,,,,,,,,,,,2023-09-29
DFRENETTE092738A20240530,1,,,,,,,,,,,,,,,,,,,,,,,,,2024-05-30
DFRENETTE093244A20230306,1,,,,,,,,,,,,,,,,,,,,,,,,,2023-03-06
DFRENETTE093610A20230613,2,,,,,,,,,,,,,,,,,,,,,,,,,2023-06-13
DFRENETTE093900A20220713,1,,,,,,,,,,,,,,,,,,,,,,,,,2022-07-13
DFRENETTE094024A20220613,1,,,,,,,,,,,,,,,,,,,,,,,,,2022-06-13
DFRENETTE094153A20240318,2,,,,,,,,,,,,,,,,,,,,,,,,,2024-03-18
DFRENETTE094206A20230217,1,,,,,,,,,,,,,,,,,,,,,,,,,2023-02-17
DFRENETTE094410A20220104,1,,,,,,,,,,,,,,,,,,,,,,,,,2022-01-04
DFRENETTE094422A20220125,1,,,,,,,,,,,,,,,,,,,,,,,,,2022-01-25
DFRENETTE094600A20230831,1,,,,,,,,,,,,,,,,,,,,,,,,,2023-08-31
DFRENETTE095006A20230209,1,,,,,,,,,,,,,,,,,,,,,,,,,2023-02-09
DFRENETTE095037A20230802,1,,,,,,,,,,,,,,,,,,,,,,,,,2023-08-02
DFRENETTE095542A20230509,1,,,,,,,,,,,,,,,,,,,,,,,,,2023-05-09
DFRENETTE100757A20221019,1,,,,,,,,,,,,,,,,,,,,,,,,,2022-10-19
DFRENETTE100822A20221103,1,,,,,,,,,,,,,,,,,,,,,,,,,2022-11-03
DFRENETTE100839A20220509,1,,,,,,,,,,,,,,,,,,,,,,,,,2022-05-09
DFRENETTE100934A20231207,1,,,,,,,,,,,,,,,,,,,,,,,,,2023-12-07
DFRENETTE101124A20230906,2,,,,,,,,,,,,,,,,,,,,,,,,,2023-09-06
DFRENETTE101213A20230505,1,,,,,,,,,,,,,,,,,,,,,,,,,2023-05-05
DFRENETTE101345A20220809,1,,,,,,,,,,,,,,,,,,,,,,,,,2022-08-09
DFRENETTE101727A20221229,1,,,,,,,,,,,,,,,,,,,,,,,,,2022-12-29
DFRENETTE101738A20240305,1,,,,,,,,,,,,,,,,,,,,,,,,,2024-03-05
DFRENETTE102257A20220329,1,,,,,,,,,,,,,,,,,,,,,,,,,2022-03-29
DFRENETTE102430A20220919,1,,,,,,,,,,,,,,,,,,,,,,,,,2022-09-19
DFRENETTE102910A20230710,1,,,,,,,,,,,,,,,,,,,,,,,,,2023-07-10
DFRENETTE102913A20231120,1,,,,,,,,,,,,,,,,,,,,,,,,,2023-11-20
DFRENETTE103216A20240426,1,,,,,,,,,,,,,,,,,,,,,,,,,2024-04-26
DFRENETTE103445A20211124,1,,,,,,,,,,,,,,,,,,,,,,,,,2021-11-24
DFRENETTE103618A20230718,1,,,,,,,,,,,,,,,,,,,,,,,,,2023-07-18
DFRENETTE104618A20240307,1,,,,,,,,,,,,,,,,,,,,,,,,,2024-03-07
DFRENETTE104826A20230315,1,,,,,,,,,,,,,,,,,,,,,,,,,2023-03-15
DFRENETTE104948A20230322,1,,,,,,,,,,,,,,,,,,,,,,,,,2023-03-22
DFRENETTE105359A20240404,1,,,,,,,,,,,,,,,,,,,,,,,,,2024-04-04
DFRENETTE105630A20220602,1,,,,,,,,,,,,,,,,,,,,,,,,,2022-06-02
DFRENETTE105644A20231117,1,,,,,,,,,,,,,,,,,,,,,,,,,2023-11-17
DFRENETTE105958A20220408,2,,,,,,,,,,,,,,,,,,,,,,,,,2022-04-08
DFRENETTE110030A20220405,1,,,,,,,,,,,,,,,,,,,,,,,,,2022-04-05
DFRENETTE110047A20221101,1,,,,,,,,,,,,,,,,,,,,,,,,,2022-11-01
DFRENETTE110313A20211221,1,,,,,,,,,,,,,,,,,,,,,,,,,2021-12-21
DFRENETTE110343A20231121,1,,,,,,,,,,,,,,,,,,,,,,,,,2023-11-21
DFRENETTE110418A20230111,1,,,,,,,,,,,,,,,,,,,,,,,,,2023-01-11
DFRENETTE110914A20231122,1,,,,,,,,,,,,,,,,,,,,,,,,,2023-11-22
DFRENETTE111124A20240316,1,,,,,,,,,,,,,,,,,,,,,,,,,2024-03-16
DFRENETTE111618A20220725,1,,,,,,,,,,,,,,,,,,,,,,,,,2022-07-25
DFRENETTE112252A20220420,2,,,,,,,,,,,,,,,,,,,,,,,,,2022-04-20
DFRENETTE112305A20230526,1,,,,,,,,,,,,,,,,,,,,,,,,,2023-05-26
DFRENETTE112802A20230317,1,,,,,,,,,,,,,,,,,,,,,,,,,2023-03-17
DFRENETTE114244A20221007,1,,,,,,,,,,,,,,,,,,,,,,,,,2022-10-07
DFRENETTE114621A20240924,1,,,,,,,,,,,,,,,,,,,,,,,,,2024-09-24
DFRENETTE114639A20230216,1,,,,,,,,,,,,,,,,,,,,,,,,,2023-02-16
DFRENETTE115721A20240212,1,,,,,,,,,,,,,,,,,,,,,,,,,2024-02-12
DFRENETTE120516P20220829,1,,,,,,,,,,,,,,,,,,,,,,,,,2022-08-29
DFRENETTE121603P20240923,1,,,,,,,,,,,,,,,,,,,,,,,,,2024-09-23
DFRENETTE121641P20220805,1,,,,,,,,,,,,,,,,,,,,,,,,,2022-08-05
DFRENETTE122310P20220209,1,,,,,,,,,,,,,,,,,,,,,,,,,2022-02-09
DFRENETTE122407P20240401,1,,,,,,,,,,,,,,,,,,,,,,,,,2024-04-01
DFRENETTE123538P20240725,1,,,,,,,,,,,,,,,,,,,,,,,,,2024-07-25
DFRENETTE124902P20220928,1,,,,,,,,,,,,,,,,,,,,,,,,,2022-09-28
DFRENETTE125111P20230518,1,,,,,,,,,,,,,,,,,,,,,,,,,2023-05-18
DPAINE021031P20220919,1,,,,,,,,,,,,,,,,,,,,,,,,,2022-09-19
DPAINE051528A20220603,1,,,,,,,,,,,,,,,,,,,,,,,,,2022-06-03
DPAINE053254A20211130,2,,,,,,,,,,,,,,,,,,,,,,,,,2021-11-30
DPAINE053949A20221031,1,,,,,,,,,,,,,,,,,,,,,,,,,2022-10-31
DPAINE054658A20220214,2,,,,,,,,,,,,,,,,,,,,,,,,,2022-02-14
DPAINE055443A20221129,1,,,,,,,,,,,,,,,,,,,,,,,,,2022-11-29
DPAINE060025A20221028,1,,,,,,,,,,,,,,,,,,,,,,,,,2022-10-28
DPAINE060030A20221111,1,,,,,,,,,,,,,,,,,,,,,,,,,2022-11-11
DPAINE060124A20220922,1,,,,,,,,,,,,,,,,,,,,,,,,,2022-09-22
DPAINE060236A20221027,1,,,,,,,,,,,,,,,,,,,,,,,,,2022-10-27
DPAINE060326A20221118,1,,,,,,,,,,,,,,,,,,,,,,,,,2022-11-18
DPAINE060337A20221025,1,,,,,,,,,,,,,,,,,,,,,,,,,2022-10-25
DPAINE060342A20221004,1,,,,,,,,,,,,,,,,,,,,,,,,,2022-10-04
DPAINE060355A20221115,1,,,,,,,,,,,,,,,,,,,,,,,,,2022-11-15
DPAINE060535A20221110,1,,,,,,,,,,,,,,,,,,,,,,,,,2022-11-10
DPAINE060624A20221208,1,,,,,,,,,,,,,,,,,,,,,,,,,2022-12-08
DPAINE060627A20221114,1,,,,,,,,,,,,,,,,,,,,,,,,,2022-11-14
DPAINE060635A20220923,1,,,,,,,,,,,,,,,,,,,,,,,,,2022-09-23
DPAINE060654A20221206,1,,,,,,,,,,,,,,,,,,,,,,,,,2022-12-06
DPAINE060913A20220720,1,,,,,,,,,,,,,,,,,,,,,,,,,2022-07-20
DPAINE061019A20221212,1,,,,,,,,,,,,,,,,,,,,,,,,,2022-12-12
DPAINE061057A20221107,1,,,,,,,,,,,,,,,,,,,,,,,,,2022-11-07
DPAINE061135A20221108,1,,,,,,,,,,,,,,,,,,,,,,,,,2022-11-08
DPAINE061340A20220830,1,,,,,,,,,,,,,,,,,,,,,,,,,2022-08-30
DPAINE061412A20220302,2,,,,,,,,,,,,,,,,,,,,,,,,,2022-03-02
DPAINE061419A20220902,1,,,,,,,,,,,,,,,,,,,,,,,,,2022-09-02
DPAINE061445A20220218,2,,,,,,,,,,,,,,,,,,,,,,,,,2022-02-18
DPAINE062007A20220927,1,,,,,,,,,,,,,,,,,,,,,,,,,2022-09-27
DPAINE062115A20220812,1,,,,,,,,,,,,,,,,,,,,,,,,,2022-08-12
DPAINE062624A20220729,1,,,,,,,,,,,,,,,,,,,,,,,,,2022-07-29
DPAINE062936A20220926,1,,,,,,,,,,,,,,,,,,,,,,,,,2022-09-26
DPAINE063003A20220810,1,,,,,,,,,,,,,,,,,,,,,,,,,2022-08-10
DPAINE063400A20220921,1,,,,,,,,,,,,,,,,,,,,,,,,,2022-09-21
DPAINE063442A20211112,1,,,,,,,,,,,,,,,,,,,,,,,,,2021-11-12
DPAINE063459A20221112,1,,,,,,,,,,,,,,,,,,,,,,,,,2022-11-12
DPAINE063539A20220712,1,,,,,,,,,,,,,,,,,,,,,,,,,2022-07-12
DPAINE063741A20220815,1,,,,,,,,,,,,,,,,,,,,,,,,,2022-08-15
DPAINE063942A20220811,1,,,,,,,,,,,,,,,,,,,,,,,,,2022-08-11
DPAINE064129A20220617,2,,,,,,,,,,,,,,,,,,,,,,,,,2022-06-17
DPAINE064344A20220316,2,,,,,,,,,,,,,,,,,,,,,,,,,2022-03-16
DPAINE064453A20220817,1,,,,,,,,,,,,,,,,,,,,,,,,,2022-08-17
DPAINE064922A20221207,1,,,,,,,,,,,,,,,,,,,,,,,,,2022-12-07
DPAINE065235A20221013,1,,,,,,,,,,,,,,,,,,,,,,,,,2022-10-13
DPAINE065245A20220222,2,,,,,,,,,,,,,,,,,,,,,,,,,2022-02-22
DPAINE065613A20220321,2,,,,,,,,,,,,,,,,,,,,,,,,,2022-03-21
DPAINE065845A20220314,2,,,,,,,,,,,,,,,,,,,,,,,,,2022-03-14
DPAINE070312A20220804,1,,,,,,,,,,,,,,,,,,,,,,,,,2022-08-04
DPAINE070458A20220824,1,,,,,,,,,,,,,,,,,,,,,,,,,2022-08-24
DPAINE070514A20220825,1,,,,,,,,,,,,,,,,,,,,,,,,,2022-08-25
DPAINE070544A20220209,2,,,,,,,,,,,,,,,,,,,,,,,,,2022-02-09
DPAINE070551A20220303,2,,,,,,,,,,,,,,,,,,,,,,,,,2022-03-03
DPAINE070612A20220318,2,,,,,,,,,,,,,,,,,,,,,,,,,2022-03-18
DPAINE070657A20220323,2,,,,,,,,,,,,,,,,,,,,,,,,,2022-03-23
DPAINE070852A20220304,2,,,,,,,,,,,,,,,,,,,,,,,,,2022-03-04
DPAINE071029A20220328,2,,,,,,,,,,,,,,,,,,,,,,,,,2022-03-28
DPAINE071301A20220211,2,,,,,,,,,,,,,,,,,,,,,,,,,2022-02-11
DPAINE071342A20220606,2,,,,,,,,,,,,,,,,,,,,,,,,,2022-06-06
DPAINE071530A20221024,1,,,,,,,,,,,,,,,,,,,,,,,,,2022-10-24
DPAINE071738A20220224,2,,,,,,,,,,,,,,,,,,,,,,,,,2022-02-24
DPAINE072307A20220223,2,,,,,,,,,,,,,,,,,,,,,,,,,2022-02-23
DPAINE072456A20220818,1,,,,,,,,,,,,,,,,,,,,,,,,,2022-08-18
DPAINE074637A20220309,2,,,,,,,,,,,,,,,,,,,,,,,,,2022-03-09
DPAINE075103A20221010,1,,,,,,,,,,,,,,,,,,,,,,,,,2022-10-10
DPAINE082024A20220210,2,,,,,,,,,,,,,,,,,,,,,,,,,2022-02-10
DPAINE082647A20220228,2,,,,,,,,,,,,,,,,,,,,,,,,,2022-02-28
DPAINE083339A20220603,2,,,,,,,,,,,,,,,,,,,,,,,,,2022-06-03
DPAINE083737A20221012,1,,,,,,,,,,,,,,,,,,,,,,,,,2022-10-12
DPAINE084551A20211222,2,,,,,,,,,,,,,,,,,,,,,,,,,2021-12-22
DPAINE090652A20220822,1,,,,,,,,,,,,,,,,,,,,,,,,,2022-08-22
DPAINE091954A20221130,1,,,,,,,,,,,,,,,,,,,,,,,,,2022-11-30
DPAINE092645A20220906,1,,,,,,,,,,,,,,,,,,,,,,,,,2022-09-06
DPAINE093109A20221116,1,,,,,,,,,,,,,,,,,,,,,,,,,2022-11-16
DPAINE093703A20211123,2,,,,,,,,,,,,,,,,,,,,,,,,,2021-11-23
DPAINE095740A20220519,1,,,,,,,,,,,,,,,,,,,,,,,,,2022-05-19
DPAINE100732A20221003,1,,,,,,,,,,,,,,,,,,,,,,,,,2022-10-03
DPAINE101536A20221021,1,,,,,,,,,,,,,,,,,,,,,,,,,2022-10-21
DPAINE103437A20221024,2,,,,,,,,,,,,,,,,,,,,,,,,,2022-10-24
DPAINE104723A20220418,2,,,,,,,,,,,,,,,,,,,,,,,,,2022-04-18
DPAINE105624A20221209,1,,,,,,,,,,,,,,,,,,,,,,,,,2022-12-09
DPAINE113103A20220909,1,,,,,,,,,,,,,,,,,,,,,,,,,2022-09-09
DSIKORA070107A20240105,2,,,,,,,,,,,,,,,,,,,,,,,,,2024-01-05
DSIKORA070145A20240103,2,,,,,,,,,,,,,,,,,,,,,,,,,2024-01-03
DSIKORA083747A20231204,1,,,,,,,,,,,,,,,,,,,,,,,,,2023-12-05
FLEONARDO072615A20230323,1,,,,,,,,,,,,,,,,,,,,,,,,,2023-03-24
FLEONARDO075738A20231214,1,,,,,,,,,,,,,,,,,,,,,,,,,2023-12-15
FLEONARDO080552A20220922,2,,,,,,,,,,,,,,,,,,,,,,,,,2022-09-23
GMAC020342P20220812,1,,,,,,,,,,,,,,,,,,,,,,,,,2022-08-12
GMAC022036P20220819,1,,,,,,,,,,,,,,,,,,,,,,,,,2022-08-19
GMAC023652P20230421,1,,,,,,,,,,,,,,,,,,,,,,,,,2023-04-21
GMAC074829A20220920,1,,,,,,,,,,,,,,,,,,,,,,,,,2022-09-20
GMAC075507A20221228,1,,,,,,,,,,,,,,,,,,,,,,,,,2022-12-28
GMAC075553A20220921,1,,,,,,,,,,,,,,,,,,,,,,,,,2022-09-21
GMAC075604A20220426,1,,,,,,,,,,,,,,,,,,,,,,,,,2022-04-26
GMAC075617A20230111,1,,,,,,,,,,,,,,,,,,,,,,,,,2023-01-11
GMAC075620A20220222,1,,,,,,,,,,,,,,,,,,,,,,,,,2022-02-22
GMAC075621A20221121,1,,,,,,,,,,,,,,,,,,,,,,,,,2022-11-21
GMAC075640A20220713,1,,,,,,,,,,,,,,,,,,,,,,,,,2022-07-13
GMAC075658A20221219,1,,,,,,,,,,,,,,,,,,,,,,,,,2022-12-19
GMAC075721A20221214,1,,,,,,,,,,,,,,,,,,,,,,,,,2022-12-14
GMAC075731A20220927,1,,,,,,,,,,,,,,,,,,,,,,,,,2022-09-27
GMAC075739A20221111,1,,,,,,,,,,,,,,,,,,,,,,,,,2022-11-11
GMAC075742A20220913,1,,,,,,,,,,,,,,,,,,,,,,,,,2022-09-13
GMAC075742A20221213,1,,,,,,,,,,,,,,,,,,,,,,,,,2022-12-13
GMAC075744A20230427,1,,,,,,,,,,,,,,,,,,,,,,,,,2023-04-27
GMAC075749A20220407,2,,,,,,,,,,,,,,,,,,,,,,,,,2022-04-07
GMAC075759A20220412,1,,,,,,,,,,,,,,,,,,,,,,,,,2022-04-12
GMAC075805A20230209,1,,,,,,,,,,,,,,,,,,,,,,,,,2023-02-09
GMAC075808A20230505,1,,,,,,,,,,,,,,,,,,,,,,,,,2023-05-05
GMAC075809A20230504,1,,,,,,,,,,,,,,,,,,,,,,,,,2023-05-04
GMAC075810A20220504,1,,,,,,,,,,,,,,,,,,,,,,,,,2022-05-04
GMAC075824A20220901,1,,,,,,,,,,,,,,,,,,,,,,,,,2022-09-01
GMAC075834A20231013,1,,,,,,,,,,,,,,,,,,,,,,,,,2023-10-13
GMAC075843A20221222,1,,,,,,,,,,,,,,,,,,,,,,,,,2022-12-22
GMAC075847A20230223,1,,,,,,,,,,,,,,,,,,,,,,,,,2023-02-23
GMAC075851A20220830,1,,,,,,,,,,,,,,,,,,,,,,,,,2022-08-30
GMAC075917A20221011,1,,,,,,,,,,,,,,,,,,,,,,,,,2022-10-11
GMAC075926A20220831,1,,,,,,,,,,,,,,,,,,,,,,,,,2022-08-31
GMAC075928A20220420,1,,,,,,,,,,,,,,,,,,,,,,,,,2022-04-20
GMAC075939A20221020,2,,,,,,,,,,,,,,,,,,,,,,,,,2022-10-20
GMAC075944A20221114,1,,,,,,,,,,,,,,,,,,,,,,,,,2022-11-14
GMAC075944A20230419,1,,,,,,,,,,,,,,,,,,,,,,,,,2023-04-19
GMAC075945A20220829,1,,,,,,,,,,,,,,,,,,,,,,,,,2022-08-29
GMAC075946A20230920,1,,,,,,,,,,,,,,,,,,,,,,,,,2023-09-20
GMAC075954A20221116,1,,,,,,,,,,,,,,,,,,,,,,,,,2022-11-16
GMAC075956A20220825,1,,,,,,,,,,,,,,,,,,,,,,,,,2022-08-25
GMAC075958A20220318,1,,,,,,,,,,,,,,,,,,,,,,,,,2022-03-18
GMAC080002A20230816,1,,,,,,,,,,,,,,,,,,,,,,,,,2023-08-16
GMAC080003A20230130,1,,,,,,,,,,,,,,,,,,,,,,,,,2023-01-30
GMAC080005A20230321,1,,,,,,,,,,,,,,,,,,,,,,,,,2023-03-21
GMAC080012A20220805,1,,,,,,,,,,,,,,,,,,,,,,,,,2022-08-05
GMAC080013A20230131,1,,,,,,,,,,,,,,,,,,,,,,,,,2023-01-31
GMAC080025A20220323,1,,,,,,,,,,,,,,,,,,,,,,,,,2022-03-23
GMAC080105A20231106,1,,,,,,,,,,,,,,,,,,,,,,,,,2023-11-06
GMAC080115A20230403,1,,,,,,,,,,,,,,,,,,,,,,,,,2023-04-03
GMAC080122A20221005,1,,,,,,,,,,,,,,,,,,,,,,,,,2022-10-05
GMAC080130A20230105,1,,,,,,,,,,,,,,,,,,,,,,,,,2023-01-05
GMAC080136A20220809,1,,,,,,,,,,,,,,,,,,,,,,,,,2022-08-09
GMAC080145A20221102,1,,,,,,,,,,,,,,,,,,,,,,,,,2022-11-02
GMAC080226A20230227,1,,,,,,,,,,,,,,,,,,,,,,,,,2023-02-27
GMAC080229A20230612,2,,,,,,,,,,,,,,,,,,,,,,,,,2023-06-12
GMAC080230A20221019,1,,,,,,,,,,,,,,,,,,,,,,,,,2022-10-19
GMAC080232A20230412,1,,,,,,,,,,,,,,,,,,,,,,,,,2023-04-12
GMAC080313A20220105,1,,,,,,,,,,,,,,,,,,,,,,,,,2022-01-05
GMAC080327A20231114,1,,,,,,,,,,,,,,,,,,,,,,,,,2023-11-14
GMAC080411A20221230,2,,,,,,,,,,,,,,,,,,,,,,,,,2022-12-30
GMAC080443A20220119,1,,,,,,,,,,,,,,,,,,,,,,,,,2022-01-19
GMAC080445A20221115,1,,,,,,,,,,,,,,,,,,,,,,,,,2022-11-15
GMAC080643A20220120,1,,,,,,,,,,,,,,,,,,,,,,,,,2022-01-20
GMAC080728A20220609,1,,,,,,,,,,,,,,,,,,,,,,,,,2022-06-09
GMAC080801A20210928,1,,,,,,,,,,,,,,,,,,,,,,,,,2021-09-28
GMAC080952A20220812,1,,,,,,,,,,,,,,,,,,,,,,,,,2022-08-12
GMAC081251A20210917,1,,,,,,,,,,,,,,,,,,,,,,,,,2021-09-17
GMAC082112A20220616,1,,,,,,,,,,,,,,,,,,,,,,,,,2022-06-16
GMAC083136A20220916,1,,,,,,,,,,,,,,,,,,,,,,,,,2022-09-16
GMAC085043A20220217,1,,,,,,,,,,,,,,,,,,,,,,,,,2022-02-17
GMAC093835A20230105,1,,,,,,,,,,,,,,,,,,,,,,,,,2023-01-05
GMAC102602A20220622,1,,,,,,,,,,,,,,,,,,,,,,,,,2022-06-22
GMAC102938A20220718,2,,,,,,,,,,,,,,,,,,,,,,,,,2022-07-18
GMAC103119A20230615,1,,,,,,,,,,,,,,,,,,,,,,,,,2023-06-15
GMAC105239A20230131,1,,,,,,,,,,,,,,,,,,,,,,,,,2023-01-31
GMAC110021A20230113,1,,,,,,,,,,,,,,,,,,,,,,,,,2023-01-13
GMAC110605A20220930,1,,,,,,,,,,,,,,,,,,,,,,,,,2022-09-30
GMAC113836A20220221,2,,,,,,,,,,,,,,,,,,,,,,,,,2022-02-21
GMAC114131A20230206,1,,,,,,,,,,,,,,,,,,,,,,,,,2023-02-06
GMAC114206A20220623,1,,,,,,,,,,,,,,,,,,,,,,,,,2022-06-23
GMAC115357A20210929,1,,,,,,,,,,,,,,,,,,,,,,,,,2021-09-29
GMAC115439A20230214,1,,,,,,,,,,,,,,,,,,,,,,,,,2023-02-14
GMAC123617P20220808,1,,,,,,,,,,,,,,,,,,,,,,,,,2022-08-08
GMAC123919P20230309,1,,,,,,,,,,,,,,,,,,,,,,,,,2023-03-09
GMAC123929P20230207,1,,,,,,,,,,,,,,,,,,,,,,,,,2023-02-07
JCHARETTE010129P20220914,1,,,,,,,,,,,,,,,,,,,,,,,,,2022-09-14
JCHARETTE010142P20231102,1,,,,,,,,,,,,,,,,,,,,,,,,,2023-11-02
JCHARETTE013132P20230405,1,,,,,,,,,,,,,,,,,,,,,,,,,2023-04-05
JCHARETTE065458A20220405,1,,,,,,,,,,,,,,,,,,,,,,,,,2022-04-05
JCHARETTE065645A20230317,1,,,,,,,,,,,,,,,,,,,,,,,,,2023-03-17
JCHARETTE065723A20211110,1,,,,,,,,,,,,,,,,,,,,,,,,,2021-11-10
JCHARETTE065839A20220209,1,,,,,,,,,,,,,,,,,,,,,,,,,2022-02-09
JCHARETTE065854A20220801,1,,,,,,,,,,,,,,,,,,,,,,,,,2022-08-01
JCHARETTE065925A20230808,1,,,,,,,,,,,,,,,,,,,,,,,,,2023-08-08
JCHARETTE065947A20220425,1,,,,,,,,,,,,,,,,,,,,,,,,,2022-04-25
JCHARETTE065959A20220429,1,,,,,,,,,,,,,,,,,,,,,,,,,2022-04-29
JCHARETTE070013A20211119,1,,,,,,,,,,,,,,,,,,,,,,,,,2021-11-19
JCHARETTE070034A20230329,1,,,,,,,,,,,,,,,,,,,,,,,,,2023-03-29
JCHARETTE070037A20230614,1,,,,,,,,,,,,,,,,,,,,,,,,,2023-06-14
JCHARETTE070039A20230417,1,,,,,,,,,,,,,,,,,,,,,,,,,2023-04-17
JCHARETTE070057A20230119,1,,,,,,,,,,,,,,,,,,,,,,,,,2023-01-19
JCHARETTE070057A20230328,1,,,,,,,,,,,,,,,,,,,,,,,,,2023-03-28
JCHARETTE070126A20221108,1,,,,,,,,,,,,,,,,,,,,,,,,,2022-11-08
JCHARETTE070127A20230824,1,,,,,,,,,,,,,,,,,,,,,,,,,2023-08-24
JCHARETTE070137A20220901,1,,,,,,,,,,,,,,,,,,,,,,,,,2022-09-01
JCHARETTE070154A20220309,1,,,,,,,,,,,,,,,,,,,,,,,,,2022-03-09
JCHARETTE070207A20220502,1,,,,,,,,,,,,,,,,,,,,,,,,,2022-05-02
JCHARETTE070207A20230215,1,,,,,,,,,,,,,,,,,,,,,,,,,2023-02-15
JCHARETTE070211A20211008,1,,,,,,,,,,,,,,,,,,,,,,,,,2021-10-08
JCHARETTE070237A20230227,1,,,,,,,,,,,,,,,,,,,,,,,,,2023-02-27
JCHARETTE070242A20230626,1,,,,,,,,,,,,,,,,,,,,,,,,,2023-06-26
JCHARETTE070252A20220912,2,,,,,,,,,,,,,,,,,,,,,,,,,2022-09-12
JCHARETTE070311A20231116,1,,,,,,,,,,,,,,,,,,,,,,,,,2023-11-16
JCHARETTE070327A20230203,1,,,,,,,,,,,,,,,,,,,,,,,,,2023-02-03
JCHARETTE070334A20230106,2,,,,,,,,,,,,,,,,,,,,,,,,,2023-01-06
JCHARETTE070337A20230127,1,,,,,,,,,,,,,,,,,,,,,,,,,2023-01-27
JCHARETTE070338A20230222,1,,,,,,,,,,,,,,,,,,,,,,,,,2023-02-22
JCHARETTE070340A20220804,1,,,,,,,,,,,,,,,,,,,,,,,,,2022-08-04
JCHARETTE070345A20220802,1,,,,,,,,,,,,,,,,,,,,,,,,,2022-08-02
JCHARETTE070352A20230403,1,,,,,,,,,,,,,,,,,,,,,,,,,2023-04-03
JCHARETTE070403A20220816,2,,,,,,,,,,,,,,,,,,,,,,,,,2022-08-16
JCHARETTE070415A20220511,1,,,,,,,,,,,,,,,,,,,,,,,,,2022-05-11
JCHARETTE070419A20230209,1,,,,,,,,,,,,,,,,,,,,,,,,,2023-02-09
JCHARETTE070440A20220902,1,,,,,,,,,,,,,,,,,,,,,,,,,2022-09-02
JCHARETTE070448A20230105,1,,,,,,,,,,,,,,,,,,,,,,,,,2023-01-05
JCHARETTE070451A20231019,1,,,,,,,,,,,,,,,,,,,,,,,,,2023-10-19
JCHARETTE070455A20230322,1,,,,,,,,,,,,,,,,,,,,,,,,,2023-03-22
JCHARETTE070459A20230130,2,,,,,,,,,,,,,,,,,,,,,,,,,2023-01-30
JCHARETTE070506A20230110,1,,,,,,,,,,,,,,,,,,,,,,,,,2023-01-10
JCHARETTE070515A20240927,0,,,,,,,,,,,,,,,,,,,,,,,,,2024-09-27
JCHARETTE070532A20230406,1,,,,,,,,,,,,,,,,,,,,,,,,,2023-04-06
JCHARETTE070537A20231205,1,,,,,,,,,,,,,,,,,,,,,,,,,2023-12-05
JCHARETTE070539A20221201,1,,,,,,,,,,,,,,,,,,,,,,,,,2022-12-01
JCHARETTE070543A20230320,1,,,,,,,,,,,,,,,,,,,,,,,,,2023-03-20
JCHARETTE070553A20230810,1,,,,,,,,,,,,,,,,,,,,,,,,,2023-08-10
JCHARETTE070559A20230123,1,,,,,,,,,,,,,,,,,,,,,,,,,2023-01-23
JCHARETTE070602A20220809,1,,,,,,,,,,,,,,,,,,,,,,,,,2022-08-09
JCHARETTE070623A20231004,2,,,,,,,,,,,,,,,,,,,,,,,,,2023-10-04
JCHARETTE070642A20221027,1,,,,,,,,,,,,,,,,,,,,,,,,,2022-10-27
JCHARETTE070646A20240723,1,,,,,,,,,,,,,,,,,,,,,,,,,2024-07-23
JCHARETTE070650A20230321,1,,,,,,,,,,,,,,,,,,,,,,,,,2023-03-21
JCHARETTE070654A20230202,1,,,,,,,,,,,,,,,,,,,,,,,,,2023-02-02
JCHARETTE070712A20220921,1,,,,,,,,,,,,,,,,,,,,,,,,,2022-09-21
JCHARETTE070723A20230821,1,,,,,,,,,,,,,,,,,,,,,,,,,2023-08-21
JCHARETTE070727A20231009,1,,,,,,,,,,,,,,,,,,,,,,,,,2023-10-09
JCHARETTE070730A20230124,1,,,,,,,,,,,,,,,,,,,,,,,,,2023-01-24
JCHARETTE070730A20230816,1,,,,,,,,,,,,,,,,,,,,,,,,,2023-08-16
JCHARETTE070731A20221026,1,,,,,,,,,,,,,,,,,,,,,,,,,2022-10-26
JCHARETTE070734A20230728,1,,,,,,,,,,,,,,,,,,,,,,,,,2023-07-28
JCHARETTE070735A20231002,1,,,,,,,,,,,,,,,,,,,,,,,,,2023-10-02
JCHARETTE070744A20230606,1,,,,,,,,,,,,,,,,,,,,,,,,,2023-06-06
JCHARETTE070750A20221003,1,,,,,,,,,,,,,,,,,,,,,,,,,2022-10-03
JCHARETTE070756A20230224,1,,,,,,,,,,,,,,,,,,,,,,,,,2023-02-24
JCHARETTE070758A20221117,1,,,,,,,,,,,,,,,,,,,,,,,,,2022-11-17
JCHARETTE070758A20230214,1,,,,,,,,,,,,,,,,,,,,,,,,,2023-02-14
JCHARETTE070820A20220825,2,,,,,,,,,,,,,,,,,,,,,,,,,2022-08-25
JCHARETTE070845A20231020,1,,,,,,,,,,,,,,,,,,,,,,,,,2023-10-20
JCHARETTE070854A20221007,1,,,,,,,,,,,,,,,,,,,,,,,,,2022-10-07
JCHARETTE070917A20240703,1,,,,,,,,,,,,,,,,,,,,,,,,,2024-07-03
JCHARETTE070930A20220729,2,,,,,,,,,,,,,,,,,,,,,,,,,2022-07-29
JCHARETTE070930A20221130,1,,,,,,,,,,,,,,,,,,,,,,,,,2022-11-30
JCHARETTE070933A20221031,1,,,,,,,,,,,,,,,,,,,,,,,,,2022-10-31
JCHARETTE070947A20220926,1,,,,,,,,,,,,,,,,,,,,,,,,,2022-09-26
JCHARETTE070957A20230906,1,,,,,,,,,,,,,,,,,,,,,,,,,2023-09-06
JCHARETTE071027A20231025,1,,,,,,,,,,,,,,,,,,,,,,,,,2023-10-25
JCHARETTE071144A20231026,1,,,,,,,,,,,,,,,,,,,,,,,,,2023-10-26
JCHARETTE071155A20221110,1,,,,,,,,,,,,,,,,,,,,,,,,,2022-11-10
JCHARETTE071157A20220831,2,,,,,,,,,,,,,,,,,,,,,,,,,2022-08-31
JCHARETTE071221A20220928,1,,,,,,,,,,,,,,,,,,,,,,,,,2022-09-28
JCHARETTE071226A20221121,1,,,,,,,,,,,,,,,,,,,,,,,,,2022-11-21
JCHARETTE071233A20220930,1,,,,,,,,,,,,,,,,,,,,,,,,,2022-09-30
JCHARETTE071258A20221123,2,,,,,,,,,,,,,,,,,,,,,,,,,2022-11-23
JCHARETTE071302A20231201,1,,,,,,,,,,,,,,,,,,,,,,,,,2023-12-01
JCHARETTE071421A20220812,1,,,,,,,,,,,,,,,,,,,,,,,,,2022-08-12
JCHARETTE071508A20231122,1,,,,,,,,,,,,,,,,,,,,,,,,,2023-11-22
JCHARETTE071518A20230207,1,,,,,,,,,,,,,,,,,,,,,,,,,2023-02-07
JCHARETTE071638A20240816,1,,,,,,,,,,,,,,,,,,,,,,,,,2024-08-16
JCHARETTE071709A20230116,1,,,,,,,,,,,,,,,,,,,,,,,,,2023-01-16
JCHARETTE071819A20230112,1,,,,,,,,,,,,,,,,,,,,,,,,,2023-01-12
JCHARETTE071821A20240823,1,,,,,,,,,,,,,,,,,,,,,,,,,2024-08-23
JCHARETTE071854A20230519,1,,,,,,,,,,,,,,,,,,,,,,,,,2023-05-19
JCHARETTE071930A20221019,1,,,,,,,,,,,,,,,,,,,,,,,,,2022-10-19
JCHARETTE071956A20221102,1,,,,,,,,,,,,,,,,,,,,,,,,,2022-11-02
JCHARETTE072222A20220124,1,,,,,,,,,,,,,,,,,,,,,,,,,2022-01-24
JCHARETTE072438A20230524,2,,,,,,,,,,,,,,,,,,,,,,,,,2023-05-24
JCHARETTE072627A20230425,3,,,,,,,,,,,,,,,,,,,,,,,,,2023-04-25
JCHARETTE072649A20221115,1,,,,,,,,,,,,,,,,,,,,,,,,,2022-11-15
JCHARETTE072743A20220728,1,,,,,,,,,,,,,,,,,,,,,,,,,2022-07-28
JCHARETTE072743A20220810,1,,,,,,,,,,,,,,,,,,,,,,,,,2022-08-10
JCHARETTE072819A20230113,1,,,,,,,,,,,,,,,,,,,,,,,,,2023-01-13
JCHARETTE073402A20221220,2,,,,,,,,,,,,,,,,,,,,,,,,,2022-12-20
JCHARETTE073405A20230825,2,,,,,,,,,,,,,,,,,,,,,,,,,2023-08-25
JCHARETTE074025A20240118,1,,,,,,,,,,,,,,,,,,,,,,,,,2024-01-18
JCHARETTE074055A20220602,2,,,,,,,,,,,,,,,,,,,,,,,,,2022-06-02
JCHARETTE074410A20230628,1,,,,,,,,,,,,,,,,,,,,,,,,,2023-06-28
JCHARETTE075101A20230726,1,,,,,,,,,,,,,,,,,,,,,,,,,2023-07-26
JCHARETTE080546A20221114,1,,,,,,,,,,,,,,,,,,,,,,,,,2022-11-14
JCHARETTE080617A20220819,2,,,,,,,,,,,,,,,,,,,,,,,,,2022-08-19
JCHARETTE081912A20230316,1,,,,,,,,,,,,,,,,,,,,,,,,,2023-03-16
JCHARETTE082210A20220802,2,,,,,,,,,,,,,,,,,,,,,,,,,2022-08-02
JCHARETTE082324A20220913,1,,,,,,,,,,,,,,,,,,,,,,,,,2022-09-13
JCHARETTE082717A20230303,1,,,,,,,,,,,,,,,,,,,,,,,,,2023-03-03
JCHARETTE082929A20230427,1,,,,,,,,,,,,,,,,,,,,,,,,,2023-04-27
JCHARETTE082934A20221101,2,,,,,,,,,,,,,,,,,,,,,,,,,2022-11-01
JCHARETTE083002A20230713,1,,,,,,,,,,,,,,,,,,,,,,,,,2023-07-13
JCHARETTE083419A20220727,2,,,,,,,,,,,,,,,,,,,,,,,,,2022-07-27
JCHARETTE083530A20220923,1,,,,,,,,,,,,,,,,,,,,,,,,,2022-09-23
JCHARETTE083635A20221212,1,,,,,,,,,,,,,,,,,,,,,,,,,2022-12-12
JCHARETTE084350A20221121,1,,,,,,,,,,,,,,,,,,,,,,,,,2022-11-21
JCHARETTE084629A20240830,1,,,,,,,,,,,,,,,,,,,,,,,,,2024-08-30
JCHARETTE084805A20230815,1,,,,,,,,,,,,,,,,,,,,,,,,,2023-08-15
JCHARETTE085034A20221228,1,,,,,,,,,,,,,,,,,,,,,,,,,2022-12-28
JCHARETTE085238A20221123,1,,,,,,,,,,,,,,,,,,,,,,,,,2022-11-23
JCHARETTE085259A20220526,1,,,,,,,,,,,,,,,,,,,,,,,,,2022-05-26
JCHARETTE085503A20221012,1,,,,,,,,,,,,,,,,,,,,,,,,,2022-10-12
JCHARETTE085555A20230925,1,,,,,,,,,,,,,,,,,,,,,,,,,2023-09-25
JCHARETTE090119A20221102,1,,,,,,,,,,,,,,,,,,,,,,,,,2022-11-02
JCHARETTE090439A20220901,1,,,,,,,,,,,,,,,,,,,,,,,,,2022-09-01
JCHARETTE090546A20230120,1,,,,,,,,,,,,,,,,,,,,,,,,,2023-01-20
JCHARETTE091340A20221215,1,,,,,,,,,,,,,,,,,,,,,,,,,2022-12-15
JCHARETTE091422A20230130,1,,,,,,,,,,,,,,,,,,,,,,,,,2023-01-30
JCHARETTE091725A20221122,1,,,,,,,,,,,,,,,,,,,,,,,,,2022-11-22
JCHARETTE093253A20221130,1,,,,,,,,,,,,,,,,,,,,,,,,,2022-11-30
JCHARETTE093410A20221115,1,,,,,,,,,,,,,,,,,,,,,,,,,2022-11-15
JCHARETTE093523A20230426,1,,,,,,,,,,,,,,,,,,,,,,,,,2023-04-26
JCHARETTE093751A20230313,1,,,,,,,,,,,,,,,,,,,,,,,,,2023-03-13
JCHARETTE093913A20221128,1,,,,,,,,,,,,,,,,,,,,,,,,,2022-11-28
JCHARETTE094123A20220826,1,,,,,,,,,,,,,,,,,,,,,,,,,2022-08-26
JCHARETTE094212A20230727,1,,,,,,,,,,,,,,,,,,,,,,,,,2023-07-27
JCHARETTE094619A20221206,1,,,,,,,,,,,,,,,,,,,,,,,,,2022-12-06
JCHARETTE094815A20221107,1,,,,,,,,,,,,,,,,,,,,,,,,,2022-11-07
JCHARETTE100515A20221005,1,,,,,,,,,,,,,,,,,,,,,,,,,2022-10-05
JCHARETTE100544A20231004,1,,,,,,,,,,,,,,,,,,,,,,,,,2023-10-04
JCHARETTE102448A20220321,1,,,,,,,,,,,,,,,,,,,,,,,,,2022-03-21
JCHARETTE103555A20230710,2,,,,,,,,,,,,,,,,,,,,,,,,,2023-07-10
JCHARETTE104109A20230417,2,,,,,,,,,,,,,,,,,,,,,,,,,2023-04-17
JCHARETTE104428A20220607,1,,,,,,,,,,,,,,,,,,,,,,,,,2022-06-07
JCHARETTE105136A20230103,1,,,,,,,,,,,,,,,,,,,,,,,,,2023-01-03
JCHARETTE105400A20230127,2,,,,,,,,,,,,,,,,,,,,,,,,,2023-01-27
JCHARETTE105638A20230208,1,,,,,,,,,,,,,,,,,,,,,,,,,2023-02-08
JCHARETTE110043A20230109,1,,,,,,,,,,,,,,,,,,,,,,,,,2023-01-09
JCHARETTE110131A20221227,1,,,,,,,,,,,,,,,,,,,,,,,,,2022-12-27
JCHARETTE110752A20230113,1,,,,,,,,,,,,,,,,,,,,,,,,,2023-01-13
JCHARETTE110920A20230607,1,,,,,,,,,,,,,,,,,,,,,,,,,2023-06-07
JCHARETTE111111A20221215,2,,,,,,,,,,,,,,,,,,,,,,,,,2022-12-15
JCHARETTE111206A20220830,1,,,,,,,,,,,,,,,,,,,,,,,,,2022-08-30
JCHARETTE112720A20220725,1,,,,,,,,,,,,,,,,,,,,,,,,,2022-07-25
JCHARETTE113828A20221011,1,,,,,,,,,,,,,,,,,,,,,,,,,2022-10-11
JCHARETTE120341P20220913,1,,,,,,,,,,,,,,,,,,,,,,,,,2022-09-13
JCHARETTE120349P20230111,2,,,,,,,,,,,,,,,,,,,,,,,,,2023-01-11
JCHARETTE120538P20221118,1,,,,,,,,,,,,,,,,,,,,,,,,,2022-11-18
JCHARETTE121357P20220923,1,,,,,,,,,,,,,,,,,,,,,,,,,2022-09-23
JCHARETTE122630P20230104,1,,,,,,,,,,,,,,,,,,,,,,,,,2023-01-04
JCHARETTE123330P20220818,1,,,,,,,,,,,,,,,,,,,,,,,,,2022-08-18
JCHARETTE123947P20230821,1,,,,,,,,,,,,,,,,,,,,,,,,,2023-08-21
JCHARETTE125718P20220921,1,,,,,,,,,,,,,,,,,,,,,,,,,2022-09-21
JFOOTE014053P20230803,1,,,,,,,,,,,,,,,,,,,,,,,,,2023-08-03
JFOOTE015238P20230802,1,,,,,,,,,,,,,,,,,,,,,,,,,2023-08-02
JFOOTE015422P20231115,1,,,,,,,,,,,,,,,,,,,,,,,,,2023-11-15
JFOOTE020140P20230623,1,,,,,,,,,,,,,,,,,,,,,,,,,2023-06-23
JFOOTE021051P20230707,1,,,,,,,,,,,,,,,,,,,,,,,,,2023-07-07
JFOOTE024417P20230802,2,,,,,,,,,,,,,,,,,,,,,,,,,2023-08-02
JFOOTE024956P20230831,2,,,,,,,,,,,,,,,,,,,,,,,,,2023-08-31
JFOOTE030709P20240201,1,,,,,,,,,,,,,,,,,,,,,,,,,2024-02-01
JFOOTE030746P20231110,1,,,,,,,,,,,,,,,,,,,,,,,,,2023-11-10
JFOOTE032335P20240528,1,,,,,,,,,,,,,,,,,,,,,,,,,2024-05-28
JFOOTE034256P20231117,2,,,,,,,,,,,,,,,,,,,,,,,,,2023-11-17
JFOOTE080000A20231212,1,,,,,,,,,,,,,,,,,,,,,,,,,2023-12-12
JFOOTE080023A20230426,1,,,,,,,,,,,,,,,,,,,,,,,,,2023-04-26
JFOOTE080027A20230425,1,,,,,,,,,,,,,,,,,,,,,,,,,2023-04-25
JFOOTE080132A20231011,1,,,,,,,,,,,,,,,,,,,,,,,,,2023-10-11
JFOOTE080152A20231003,1,,,,,,,,,,,,,,,,,,,,,,,,,2023-10-03
JFOOTE080154A20230829,1,,,,,,,,,,,,,,,,,,,,,,,,,2023-08-29
JFOOTE080303A20231012,1,,,,,,,,,,,,,,,,,,,,,,,,,2023-10-12
JFOOTE080316A20240724,1,,,,,,,,,,,,,,,,,,,,,,,,,2024-07-24
JFOOTE080413A20230719,1,,,,,,,,,,,,,,,,,,,,,,,,,2023-07-19
JFOOTE080525A20230927,1,,,,,,,,,,,,,,,,,,,,,,,,,2023-09-27
JFOOTE080530A20230727,2,,,,,,,,,,,,,,,,,,,,,,,,,2023-07-27
JFOOTE080541A20231117,2,,,,,,,,,,,,,,,,,,,,,,,,,2023-11-17
JFOOTE080612A20230515,1,,,,,,,,,,,,,,,,,,,,,,,,,2023-05-15
JFOOTE080656A20230607,1,,,,,,,,,,,,,,,,,,,,,,,,,2023-06-07
JFOOTE080722A20230628,1,,,,,,,,,,,,,,,,,,,,,,,,,2023-06-28
JFOOTE080818A20231229,1,,,,,,,,,,,,,,,,,,,,,,,,,2023-12-29
JFOOTE080821A20231127,1,,,,,,,,,,,,,,,,,,,,,,,,,2023-11-27
JFOOTE081032A20230721,1,,,,,,,,,,,,,,,,,,,,,,,,,2023-07-21
JFOOTE081228A20230516,1,,,,,,,,,,,,,,,,,,,,,,,,,2023-05-16
JFOOTE081426A20230602,1,,,,,,,,,,,,,,,,,,,,,,,,,2023-06-02
JFOOTE081539A20240820,1,,,,,,,,,,,,,,,,,,,,,,,,,2024-08-20
JFOOTE084218A20230530,1,,,,,,,,,,,,,,,,,,,,,,,,,2023-05-30
JFOOTE090747A20230508,1,,,,,,,,,,,,,,,,,,,,,,,,,2023-05-08
JFOOTE091152A20230901,2,,,,,,,,,,,,,,,,,,,,,,,,,2023-09-01
JFOOTE093742A20230915,1,,,,,,,,,,,,,,,,,,,,,,,,,2023-09-15
JFOOTE094057A20230619,1,,,,,,,,,,,,,,,,,,,,,,,,,2023-06-19
JFOOTE094621A20230905,1,,,,,,,,,,,,,,,,,,,,,,,,,2023-09-05
JFOOTE100107A20230602,1,,,,,,,,,,,,,,,,,,,,,,,,,2023-06-02
JFOOTE100422A20230921,2,,,,,,,,,,,,,,,,,,,,,,,,,2023-09-21
JFOOTE101542A20230524,3,,,,,,,,,,,,,,,,,,,,,,,,,2023-05-24
JFOOTE104944A20231218,1,,,,,,,,,,,,,,,,,,,,,,,,,2023-12-18
JFOOTE105321A20231108,1,,,,,,,,,,,,,,,,,,,,,,,,,2023-11-08
JFOOTE105950A20230609,1,,,,,,,,,,,,,,,,,,,,,,,,,2023-06-09
JFOOTE110045A20230728,2,,,,,,,,,,,,,,,,,,,,,,,,,2023-07-28
JFOOTE112504A20231003,1,,,,,,,,,,,,,,,,,,,,,,,,,2023-10-03
JFOOTE114015A20240628,1,,,,,,,,,,,,,,,,,,,,,,,,,2024-06-28
JFOOTE120512P20230628,1,,,,,,,,,,,,,,,,,,,,,,,,,2023-06-28
JFOOTE120549P20230710,2,,,,,,,,,,,,,,,,,,,,,,,,,2023-07-10
JFOOTE122725P20240430,2,,,,,,,,,,,,,,,,,,,,,,,,,2024-04-30
JHARRINGTON075437A20240108,1,,,,,,,,,,,,,,,,,,,,,,,,,2024-01-08
JHARRINGTON075800A20220823,2,,,,,,,,,,,,,,,,,,,,,,,,,2022-08-23
JHARRINGTON080020A20220314,2,,,,,,,,,,,,,,,,,,,,,,,,,2022-03-14
JHARRINGTON080250A20220209,1,,,,,,,,,,,,,,,,,,,,,,,,,2022-02-09
JHARRINGTON080329A20210921,1,,,,,,,,,,,,,,,,,,,,,,,,,2021-09-21
JHARRINGTON080352A20220121,2,,,,,,,,,,,,,,,,,,,,,,,,,2022-01-21
JHARRINGTON080519A20220912,1,,,,,,,,,,,,,,,,,,,,,,,,,2022-09-12
JHARRINGTON080609A20210914,1,,,,,,,,,,,,,,,,,,,,,,,,,2021-09-14
JHARRINGTON080714A20220816,2,,,,,,,,,,,,,,,,,,,,,,,,,2022-08-16
JHARRINGTON080949A20220512,2,,,,,,,,,,,,,,,,,,,,,,,,,2022-05-12
JHARRINGTON081643A20220923,2,,,,,,,,,,,,,,,,,,,,,,,,,2022-09-23
JHARRINGTON085351A20220627,2,,,,,,,,,,,,,,,,,,,,,,,,,2022-06-27
JHARRINGTON094317A20220505,2,,,,,,,,,,,,,,,,,,,,,,,,,2022-05-05
JHARRINGTON114600A20220909,2,,,,,,,,,,,,,,,,,,,,,,,,,2022-09-09
JMOOTE012559P20230406,1,,,,,,,,,,,,,,,,,,,,,,,,,2023-04-06
JMOOTE060730A20230314,1,,,,,,,,,,,,,,,,,,,,,,,,,2023-03-14
JMOOTE061016A20230504,1,,,,,,,,,,,,,,,,,,,,,,,,,2023-05-04
JMOOTE062054A20230511,1,,,,,,,,,,,,,,,,,,,,,,,,,2023-05-11
JMOOTE062057A20230321,1,,,,,,,,,,,,,,,,,,,,,,,,,2023-03-21
JMOOTE062412A20230428,1,,,,,,,,,,,,,,,,,,,,,,,,,2023-04-28
JMOOTE062551A20230512,1,,,,,,,,,,,,,,,,,,,,,,,,,2023-05-12
JMOOTE062603A20230815,1,,,,,,,,,,,,,,,,,,,,,,,,,2023-08-15
JMOOTE062719A20230418,2,,,,,,,,,,,,,,,,,,,,,,,,,2023-04-18
JMOOTE063002A20230503,1,,,,,,,,,,,,,,,,,,,,,,,,,2023-05-03
JMOOTE063135A20230224,1,,,,,,,,,,,,,,,,,,,,,,,,,2023-02-24
JMOOTE063233A20230628,2,,,,,,,,,,,,,,,,,,,,,,,,,2023-06-28
JMOOTE063300A20230706,2,,,,,,,,,,,,,,,,,,,,,,,,,2023-07-06
JMOOTE063304A20230417,2,,,,,,,,,,,,,,,,,,,,,,,,,2023-04-17
JMOOTE063336A20221219,1,,,,,,,,,,,,,,,,,,,,,,,,,2022-12-19
JMOOTE063337A20230131,1,,,,,,,,,,,,,,,,,,,,,,,,,2023-01-31
JMOOTE063358A20221230,1,,,,,,,,,,,,,,,,,,,,,,,,,2022-12-30
JMOOTE063417A20230329,1,,,,,,,,,,,,,,,,,,,,,,,,,2023-03-29
JMOOTE063431A20230814,1,,,,,,,,,,,,,,,,,,,,,,,,,2023-08-14
JMOOTE063447A20230901,1,,,,,,,,,,,,,,,,,,,,,,,,,2023-09-01
JMOOTE063614A20230421,1,,,,,,,,,,,,,,,,,,,,,,,,,2023-04-21
JMOOTE063703A20230607,1,,,,,,,,,,,,,,,,,,,,,,,,,2023-06-07
JMOOTE063806A20230609,1,,,,,,,,,,,,,,,,,,,,,,,,,2023-06-09
JMOOTE063837A20230602,1,,,,,,,,,,,,,,,,,,,,,,,,,2023-06-02
JMOOTE064118A20221014,1,,,,,,,,,,,,,,,,,,,,,,,,,2022-10-14
JMOOTE064125A20230829,1,,,,,,,,,,,,,,,,,,,,,,,,,2023-08-29
JMOOTE064233A20230403,1,,,,,,,,,,,,,,,,,,,,,,,,,2023-04-03
JMOOTE064421A20230331,1,,,,,,,,,,,,,,,,,,,,,,,,,2023-03-31
JMOOTE064553A20230608,1,,,,,,,,,,,,,,,,,,,,,,,,,2023-06-08
JMOOTE064937A20230420,1,,,,,,,,,,,,,,,,,,,,,,,,,2023-04-20
JMOOTE065235A20221216,1,,,,,,,,,,,,,,,,,,,,,,,,,2022-12-16
JMOOTE065240A20230307,1,,,,,,,,,,,,,,,,,,,,,,,,,2023-03-07
JMOOTE065449A20230925,1,,,,,,,,,,,,,,,,,,,,,,,,,2023-09-25
JMOOTE065539A20230831,1,,,,,,,,,,,,,,,,,,,,,,,,,2023-08-31
JMOOTE070129A20230725,1,,,,,,,,,,,,,,,,,,,,,,,,,2023-07-25
JMOOTE070226A20230908,1,,,,,,,,,,,,,,,,,,,,,,,,,2023-09-08
JMOOTE070323A20230711,1,,,,,,,,,,,,,,,,,,,,,,,,,2023-07-11
JMOOTE074901A20230821,1,,,,,,,,,,,,,,,,,,,,,,,,,2023-08-21
JMOOTE075653A20230526,1,,,,,,,,,,,,,,,,,,,,,,,,,2023-05-26
JMOOTE081231A20221013,1,,,,,,,,,,,,,,,,,,,,,,,,,2022-10-13
JMOOTE090127A20230501,1,,,,,,,,,,,,,,,,,,,,,,,,,2023-05-01
JMOOTE095048A20230428,1,,,,,,,,,,,,,,,,,,,,,,,,,2023-04-28
JMOOTE095056A20230406,1,,,,,,,,,,,,,,,,,,,,,,,,,2023-04-06
JMOOTE101529A20230412,1,,,,,,,,,,,,,,,,,,,,,,,,,2023-04-12
JMOOTE111429A20230712,1,,,,,,,,,,,,,,,,,,,,,,,,,2023-07-12
JMOOTE113520A20230410,1,,,,,,,,,,,,,,,,,,,,,,,,,2023-04-10
JMSUDOL011630P20230726,1,,,,,,,,,,,,,,,,,,,,,,,,,2023-07-26
JMSUDOL021722P20230630,1,,,,,,,,,,,,,,,,,,,,,,,,,2023-07-05
JMSUDOL073732A20230214,1,,,,,,,,,,,,,,,,,,,,,,,,,2023-02-14
JMSUDOL075757A20230630,1,,,,,,,,,,,,,,,,,,,,,,,,,2023-06-30
JMSUDOL112638A20230322,1,,,,,,,,,,,,,,,,,,,,,,,,,2023-03-23
JWARD064554A20230822,1,,,,,,,,,,,,,,,,,,,,,,,,,2023-08-25
JWARD065707A20230925,1,,,,,,,,,,,,,,,,,,,,,,,,,2023-09-27
KMANZOLINO075938A20231116,1,,,,,,,,,,,,,,,,,,,,,,,,,2023-11-16
KMANZOLINO080313A20240307,1,,,,,,,,,,,,,,,,,,,,,,,,,2024-03-07
KMANZOLINO081239A20240325,1,,,,,,,,,,,,,,,,,,,,,,,,,2024-03-25
KMANZOLINO124747P20241010,1,,,,,,,,,,,,,,,,,,,,,,,,,2024-10-10
LMCKENZIE015036P20220414,1,,,,,,,,,,,,,,,,,,,,,,,,,2022-04-14
LMCKENZIE061845A20220803,1,,,,,,,,,,,,,,,,,,,,,,,,,2022-08-03
LMCKENZIE063552A20220321,1,,,,,,,,,,,,,,,,,,,,,,,,,2022-03-21
LMCKENZIE064045A20211228,1,,,,,,,,,,,,,,,,,,,,,,,,,2021-12-28
LMCKENZIE070659A20220601,1,,,,,,,,,,,,,,,,,,,,,,,,,2022-06-01
LMCKENZIE071201A20220613,1,,,,,,,,,,,,,,,,,,,,,,,,,2022-06-13
LMCKENZIE104720A20211210,1,,,,,,,,,,,,,,,,,,,,,,,,,2021-12-10
LMCKENZIE112903A20220325,1,,,,,,,,,,,,,,,,,,,,,,,,,2022-03-25
LMUHALL032228P20221213,1,,,,,,,,,,,,,,,,,,,,,,,,,2022-12-13
LRODRIGUEZ070356A20220628,1,,,,,,,,,,,,,,,,,,,,,,,,,2022-07-01
LRODRIGUEZ071751A20220525,1,,,,,,,,,,,,,,,,,,,,,,,,,2022-05-26
LRODRIGUEZ072223A20220509,2,,,,,,,,,,,,,,,,,,,,,,,,,2022-05-12
LRODRIGUEZ072830A20220314,1,,,,,,,,,,,,,,,,,,,,,,,,,2022-03-17
LRODRIGUEZ082030A20211117,1,,,,,,,,,,,,,,,,,,,,,,,,,2021-11-19
LRODRIGUEZ084901A20220124,1,,,,,,,,,,,,,,,,,,,,,,,,,2022-02-01
LRODRIGUEZ090645A20220321,1,,,,,,,,,,,,,,,,,,,,,,,,,2022-03-25
LRODRIGUEZ104616A20220401,2,,,,,,,,,,,,,,,,,,,,,,,,,2022-04-06
LRODRIGUEZ112105A20220111,1,,,,,,,,,,,,,,,,,,,,,,,,,2022-01-12
LROSARIO023234P20220712,1,,,,,,,,,,,,,,,,,,,,,,,,,2022-07-18
LROSARIO084216A20220314,2,,,,,,,,,,,,,,,,,,,,,,,,,2022-03-14
LROSARIO084933A20220606,2,,,,,,,,,,,,,,,,,,,,,,,,,2022-06-10
LROSARIO090126A20211129,1,,,,,,,,,,,,,,,,,,,,,,,,,2021-12-01
LROSARIO101759A20220330,1,,,,,,,,,,,,,,,,,,,,,,,,,2022-04-01
LROSARIO102559A20211005,1,,,,,,,,,,,,,,,,,,,,,,,,,2021-10-05
MARKZ010414P20221015,1,,,,,,,,,,,,,,,,,,,,,,,,,2022-10-19
MARKZ010504P20220330,1,,,,,,,,,,,,,,,,,,,,,,,,,2022-03-31
MARKZ010619P20220326,1,,,,,,,,,,,,,,,,,,,,,,,,,2022-03-27
MARKZ010756P20230419,1,,,,,,,,,,,,,,,,,,,,,,,,,2023-04-21
MARKZ010952P20211019,1,,,,,,,,,,,,,,,,,,,,,,,,,2021-10-20
MARKZ011526P20220524,1,,,,,,,,,,,,,,,,,,,,,,,,,2022-05-27
MARKZ014134P20211126,1,,,,,,,,,,,,,,,,,,,,,,,,,2021-12-01
MARKZ020118P20211120,1,,,,,,,,,,,,,,,,,,,,,,,,,2021-11-23
MARKZ020141P20230228,1,,,,,,,,,,,,,,,,,,,,,,,,,2023-03-10
MARKZ022754P20210927,1,,,,,,,,,,,,,,,,,,,,,,,,,2021-09-29
MARKZ022842P20230716,1,,,,,,,,,,,,,,,,,,,,,,,,,2023-07-19
MARKZ024656P20230318,1,,,,,,,,,,,,,,,,,,,,,,,,,2023-03-22
MARKZ030858P20230616,1,,,,,,,,,,,,,,,,,,,,,,,,,2023-06-20
MARKZ031726P20220322,2,,,,,,,,,,,,,,,,,,,,,,,,,2022-03-23
MARKZ035429P20230317,1,,,,,,,,,,,,,,,,,,,,,,,,,2023-03-18
MARKZ045047P20220127,1,,,,,,,,,,,,,,,,,,,,,,,,,2022-01-30
MARKZ045337P20221215,1,,,,,,,,,,,,,,,,,,,,,,,,,2022-12-17
MARKZ051130P20211222,1,,,,,,,,,,,,,,,,,,,,,,,,,2021-12-24
MARKZ052427P20220902,1,,,,,,,,,,,,,,,,,,,,,,,,,2022-09-06
MARKZ052432P20220922,1,,,,,,,,,,,,,,,,,,,,,,,,,2022-09-26
MARKZ054257P20211218,1,,,,,,,,,,,,,,,,,,,,,,,,,2021-12-22
MARKZ061400P20220316,2,,,,,,,,,,,,,,,,,,,,,,,,,2022-03-17
MARKZ061606P20230313,1,,,,,,,,,,,,,,,,,,,,,,,,,2023-03-15
MARKZ061837P20220217,1,,,,,,,,,,,,,,,,,,,,,,,,,2022-02-22
MARKZ062628P20220928,1,,,,,,,,,,,,,,,,,,,,,,,,,2022-10-03
MARKZ063611P20220802,1,,,,,,,,,,,,,,,,,,,,,,,,,2022-08-08
MARKZ064313P20211020,1,,,,,,,,,,,,,,,,,,,,,,,,,2021-10-22
MARKZ065146P20220302,1,,,,,,,,,,,,,,,,,,,,,,,,,2022-03-05
MARKZ065637A20220329,1,,,,,,,,,,,,,,,,,,,,,,,,,2022-03-30
MARKZ065824A20230322,1,,,,,,,,,,,,,,,,,,,,,,,,,2023-03-24
MARKZ065826A20221027,1,,,,,,,,,,,,,,,,,,,,,,,,,2022-10-28
MARKZ065942P20230515,1,,,,,,,,,,,,,,,,,,,,,,,,,2023-05-17
MARKZ070654P20211207,1,,,,,,,,,,,,,,,,,,,,,,,,,2021-12-10
MARKZ070711A20230821,1,,,,,,,,,,,,,,,,,,,,,,,,,2023-08-23
MARKZ071434A20220509,1,,,,,,,,,,,,,,,,,,,,,,,,,2022-05-13
MARKZ073051P20211116,1,,,,,,,,,,,,,,,,,,,,,,,,,2021-11-20
MARKZ073211A20220222,1,,,,,,,,,,,,,,,,,,,,,,,,,2022-02-24
MARKZ073645A20221014,1,,,,,,,,,,,,,,,,,,,,,,,,,2022-10-15
MARKZ075838A20231013,1,,,,,,,,,,,,,,,,,,,,,,,,,2023-10-20
MARKZ075929A20230105,1,,,,,,,,,,,,,,,,,,,,,,,,,2023-01-11
MARKZ082044A20230610,1,,,,,,,,,,,,,,,,,,,,,,,,,2023-06-12
MARKZ095243A20230514,1,,,,,,,,,,,,,,,,,,,,,,,,,2023-05-15
MARKZ103826A20230410,1,,,,,,,,,,,,,,,,,,,,,,,,,2023-04-11
MARKZ110426A20211018,1,,,,,,,,,,,,,,,,,,,,,,,,,2021-10-19
MGLANOVSKY043308A20210923,2,,,,,,,,,,,,,,,,,,,,,,,,,2021-09-23
MGLANOVSKY053707A20210924,3,,,,,,,,,,,,,,,,,,,,,,,,,2021-09-24
MGLANOVSKY053805A20210921,2,,,,,,,,,,,,,,,,,,,,,,,,,2021-09-21
MGLANOVSKY065045A20210922,2,,,,,,,,,,,,,,,,,,,,,,,,,2021-09-22
MHANDLER1080433A20231221,1,,,,,,,,,,,,,,,,,,,,,,,,,2023-12-21
MHANDLER1082850A20240307,1,,,,,,,,,,,,,,,,,,,,,,,,,2024-03-07
MJOAQUIN060544A20230607,1,,,,,,,,,,,,,,,,,,,,,,,,,2023-06-07
MJOAQUIN060751A20220222,1,,,,,,,,,,,,,,,,,,,,,,,,,2022-02-22
MJOAQUIN060940A20220114,1,,,,,,,,,,,,,,,,,,,,,,,,,2022-01-14
MJOAQUIN060941A20220112,1,,,,,,,,,,,,,,,,,,,,,,,,,2022-01-12
MJOAQUIN061234A20211110,1,,,,,,,,,,,,,,,,,,,,,,,,,2021-11-10
MJOAQUIN061314A20220711,1,,,,,,,,,,,,,,,,,,,,,,,,,2022-07-11
MJOAQUIN061446A20220217,1,,,,,,,,,,,,,,,,,,,,,,,,,2022-02-17
MJOAQUIN061519A20230208,1,,,,,,,,,,,,,,,,,,,,,,,,,2023-02-08
MJOAQUIN061531A20230712,1,,,,,,,,,,,,,,,,,,,,,,,,,2023-07-12
MJOAQUIN061725A20220922,1,,,,,,,,,,,,,,,,,,,,,,,,,2022-09-22
MJOAQUIN061734A20220930,1,,,,,,,,,,,,,,,,,,,,,,,,,2022-09-30
MJOAQUIN061825A20230531,1,,,,,,,,,,,,,,,,,,,,,,,,,2023-05-31
MJOAQUIN061935A20221215,1,,,,,,,,,,,,,,,,,,,,,,,,,2022-12-15
MJOAQUIN062226A20220815,1,,,,,,,,,,,,,,,,,,,,,,,,,2022-08-15
MJOAQUIN062259A20221004,1,,,,,,,,,,,,,,,,,,,,,,,,,2022-10-04
MJOAQUIN062315A20230918,1,,,,,,,,,,,,,,,,,,,,,,,,,2023-09-18
MJOAQUIN062339A20220427,1,,,,,,,,,,,,,,,,,,,,,,,,,2022-04-27
MJOAQUIN062423A20230209,1,,,,,,,,,,,,,,,,,,,,,,,,,2023-02-09
MJOAQUIN062501A20220804,1,,,,,,,,,,,,,,,,,,,,,,,,,2022-08-04
MJOAQUIN062652A20220121,1,,,,,,,,,,,,,,,,,,,,,,,,,2022-01-21
MJOAQUIN062936A20220919,1,,,,,,,,,,,,,,,,,,,,,,,,,2022-09-19
MJOAQUIN063413A20230929,1,,,,,,,,,,,,,,,,,,,,,,,,,2023-09-29
MJOAQUIN063619A20230717,1,,,,,,,,,,,,,,,,,,,,,,,,,2023-07-17
MJOAQUIN063746A20230412,1,,,,,,,,,,,,,,,,,,,,,,,,,2023-04-12
MJOAQUIN064427A20230503,2,,,,,,,,,,,,,,,,,,,,,,,,,2023-05-03
MJOAQUIN065407A20221013,1,,,,,,,,,,,,,,,,,,,,,,,,,2022-10-13
MJOAQUIN065615A20221212,1,,,,,,,,,,,,,,,,,,,,,,,,,2022-12-12
MJOAQUIN065618A20221006,1,,,,,,,,,,,,,,,,,,,,,,,,,2022-10-06
MJOAQUIN070723A20211021,1,,,,,,,,,,,,,,,,,,,,,,,,,2021-10-21
MJOAQUIN071654A20220324,1,,,,,,,,,,,,,,,,,,,,,,,,,2022-03-24
MJOAQUIN071953A20230505,1,,,,,,,,,,,,,,,,,,,,,,,,,2023-05-05
MJOAQUIN074811A20230310,1,,,,,,,,,,,,,,,,,,,,,,,,,2023-03-10
MJOAQUIN075544A20230918,1,,,,,,,,,,,,,,,,,,,,,,,,,2023-09-18
MJOAQUIN082804A20230118,1,,,,,,,,,,,,,,,,,,,,,,,,,2023-01-18
MJOAQUIN085427A20221007,1,,,,,,,,,,,,,,,,,,,,,,,,,2022-10-07
MJOAQUIN090457A20230828,1,,,,,,,,,,,,,,,,,,,,,,,,,2023-08-28
MJOAQUIN090940A20231006,1,,,,,,,,,,,,,,,,,,,,,,,,,2023-10-06
MJOAQUIN091033A20230503,1,,,,,,,,,,,,,,,,,,,,,,,,,2023-05-03
MJOAQUIN091703A20230112,1,,,,,,,,,,,,,,,,,,,,,,,,,2023-01-12
MJOAQUIN092823A20231003,1,,,,,,,,,,,,,,,,,,,,,,,,,2023-10-03
MJOAQUIN094103A20221031,1,,,,,,,,,,,,,,,,,,,,,,,,,2022-10-31
MJOAQUIN101947A20221026,1,,,,,,,,,,,,,,,,,,,,,,,,,2022-10-26
MJOAQUIN102035A20220713,1,,,,,,,,,,,,,,,,,,,,,,,,,2022-07-13
MJOAQUIN103924A20231002,1,,,,,,,,,,,,,,,,,,,,,,,,,2023-10-02
MJOAQUIN114552A20230526,1,,,,,,,,,,,,,,,,,,,,,,,,,2023-05-26
MJOAQUIN114645A20220711,1,,,,,,,,,,,,,,,,,,,,,,,,,2022-07-11
MKISH011111P20220404,1,,,,,,,,,,,,,,,,,,,,,,,,,2022-04-04
MKISH011328P20220427,1,,,,,,,,,,,,,,,,,,,,,,,,,2022-04-27
MKISH012253P20211201,2,,,,,,,,,,,,,,,,,,,,,,,,,2021-12-01
MKISH013030P20220307,2,,,,,,,,,,,,,,,,,,,,,,,,,2022-03-07
MKISH013825P20220531,2,,,,,,,,,,,,,,,,,,,,,,,,,2022-05-31
MKISH014004P20210930,1,,,,,,,,,,,,,,,,,,,,,,,,,2021-09-30
MKISH021359P20211102,2,,,,,,,,,,,,,,,,,,,,,,,,,2021-11-02
MKISH022620P20210930,1,,,,,,,,,,,,,,,,,,,,,,,,,2021-09-30
MKISH023918P20211201,1,,,,,,,,,,,,,,,,,,,,,,,,,2021-12-01
MKISH024141P20220608,1,,,,,,,,,,,,,,,,,,,,,,,,,2022-06-08
MKISH025602P20220518,1,,,,,,,,,,,,,,,,,,,,,,,,,2022-05-18
MKISH031520P20220411,4,,,,,,,,,,,,,,,,,,,,,,,,,2022-04-11
MKISH033019P20220317,1,,,,,,,,,,,,,,,,,,,,,,,,,2022-03-17
MKISH033401P20211021,1,,,,,,,,,,,,,,,,,,,,,,,,,2021-10-21
MKISH034024P20220324,2,,,,,,,,,,,,,,,,,,,,,,,,,2022-03-24
MKISH034821P20220131,2,,,,,,,,,,,,,,,,,,,,,,,,,2022-01-31
MKISH034841P20220301,1,,,,,,,,,,,,,,,,,,,,,,,,,2022-03-01
MKISH035433P20211108,1,,,,,,,,,,,,,,,,,,,,,,,,,2021-11-08
MKISH035655P20220105,2,,,,,,,,,,,,,,,,,,,,,,,,,2022-01-05
MKISH041240P20211029,2,,,,,,,,,,,,,,,,,,,,,,,,,2021-10-29
MKISH043416P20211018,1,,,,,,,,,,,,,,,,,,,,,,,,,2021-10-18
MKISH045834P20211130,2,,,,,,,,,,,,,,,,,,,,,,,,,2021-11-30
MKISH071153A20211015,2,,,,,,,,,,,,,,,,,,,,,,,,,2021-10-15
MKISH072018A20210929,1,,,,,,,,,,,,,,,,,,,,,,,,,2021-09-29
MKISH072831A20220606,1,,,,,,,,,,,,,,,,,,,,,,,,,2022-06-06
MKISH073742A20220526,1,,,,,,,,,,,,,,,,,,,,,,,,,2022-05-26
MKISH075803A20220603,1,,,,,,,,,,,,,,,,,,,,,,,,,2022-06-03
MKISH081918A20220523,1,,,,,,,,,,,,,,,,,,,,,,,,,2022-05-23
MKISH082501A20211201,1,,,,,,,,,,,,,,,,,,,,,,,,,2021-12-01
MKISH082733A20220202,1,,,,,,,,,,,,,,,,,,,,,,,,,2022-02-02
MKISH083630A20220321,1,,,,,,,,,,,,,,,,,,,,,,,,,2022-03-21
MKISH084408A20220117,1,,,,,,,,,,,,,,,,,,,,,,,,,2022-01-17
MKISH084556A20220622,1,,,,,,,,,,,,,,,,,,,,,,,,,2022-06-22
MKISH084825A20220118,1,,,,,,,,,,,,,,,,,,,,,,,,,2022-01-18
MKISH085907A20211003,2,,,,,,,,,,,,,,,,,,,,,,,,,2021-10-03
MKISH091540A20220704,2,,,,,,,,,,,,,,,,,,,,,,,,,2022-07-04
MKISH092720A20220309,1,,,,,,,,,,,,,,,,,,,,,,,,,2022-03-09
MKISH092945A20220310,1,,,,,,,,,,,,,,,,,,,,,,,,,2022-03-10
MKISH102158A20220407,1,,,,,,,,,,,,,,,,,,,,,,,,,2022-04-07
MKISH103624A20220208,1,,,,,,,,,,,,,,,,,,,,,,,,,2022-02-08
MKISH105632A20220513,1,,,,,,,,,,,,,,,,,,,,,,,,,2022-05-13
MKISH110911A20220304,1,,,,,,,,,,,,,,,,,,,,,,,,,2022-03-04
MKISH113528A20211122,1,,,,,,,,,,,,,,,,,,,,,,,,,2021-11-22
MKISH121019P20220322,1,,,,,,,,,,,,,,,,,,,,,,,,,2022-03-22
MKISH122544P20211130,1,,,,,,,,,,,,,,,,,,,,,,,,,2021-11-30
MKISH125332P20220519,2,,,,,,,,,,,,,,,,,,,,,,,,,2022-05-19
MMARTINEZ010606P20211007,1,,,,,,,,,,,,,,,,,,,,,,,,,2021-10-08
MMARTINEZ011120P20211105,1,,,,,,,,,,,,,,,,,,,,,,,,,2021-11-08
MMARTINEZ011327P20230330,1,,,,,,,,,,,,,,,,,,,,,,,,,2023-04-06
MMARTINEZ011929P20220609,2,,,,,,,,,,,,,,,,,,,,,,,,,2022-06-13
MMARTINEZ013646P20220523,1,,,,,,,,,,,,,,,,,,,,,,,,,2022-05-24
MMARTINEZ023435P20211129,1,,,,,,,,,,,,,,,,,,,,,,,,,2021-11-30
MMARTINEZ032934P20220316,1,,,,,,,,,,,,,,,,,,,,,,,,,2022-03-17
MMARTINEZ060446A20220124,1,,,,,,,,,,,,,,,,,,,,,,,,,2022-01-26
MMARTINEZ060957A20220620,2,,,,,,,,,,,,,,,,,,,,,,,,,2022-06-21
MMARTINEZ061259A20211018,1,,,,,,,,,,,,,,,,,,,,,,,,,2021-10-20
MMARTINEZ063040A20220815,2,,,,,,,,,,,,,,,,,,,,,,,,,2022-08-17
MMARTINEZ063110A20231113,2,,,,,,,,,,,,,,,,,,,,,,,,,2023-11-15
MMARTINEZ064515A20231002,2,,,,,,,,,,,,,,,,,,,,,,,,,2023-10-04
MMARTINEZ064559A20221128,1,,,,,,,,,,,,,,,,,,,,,,,,,2022-12-05
MMARTINEZ064925A20220516,1,,,,,,,,,,,,,,,,,,,,,,,,,2022-05-18
MMARTINEZ065124A20230530,1,,,,,,,,,,,,,,,,,,,,,,,,,2023-05-31
MMARTINEZ065532A20211001,1,,,,,,,,,,,,,,,,,,,,,,,,,2021-10-01
MMARTINEZ073606A20221005,1,,,,,,,,,,,,,,,,,,,,,,,,,2022-10-07
MMARTINEZ074258A20220112,1,,,,,,,,,,,,,,,,,,,,,,,,,2022-01-12
MMARTINEZ081143A20220602,1,,,,,,,,,,,,,,,,,,,,,,,,,2022-06-03
MMARTINEZ081226A20211027,1,,,,,,,,,,,,,,,,,,,,,,,,,2021-10-29
MMARTINEZ085453A20230612,1,,,,,,,,,,,,,,,,,,,,,,,,,2023-06-16
MMARTINEZ090327A20230508,1,,,,,,,,,,,,,,,,,,,,,,,,,2023-05-12
MMARTINEZ104847A20220808,2,,,,,,,,,,,,,,,,,,,,,,,,,2022-08-12
MMARTINEZ123414P20220106,2,,,,,,,,,,,,,,,,,,,,,,,,,2022-01-10
MTORRES011323P20211214,1,,,,,,,,,,,,,,,,,,,,,,,,,2021-12-14
MTORRES060138A20211021,1,,,,,,,,,,,,,,,,,,,,,,,,,2021-10-21
MTORRES065953A20220113,1,,,,,,,,,,,,,,,,,,,,,,,,,2022-01-13
MTORRES070404A20211112,2,,,,,,,,,,,,,,,,,,,,,,,,,2021-11-12
MTORRES070531A20211227,2,,,,,,,,,,,,,,,,,,,,,,,,,2021-12-27
MTORRES070631A20211124,1,,,,,,,,,,,,,,,,,,,,,,,,,2021-11-24
MTORRES075657A20211213,1,,,,,,,,,,,,,,,,,,,,,,,,,2021-12-13
MTORRES081441A20211111,1,,,,,,,,,,,,,,,,,,,,,,,,,2021-11-11
MTORRES083452A20210920,2,,,,,,,,,,,,,,,,,,,,,,,,,2021-09-20
MTORRES101223A20211020,1,,,,,,,,,,,,,,,,,,,,,,,,,2021-10-20
MTORRES104115A20211220,1,,,,,,,,,,,,,,,,,,,,,,,,,2021-12-20
MTORRES105159A20211103,1,,,,,,,,,,,,,,,,,,,,,,,,,2021-11-03
MTORRES111513A20211228,1,,,,,,,,,,,,,,,,,,,,,,,,,2021-12-28
MTORRES111814A20211117,2,,,,,,,,,,,,,,,,,,,,,,,,,2021-11-17
MTORRES112822A20220112,1,,,,,,,,,,,,,,,,,,,,,,,,,2022-01-12
MTORRES124909P20211110,1,,,,,,,,,,,,,,,,,,,,,,,,,2021-11-10
MWATSON080740A20220503,1,,,,,,,,,,,,,,,,,,,,,,,,,2022-05-03
MWATSON081230A20220729,1,,,,,,,,,,,,,,,,,,,,,,,,,2022-07-29
MWATSON081515A20220419,1,,,,,,,,,,,,,,,,,,,,,,,,,2022-04-19
MWATSON081517A20220301,1,,,,,,,,,,,,,,,,,,,,,,,,,2022-03-01
MWATSON081528A20220512,1,,,,,,,,,,,,,,,,,,,,,,,,,2022-05-12
MWATSON081723A20220214,1,,,,,,,,,,,,,,,,,,,,,,,,,2022-02-14
MWATSON082037A20220707,1,,,,,,,,,,,,,,,,,,,,,,,,,2022-07-07
MWATSON082741A20221108,1,,,,,,,,,,,,,,,,,,,,,,,,,2022-11-08
MWATSON082954A20220629,1,,,,,,,,,,,,,,,,,,,,,,,,,2022-06-29
MWATSON084044A20211202,1,,,,,,,,,,,,,,,,,,,,,,,,,2021-12-02
MWATSON085149A20220831,1,,,,,,,,,,,,,,,,,,,,,,,,,2022-08-31
MWATSON092330A20211122,1,,,,,,,,,,,,,,,,,,,,,,,,,2021-11-22
MWATSON101232A20220317,1,,,,,,,,,,,,,,,,,,,,,,,,,2022-03-17
PMAZZONE011932P20220204,2,,,,,,,,,,,,,,,,,,,,,,,,,2022-02-04
PMAZZONE030343P20211020,2,,,,,,,,,,,,,,,,,,,,,,,,,2021-10-20
PMAZZONE074506A20220128,2,,,,,,,,,,,,,,,,,,,,,,,,,2022-01-28
PMAZZONE074543A20210920,2,,,,,,,,,,,,,,,,,,,,,,,,,2021-09-20
PMAZZONE074618A20210916,1,,,,,,,,,,,,,,,,,,,,,,,,,2021-09-16
PMAZZONE074708A20211116,2,,,,,,,,,,,,,,,,,,,,,,,,,2021-11-16
PMAZZONE074949A20211213,2,,,,,,,,,,,,,,,,,,,,,,,,,2021-12-13
PMAZZONE075022A20210917,2,,,,,,,,,,,,,,,,,,,,,,,,,2021-09-17
PMAZZONE075106A20211105,2,,,,,,,,,,,,,,,,,,,,,,,,,2021-11-05
PMAZZONE075110A20211115,2,,,,,,,,,,,,,,,,,,,,,,,,,2021-11-15
PMAZZONE075146A20211203,2,,,,,,,,,,,,,,,,,,,,,,,,,2021-12-03
PMAZZONE075155A20211201,2,,,,,,,,,,,,,,,,,,,,,,,,,2021-12-01
PMAZZONE075204A20211217,2,,,,,,,,,,,,,,,,,,,,,,,,,2021-12-17
PMAZZONE075208A20211202,2,,,,,,,,,,,,,,,,,,,,,,,,,2021-12-02
PMAZZONE075209A20211102,2,,,,,,,,,,,,,,,,,,,,,,,,,2021-11-02
PMAZZONE075230A20211022,2,,,,,,,,,,,,,,,,,,,,,,,,,2021-10-22
PMAZZONE075245A20211005,2,,,,,,,,,,,,,,,,,,,,,,,,,2021-10-05
PMAZZONE075335A20210921,1,,,,,,,,,,,,,,,,,,,,,,,,,2021-09-21
PMAZZONE075404A20220217,2,,,,,,,,,,,,,,,,,,,,,,,,,2022-02-17
PMAZZONE075550A20211110,2,,,,,,,,,,,,,,,,,,,,,,,,,2021-11-10
PMAZZONE075637A20220224,2,,,,,,,,,,,,,,,,,,,,,,,,,2022-02-24
PMAZZONE075643A20220114,2,,,,,,,,,,,,,,,,,,,,,,,,,2022-01-14
PMAZZONE075724A20220315,2,,,,,,,,,,,,,,,,,,,,,,,,,2022-03-15
PMAZZONE075830A20211103,2,,,,,,,,,,,,,,,,,,,,,,,,,2021-11-03
PMAZZONE075903A20220124,2,,,,,,,,,,,,,,,,,,,,,,,,,2022-01-24
PMAZZONE075915A20220322,1,,,,,,,,,,,,,,,,,,,,,,,,,2022-03-22
PMAZZONE075957A20220310,2,,,,,,,,,,,,,,,,,,,,,,,,,2022-03-10
PMAZZONE080015A20211210,2,,,,,,,,,,,,,,,,,,,,,,,,,2021-12-10
PMAZZONE080115A20220304,2,,,,,,,,,,,,,,,,,,,,,,,,,2022-03-04
PMAZZONE080240A20220323,3,,,,,,,,,,,,,,,,,,,,,,,,,2022-03-23
PMAZZONE080424A20211220,2,,,,,,,,,,,,,,,,,,,,,,,,,2021-12-20
PMAZZONE080430A20210915,2,,,,,,,,,,,,,,,,,,,,,,,,,2021-09-15
PMAZZONE080700A20210927,2,,,,,,,,,,,,,,,,,,,,,,,,,2021-09-27
PMAZZONE080722A20220211,2,,,,,,,,,,,,,,,,,,,,,,,,,2022-02-11
PMAZZONE080747A20211221,2,,,,,,,,,,,,,,,,,,,,,,,,,2021-12-21
PMAZZONE080836A20220228,2,,,,,,,,,,,,,,,,,,,,,,,,,2022-02-28
PMAZZONE081223A20220325,2,,,,,,,,,,,,,,,,,,,,,,,,,2022-03-25
PMAZZONE081226A20211013,2,,,,,,,,,,,,,,,,,,,,,,,,,2021-10-13
PMAZZONE081315A20211001,2,,,,,,,,,,,,,,,,,,,,,,,,,2021-10-01
PMAZZONE081719A20211129,2,,,,,,,,,,,,,,,,,,,,,,,,,2021-11-29
PMAZZONE081800A20220330,2,,,,,,,,,,,,,,,,,,,,,,,,,2022-03-30
PMAZZONE081817A20220112,2,,,,,,,,,,,,,,,,,,,,,,,,,2022-01-12
PMAZZONE082017A20210923,2,,,,,,,,,,,,,,,,,,,,,,,,,2021-09-23
PMAZZONE082427A20220118,2,,,,,,,,,,,,,,,,,,,,,,,,,2022-01-18
PMAZZONE082436A20211215,2,,,,,,,,,,,,,,,,,,,,,,,,,2021-12-15
PMAZZONE083142A20220318,2,,,,,,,,,,,,,,,,,,,,,,,,,2022-03-18
PMAZZONE084029A20220222,2,,,,,,,,,,,,,,,,,,,,,,,,,2022-02-22
PMAZZONE084303A20211123,2,,,,,,,,,,,,,,,,,,,,,,,,,2021-11-23
PMAZZONE084527A20220302,2,,,,,,,,,,,,,,,,,,,,,,,,,2022-03-02
PMAZZONE084541A20211117,2,,,,,,,,,,,,,,,,,,,,,,,,,2021-11-17
PMAZZONE084654A20220331,2,,,,,,,,,,,,,,,,,,,,,,,,,2022-03-31
PMAZZONE084855A20220316,2,,,,,,,,,,,,,,,,,,,,,,,,,2022-03-16
PMAZZONE085556A20211027,2,,,,,,,,,,,,,,,,,,,,,,,,,2021-10-27
PMAZZONE085649A20211122,2,,,,,,,,,,,,,,,,,,,,,,,,,2021-11-22
PMAZZONE090216A20220105,2,,,,,,,,,,,,,,,,,,,,,,,,,2022-01-05
PMAZZONE090515A20211222,2,,,,,,,,,,,,,,,,,,,,,,,,,2021-12-22
PMAZZONE091129A20211015,2,,,,,,,,,,,,,,,,,,,,,,,,,2021-10-15
PMAZZONE091422A20220208,2,,,,,,,,,,,,,,,,,,,,,,,,,2022-02-08
PMAZZONE092328A20211214,2,,,,,,,,,,,,,,,,,,,,,,,,,2021-12-14
PMAZZONE092709A20220209,2,,,,,,,,,,,,,,,,,,,,,,,,,2022-02-09
PMAZZONE093424A20210929,2,,,,,,,,,,,,,,,,,,,,,,,,,2021-09-29
PMAZZONE093514A20211108,2,,,,,,,,,,,,,,,,,,,,,,,,,2021-11-08
PMAZZONE093747A20211012,2,,,,,,,,,,,,,,,,,,,,,,,,,2021-10-12
PMAZZONE094829A20220125,2,,,,,,,,,,,,,,,,,,,,,,,,,2022-01-25
PMAZZONE095656A20210922,2,,,,,,,,,,,,,,,,,,,,,,,,,2021-09-22
PMAZZONE101834A20220301,2,,,,,,,,,,,,,,,,,,,,,,,,,2022-03-01
PMAZZONE102724A20211216,2,,,,,,,,,,,,,,,,,,,,,,,,,2021-12-16
PMAZZONE102735A20210924,1,,,,,,,,,,,,,,,,,,,,,,,,,2021-09-24
PMAZZONE103823A20210914,1,,,,,,,,,,,,,,,,,,,,,,,,,2021-09-14
PMAZZONE110512A20220107,3,,,,,,,,,,,,,,,,,,,,,,,,,2022-01-07
PMAZZONE111325A20211201,2,,,,,,,,,,,,,,,,,,,,,,,,,2021-12-01
PMAZZONE112327A20211011,2,,,,,,,,,,,,,,,,,,,,,,,,,2021-10-11
PMAZZONE114307A20211004,2,,,,,,,,,,,,,,,,,,,,,,,,,2021-10-04
PMAZZONE115537A20211014,3,,,,,,,,,,,,,,,,,,,,,,,,,2021-10-14
PMAZZONE121153P20220110,2,,,,,,,,,,,,,,,,,,,,,,,,,2022-01-10
PMAZZONE121331P20210922,3,,,,,,,,,,,,,,,,,,,,,,,,,2021-09-22
PSANTOS055856A20220118,2,,,,,,,,,,,,,,,,,,,,,,,,,2022-01-18
PSANTOS061550A20211019,2,,,,,,,,,,,,,,,,,,,,,,,,,2021-10-20
PSANTOS072020A20220808,2,,,,,,,,,,,,,,,,,,,,,,,,,2022-08-08
PSANTOS072258A20220119,2,,,,,,,,,,,,,,,,,,,,,,,,,2022-01-19
RHENSON080141A20230223,1,,,,,,,,,,,,,,,,,,,,,,,,,2023-02-23
RLAVALLEE074532A20211116,2,,,,,,,,,,,,,,,,,,,,,,,,,2021-11-17
RLOPEZ083540A20230721,1,,,,,,,,,,,,,,,,,,,,,,,,,2023-07-21
RONEILL010445P20220829,2,,,,,,,,,,,,,,,,,,,,,,,,,2022-08-29
RONEILL011311P20211105,1,,,,,,,,,,,,,,,,,,,,,,,,,2021-11-05
RONEILL012849P20220919,2,,,,,,,,,,,,,,,,,,,,,,,,,2022-09-19
RONEILL015751P20220715,1,,,,,,,,,,,,,,,,,,,,,,,,,2022-07-15
RONEILL020247P20221104,2,,,,,,,,,,,,,,,,,,,,,,,,,2022-11-04
RONEILL020807P20220601,1,,,,,,,,,,,,,,,,,,,,,,,,,2022-06-01
RONEILL020911P20221212,1,,,,,,,,,,,,,,,,,,,,,,,,,2022-12-12
RONEILL023147P20210916,1,,,,,,,,,,,,,,,,,,,,,,,,,2021-09-16
RONEILL030147P20220613,1,,,,,,,,,,,,,,,,,,,,,,,,,2022-06-13
RONEILL035555P20230906,1,,,,,,,,,,,,,,,,,,,,,,,,,2023-09-06
RONEILL073705A20221004,2,,,,,,,,,,,,,,,,,,,,,,,,,2022-10-04
RONEILL075019A20221123,1,,,,,,,,,,,,,,,,,,,,,,,,,2022-11-23
RONEILL075024A20230913,1,,,,,,,,,,,,,,,,,,,,,,,,,2023-09-13
RONEILL075102A20230517,1,,,,,,,,,,,,,,,,,,,,,,,,,2023-05-17
RONEILL075112A20220317,1,,,,,,,,,,,,,,,,,,,,,,,,,2022-03-17
RONEILL075221A20230404,2,,,,,,,,,,,,,,,,,,,,,,,,,2023-04-04
RONEILL075241A20221003,2,,,,,,,,,,,,,,,,,,,,,,,,,2022-10-03
RONEILL075308A20221003,2,,,,,,,,,,,,,,,,,,,,,,,,,2022-10-03
RONEILL075444A20220923,1,,,,,,,,,,,,,,,,,,,,,,,,,2022-09-23
RONEILL075456A20230606,2,,,,,,,,,,,,,,,,,,,,,,,,,2023-06-06
RONEILL075535A20230908,1,,,,,,,,,,,,,,,,,,,,,,,,,2023-09-08
RONEILL075625A20220923,2,,,,,,,,,,,,,,,,,,,,,,,,,2022-09-23
RONEILL075627A20230331,2,,,,,,,,,,,,,,,,,,,,,,,,,2023-03-31
RONEILL075654A20230323,2,,,,,,,,,,,,,,,,,,,,,,,,,2023-03-23
RONEILL075659A20211020,1,,,,,,,,,,,,,,,,,,,,,,,,,2021-10-20
RONEILL075747A20230802,1,,,,,,,,,,,,,,,,,,,,,,,,,2023-08-02
RONEILL075749A20230818,1,,,,,,,,,,,,,,,,,,,,,,,,,2023-08-18
RONEILL075808A20220823,2,,,,,,,,,,,,,,,,,,,,,,,,,2022-08-23
RONEILL075825A20220908,2,,,,,,,,,,,,,,,,,,,,,,,,,2022-09-08
RONEILL075851A20230912,1,,,,,,,,,,,,,,,,,,,,,,,,,2023-09-12
RONEILL080000A20230118,1,,,,,,,,,,,,,,,,,,,,,,,,,2023-01-18
RONEILL080014A20220922,2,,,,,,,,,,,,,,,,,,,,,,,,,2022-09-22
RONEILL080016A20220726,2,,,,,,,,,,,,,,,,,,,,,,,,,2022-07-26
RONEILL080058A20230418,2,,,,,,,,,,,,,,,,,,,,,,,,,2023-04-18
RONEILL080112A20210923,1,,,,,,,,,,,,,,,,,,,,,,,,,2021-09-23
RONEILL080117A20230502,2,,,,,,,,,,,,,,,,,,,,,,,,,2023-05-02
RONEILL080128A20221005,2,,,,,,,,,,,,,,,,,,,,,,,,,2022-10-05
RONEILL080131A20220913,2,,,,,,,,,,,,,,,,,,,,,,,,,2022-09-13
RONEILL080138A20230421,1,,,,,,,,,,,,,,,,,,,,,,,,,2023-04-21
RONEILL080151A20230327,2,,,,,,,,,,,,,,,,,,,,,,,,,2023-03-27
RONEILL080155A20221116,1,,,,,,,,,,,,,,,,,,,,,,,,,2022-11-16
RONEILL080239A20220718,1,,,,,,,,,,,,,,,,,,,,,,,,,2022-07-18
RONEILL080309A20221013,2,,,,,,,,,,,,,,,,,,,,,,,,,2022-10-13
RONEILL080338A20220628,1,,,,,,,,,,,,,,,,,,,,,,,,,2022-06-28
RONEILL080343A20220919,2,,,,,,,,,,,,,,,,,,,,,,,,,2022-09-19
RONEILL080345A20220525,1,,,,,,,,,,,,,,,,,,,,,,,,,2022-05-25
RONEILL080418A20220506,1,,,,,,,,,,,,,,,,,,,,,,,,,2022-05-06
RONEILL080420A20220805,2,,,,,,,,,,,,,,,,,,,,,,,,,2022-08-05
RONEILL080426A20230117,2,,,,,,,,,,,,,,,,,,,,,,,,,2023-01-17
RONEILL080442A20220816,2,,,,,,,,,,,,,,,,,,,,,,,,,2022-08-16
RONEILL080451A20211206,1,,,,,,,,,,,,,,,,,,,,,,,,,2021-12-06
RONEILL080522A20220812,2,,,,,,,,,,,,,,,,,,,,,,,,,2022-08-12
RONEILL080533A20230426,2,,,,,,,,,,,,,,,,,,,,,,,,,2023-04-26
RONEILL080545A20230919,1,,,,,,,,,,,,,,,,,,,,,,,,,2023-09-19
RONEILL080603A20230522,2,,,,,,,,,,,,,,,,,,,,,,,,,2023-05-22
RONEILL080606A20230615,2,,,,,,,,,,,,,,,,,,,,,,,,,2023-06-15
RONEILL080613A20211201,1,,,,,,,,,,,,,,,,,,,,,,,,,2021-12-01
RONEILL080637A20221222,1,,,,,,,,,,,,,,,,,,,,,,,,,2022-12-22
RONEILL080641A20230315,2,,,,,,,,,,,,,,,,,,,,,,,,,2023-03-15
RONEILL080648A20220901,2,,,,,,,,,,,,,,,,,,,,,,,,,2022-09-01
RONEILL080654A20230320,2,,,,,,,,,,,,,,,,,,,,,,,,,2023-03-20
RONEILL080714A20220601,2,,,,,,,,,,,,,,,,,,,,,,,,,2022-06-01
RONEILL080758A20221107,1,,,,,,,,,,,,,,,,,,,,,,,,,2022-11-07
RONEILL080811A20230308,1,,,,,,,,,,,,,,,,,,,,,,,,,2023-03-08
RONEILL080815A20220607,1,,,,,,,,,,,,,,,,,,,,,,,,,2022-06-07
RONEILL080825A20230316,2,,,,,,,,,,,,,,,,,,,,,,,,,2023-03-16
RONEILL080831A20230206,1,,,,,,,,,,,,,,,,,,,,,,,,,2023-02-06
RONEILL080924A20231102,1,,,,,,,,,,,,,,,,,,,,,,,,,2023-11-02
RONEILL081015A20231020,1,,,,,,,,,,,,,,,,,,,,,,,,,2023-10-20
RONEILL081032A20220715,1,,,,,,,,,,,,,,,,,,,,,,,,,2022-07-15
RONEILL081113A20221213,1,,,,,,,,,,,,,,,,,,,,,,,,,2022-12-13
RONEILL081128A20220912,2,,,,,,,,,,,,,,,,,,,,,,,,,2022-09-12
RONEILL081150A20230302,1,,,,,,,,,,,,,,,,,,,,,,,,,2023-03-02
RONEILL081151A20230530,2,,,,,,,,,,,,,,,,,,,,,,,,,2023-05-30
RONEILL081207A20221111,1,,,,,,,,,,,,,,,,,,,,,,,,,2022-11-11
RONEILL081211A20231005,1,,,,,,,,,,,,,,,,,,,,,,,,,2023-10-05
RONEILL081216A20230328,2,,,,,,,,,,,,,,,,,,,,,,,,,2023-03-28
RONEILL081350A20230313,1,,,,,,,,,,,,,,,,,,,,,,,,,2023-03-13
RONEILL081421A20220921,2,,,,,,,,,,,,,,,,,,,,,,,,,2022-09-21
RONEILL081428A20221228,2,,,,,,,,,,,,,,,,,,,,,,,,,2022-12-28
RONEILL081452A20220920,2,,,,,,,,,,,,,,,,,,,,,,,,,2022-09-20
RONEILL081510A20220721,1,,,,,,,,,,,,,,,,,,,,,,,,,2022-07-21
RONEILL081735A20221101,2,,,,,,,,,,,,,,,,,,,,,,,,,2022-11-01
RONEILL081750A20211216,1,,,,,,,,,,,,,,,,,,,,,,,,,2021-12-16
RONEILL081934A20230420,2,,,,,,,,,,,,,,,,,,,,,,,,,2023-04-21
RONEILL081939A20221220,1,,,,,,,,,,,,,,,,,,,,,,,,,2022-12-20
RONEILL082026A20230104,1,,,,,,,,,,,,,,,,,,,,,,,,,2023-01-04
RONEILL083328A20221122,1,,,,,,,,,,,,,,,,,,,,,,,,,2022-11-22
RONEILL083345A20230213,1,,,,,,,,,,,,,,,,,,,,,,,,,2023-02-13
RONEILL083520A20230223,1,,,,,,,,,,,,,,,,,,,,,,,,,2023-02-23
RONEILL083553A20220427,2,,,,,,,,,,,,,,,,,,,,,,,,,2022-04-27
RONEILL083834A20220815,2,,,,,,,,,,,,,,,,,,,,,,,,,2022-08-15
RONEILL084221A20221005,2,,,,,,,,,,,,,,,,,,,,,,,,,2022-10-05
RONEILL085321A20230125,1,,,,,,,,,,,,,,,,,,,,,,,,,2023-01-25
RONEILL085828A20230321,2,,,,,,,,,,,,,,,,,,,,,,,,,2023-03-21
RONEILL090327A20220706,1,,,,,,,,,,,,,,,,,,,,,,,,,2022-07-06
RONEILL090357A20220804,2,,,,,,,,,,,,,,,,,,,,,,,,,2022-08-04
RONEILL090549A20220926,2,,,,,,,,,,,,,,,,,,,,,,,,,2022-09-26
RONEILL090650A20220311,1,,,,,,,,,,,,,,,,,,,,,,,,,2022-03-11
RONEILL090708A20220926,2,,,,,,,,,,,,,,,,,,,,,,,,,2022-09-26
RONEILL090731A20220808,2,,,,,,,,,,,,,,,,,,,,,,,,,2022-08-08
RONEILL090839A20220513,1,,,,,,,,,,,,,,,,,,,,,,,,,2022-05-13
RONEILL090924A20220822,2,,,,,,,,,,,,,,,,,,,,,,,,,2022-08-22
RONEILL091455A20220420,1,,,,,,,,,,,,,,,,,,,,,,,,,2022-04-20
RONEILL092741A20220316,1,,,,,,,,,,,,,,,,,,,,,,,,,2022-03-16
RONEILL092818A20221116,1,,,,,,,,,,,,,,,,,,,,,,,,,2022-11-16
RONEILL093041A20220707,1,,,,,,,,,,,,,,,,,,,,,,,,,2022-07-07
RONEILL093211A20220131,1,,,,,,,,,,,,,,,,,,,,,,,,,2022-01-31
RONEILL093226A20221130,1,,,,,,,,,,,,,,,,,,,,,,,,,2022-11-30
RONEILL093417A20220728,1,,,,,,,,,,,,,,,,,,,,,,,,,2022-07-28
RONEILL093717A20220523,1,,,,,,,,,,,,,,,,,,,,,,,,,2022-05-23
RONEILL094409A20220930,2,,,,,,,,,,,,,,,,,,,,,,,,,2022-09-30
RONEILL094440A20220509,1,,,,,,,,,,,,,,,,,,,,,,,,,2022-05-09
RONEILL094517A20221222,1,,,,,,,,,,,,,,,,,,,,,,,,,2022-12-22
RONEILL094521A20220829,2,,,,,,,,,,,,,,,,,,,,,,,,,2022-08-29
RONEILL094833A20221214,1,,,,,,,,,,,,,,,,,,,,,,,,,2022-12-14
RONEILL094922A20220308,1,,,,,,,,,,,,,,,,,,,,,,,,,2022-03-08
RONEILL094939A20221026,1,,,,,,,,,,,,,,,,,,,,,,,,,2022-10-26
RONEILL095013A20221117,1,,,,,,,,,,,,,,,,,,,,,,,,,2022-11-17
RONEILL095216A20230109,1,,,,,,,,,,,,,,,,,,,,,,,,,2023-01-09
RONEILL095341A20221216,1,,,,,,,,,,,,,,,,,,,,,,,,,2022-12-16
RONEILL095412A20221020,1,,,,,,,,,,,,,,,,,,,,,,,,,2022-10-20
RONEILL095619A20230424,2,,,,,,,,,,,,,,,,,,,,,,,,,2023-04-24
RONEILL095620A20220519,1,,,,,,,,,,,,,,,,,,,,,,,,,2022-05-19
RONEILL095658A20220527,1,,,,,,,,,,,,,,,,,,,,,,,,,2022-05-27
RONEILL100315A20220930,1,,,,,,,,,,,,,,,,,,,,,,,,,2022-09-30
RONEILL100542A20230103,1,,,,,,,,,,,,,,,,,,,,,,,,,2023-01-03
RONEILL100549A20220614,1,,,,,,,,,,,,,,,,,,,,,,,,,2022-06-14
RONEILL101402A20220510,2,,,,,,,,,,,,,,,,,,,,,,,,,2022-05-10
RONEILL101747A20230310,1,,,,,,,,,,,,,,,,,,,,,,,,,2023-03-10
RONEILL102334A20211117,1,,,,,,,,,,,,,,,,,,,,,,,,,2021-11-17
RONEILL102509A20220802,1,,,,,,,,,,,,,,,,,,,,,,,,,2022-08-02
RONEILL102823A20220324,1,,,,,,,,,,,,,,,,,,,,,,,,,2022-03-24
RONEILL103558A20211230,1,,,,,,,,,,,,,,,,,,,,,,,,,2021-12-30
RONEILL103726A20221123,2,,,,,,,,,,,,,,,,,,,,,,,,,2022-11-23
RONEILL103819A20220127,2,,,,,,,,,,,,,,,,,,,,,,,,,2022-01-27
RONEILL103913A20220627,1,,,,,,,,,,,,,,,,,,,,,,,,,2022-06-27
RONEILL110454A20220803,1,,,,,,,,,,,,,,,,,,,,,,,,,2022-08-03
RONEILL110505A20221007,1,,,,,,,,,,,,,,,,,,,,,,,,,2022-10-07
RONEILL111648A20231004,1,,,,,,,,,,,,,,,,,,,,,,,,,2023-10-04
RONEILL112221A20220419,1,,,,,,,,,,,,,,,,,,,,,,,,,2022-04-19
RONEILL112714A20211102,1,,,,,,,,,,,,,,,,,,,,,,,,,2021-11-02
RONEILL113111A20221111,2,,,,,,,,,,,,,,,,,,,,,,,,,2022-11-11
RONEILL113129A20221103,2,,,,,,,,,,,,,,,,,,,,,,,,,2022-11-03
RONEILL113300A20220824,2,,,,,,,,,,,,,,,,,,,,,,,,,2022-08-24
RONEILL113335A20220222,1,,,,,,,,,,,,,,,,,,,,,,,,,2022-02-22
RONEILL113336A20220523,1,,,,,,,,,,,,,,,,,,,,,,,,,2022-05-23
RONEILL113411A20220801,1,,,,,,,,,,,,,,,,,,,,,,,,,2022-08-01
RONEILL113900A20220208,1,,,,,,,,,,,,,,,,,,,,,,,,,2022-02-08
RONEILL114253A20220725,1,,,,,,,,,,,,,,,,,,,,,,,,,2022-07-25
RONEILL114352A20230815,1,,,,,,,,,,,,,,,,,,,,,,,,,2023-08-15
RONEILL114546A20230828,1,,,,,,,,,,,,,,,,,,,,,,,,,2023-08-28
RONEILL114652A20211025,1,,,,,,,,,,,,,,,,,,,,,,,,,2021-10-25
RONEILL114710A20220921,2,,,,,,,,,,,,,,,,,,,,,,,,,2022-09-21
RONEILL115137A20220112,1,,,,,,,,,,,,,,,,,,,,,,,,,2022-01-12
RONEILL115446A20220913,2,,,,,,,,,,,,,,,,,,,,,,,,,2022-09-13
RONEILL115827A20221014,2,,,,,,,,,,,,,,,,,,,,,,,,,2022-10-14
RONEILL124602P20230308,1,,,,,,,,,,,,,,,,,,,,,,,,,2023-03-08
RONEILL125600P20211117,1,,,,,,,,,,,,,,,,,,,,,,,,,2021-11-17
RONEILL125941P20211227,1,,,,,,,,,,,,,,,,,,,,,,,,,2021-12-27
STEVESP011607P20220629,1,,,,,,,,,,,,,,,,,,,,,,,,,2022-06-29
STEVESP012659P20220128,1,,,,,,,,,,,,,,,,,,,,,,,,,2022-01-28
STEVESP015226P20211103,1,,,,,,,,,,,,,,,,,,,,,,,,,2021-11-03
STEVESP022816P20211207,1,,,,,,,,,,,,,,,,,,,,,,,,,2021-12-07
STEVESP023554P20220307,1,,,,,,,,,,,,,,,,,,,,,,,,,2022-03-07
STEVESP025726P20220503,1,,,,,,,,,,,,,,,,,,,,,,,,,2022-05-03
STEVESP060816A20211102,1,,,,,,,,,,,,,,,,,,,,,,,,,2021-11-02
STEVESP061204A20220321,1,,,,,,,,,,,,,,,,,,,,,,,,,2022-03-21
STEVESP061622A20220223,1,,,,,,,,,,,,,,,,,,,,,,,,,2022-02-23
STEVESP061648A20220324,1,,,,,,,,,,,,,,,,,,,,,,,,,2022-03-24
STEVESP061807A20210928,1,,,,,,,,,,,,,,,,,,,,,,,,,2021-09-28
STEVESP061834A20210920,1,,,,,,,,,,,,,,,,,,,,,,,,,2021-09-20
STEVESP061834A20211206,1,,,,,,,,,,,,,,,,,,,,,,,,,2021-12-06
STEVESP062101A20220124,1,,,,,,,,,,,,,,,,,,,,,,,,,2022-01-24
STEVESP062733A20211112,1,,,,,,,,,,,,,,,,,,,,,,,,,2021-11-12
STEVESP062826A20211227,1,,,,,,,,,,,,,,,,,,,,,,,,,2021-12-27
STEVESP063005A20211214,1,,,,,,,,,,,,,,,,,,,,,,,,,2021-12-14
STEVESP063044A20220329,1,,,,,,,,,,,,,,,,,,,,,,,,,2022-03-29
STEVESP063234A20211025,1,,,,,,,,,,,,,,,,,,,,,,,,,2021-10-25
STEVESP063353A20220323,1,,,,,,,,,,,,,,,,,,,,,,,,,2022-03-23
STEVESP063501A20211201,2,,,,,,,,,,,,,,,,,,,,,,,,,2021-12-01
STEVESP063541A20220408,1,,,,,,,,,,,,,,,,,,,,,,,,,2022-04-08
STEVESP063625A20220412,2,,,,,,,,,,,,,,,,,,,,,,,,,2022-04-12
STEVESP063751A20220624,1,,,,,,,,,,,,,,,,,,,,,,,,,2022-06-24
STEVESP063800A20210924,1,,,,,,,,,,,,,,,,,,,,,,,,,2021-09-24
STEVESP063816A20220328,1,,,,,,,,,,,,,,,,,,,,,,,,,2022-03-28
STEVESP064029A20220125,1,,,,,,,,,,,,,,,,,,,,,,,,,2022-01-25
STEVESP064038A20220518,1,,,,,,,,,,,,,,,,,,,,,,,,,2022-05-18
STEVESP064147A20211013,1,,,,,,,,,,,,,,,,,,,,,,,,,2021-10-13
STEVESP064232A20220211,1,,,,,,,,,,,,,,,,,,,,,,,,,2022-02-11
STEVESP064303A20220215,1,,,,,,,,,,,,,,,,,,,,,,,,,2022-02-15
STEVESP064336A20220503,1,,,,,,,,,,,,,,,,,,,,,,,,,2022-05-03
STEVESP064351A20220120,1,,,,,,,,,,,,,,,,,,,,,,,,,2022-01-20
STEVESP064423A20211124,1,,,,,,,,,,,,,,,,,,,,,,,,,2021-11-24
STEVESP064535A20220331,1,,,,,,,,,,,,,,,,,,,,,,,,,2022-03-31
STEVESP064543A20220314,1,,,,,,,,,,,,,,,,,,,,,,,,,2022-03-14
STEVESP064622A20220209,1,,,,,,,,,,,,,,,,,,,,,,,,,2022-02-09
STEVESP064624A20211001,1,,,,,,,,,,,,,,,,,,,,,,,,,2021-10-01
STEVESP064705A20220420,1,,,,,,,,,,,,,,,,,,,,,,,,,2022-04-20
STEVESP064711A20210923,1,,,,,,,,,,,,,,,,,,,,,,,,,2021-09-23
STEVESP064725A20211222,1,,,,,,,,,,,,,,,,,,,,,,,,,2021-12-22
STEVESP064744A20220405,1,,,,,,,,,,,,,,,,,,,,,,,,,2022-04-05
STEVESP064750A20220504,1,,,,,,,,,,,,,,,,,,,,,,,,,2022-05-04
STEVESP064812A20220210,1,,,,,,,,,,,,,,,,,,,,,,,,,2022-02-10
STEVESP064831A20220203,1,,,,,,,,,,,,,,,,,,,,,,,,,2022-02-03
STEVESP064849A20211202,1,,,,,,,,,,,,,,,,,,,,,,,,,2021-12-02
STEVESP064901A20220202,1,,,,,,,,,,,,,,,,,,,,,,,,,2022-02-02
STEVESP065014A20220316,1,,,,,,,,,,,,,,,,,,,,,,,,,2022-03-16
STEVESP065032A20220301,1,,,,,,,,,,,,,,,,,,,,,,,,,2022-03-01
STEVESP065120A20220520,1,,,,,,,,,,,,,,,,,,,,,,,,,2022-05-20
STEVESP065123A20220623,2,,,,,,,,,,,,,,,,,,,,,,,,,2022-06-23
STEVESP065139A20220401,1,,,,,,,,,,,,,,,,,,,,,,,,,2022-04-01
STEVESP065316A20220511,1,,,,,,,,,,,,,,,,,,,,,,,,,2022-05-11
STEVESP065339A20220303,1,,,,,,,,,,,,,,,,,,,,,,,,,2022-03-03
STEVESP065520A20220111,1,,,,,,,,,,,,,,,,,,,,,,,,,2022-01-11
STEVESP065556A20220201,1,,,,,,,,,,,,,,,,,,,,,,,,,2022-02-01
STEVESP065603A20220108,1,,,,,,,,,,,,,,,,,,,,,,,,,2022-01-08
STEVESP065855A20220126,1,,,,,,,,,,,,,,,,,,,,,,,,,2022-01-26
STEVESP070150A20220127,1,,,,,,,,,,,,,,,,,,,,,,,,,2022-01-27
STEVESP070536A20211116,1,,,,,,,,,,,,,,,,,,,,,,,,,2021-11-16
STEVESP070628A20220519,1,,,,,,,,,,,,,,,,,,,,,,,,,2022-05-19
STEVESP070830A20220404,1,,,,,,,,,,,,,,,,,,,,,,,,,2022-04-04
STEVESP070942A20211118,1,,,,,,,,,,,,,,,,,,,,,,,,,2021-11-18
STEVESP071108A20220221,1,,,,,,,,,,,,,,,,,,,,,,,,,2022-02-21
STEVESP071407A20220204,1,,,,,,,,,,,,,,,,,,,,,,,,,2022-02-04
STEVESP071539A20210916,2,,,,,,,,,,,,,,,,,,,,,,,,,2021-09-16
STEVESP072125A20220512,1,,,,,,,,,,,,,,,,,,,,,,,,,2022-05-12
STEVESP072810A20220504,1,,,,,,,,,,,,,,,,,,,,,,,,,2022-05-04
STEVESP073603A20230629,1,,,,,,,,,,,,,,,,,,,,,,,,,2023-06-29
STEVESP073805A20220304,1,,,,,,,,,,,,,,,,,,,,,,,,,2022-03-04
STEVESP073931A20220118,1,,,,,,,,,,,,,,,,,,,,,,,,,2022-01-18
STEVESP074404A20230821,1,,,,,,,,,,,,,,,,,,,,,,,,,2023-08-21
STEVESP074450A20220505,1,,,,,,,,,,,,,,,,,,,,,,,,,2022-05-05
STEVESP074502A20230707,1,,,,,,,,,,,,,,,,,,,,,,,,,2023-07-07
STEVESP074640A20230615,1,,,,,,,,,,,,,,,,,,,,,,,,,2023-06-15
STEVESP074657A20230609,1,,,,,,,,,,,,,,,,,,,,,,,,,2023-06-09
STEVESP074819A20230427,1,,,,,,,,,,,,,,,,,,,,,,,,,2023-04-27
STEVESP074823A20230616,1,,,,,,,,,,,,,,,,,,,,,,,,,2023-06-16
STEVESP074903A20220218,1,,,,,,,,,,,,,,,,,,,,,,,,,2022-02-18
STEVESP075047A20210929,1,,,,,,,,,,,,,,,,,,,,,,,,,2021-09-29
STEVESP075143A20220510,1,,,,,,,,,,,,,,,,,,,,,,,,,2022-05-10
STEVESP075209A20230828,1,,,,,,,,,,,,,,,,,,,,,,,,,2023-08-28
STEVESP075410A20211119,2,,,,,,,,,,,,,,,,,,,,,,,,,2021-11-19
STEVESP075553A20220121,1,,,,,,,,,,,,,,,,,,,,,,,,,2022-01-21
STEVESP075556A20230913,1,,,,,,,,,,,,,,,,,,,,,,,,,2023-09-13
STEVESP075602A20211217,1,,,,,,,,,,,,,,,,,,,,,,,,,2021-12-17
STEVESP075723A20220304,1,,,,,,,,,,,,,,,,,,,,,,,,,2022-03-04
STEVESP075822A20220302,1,,,,,,,,,,,,,,,,,,,,,,,,,2022-03-02
STEVESP075840A20240408,1,,,,,,,,,,,,,,,,,,,,,,,,,2024-04-08
STEVESP080257A20211112,1,,,,,,,,,,,,,,,,,,,,,,,,,2021-11-12
STEVESP080320A20220309,1,,,,,,,,,,,,,,,,,,,,,,,,,2022-03-09
STEVESP080411A20230929,1,,,,,,,,,,,,,,,,,,,,,,,,,2023-09-29
STEVESP080745A20211002,1,,,,,,,,,,,,,,,,,,,,,,,,,2021-10-02
STEVESP080747A20211029,1,,,,,,,,,,,,,,,,,,,,,,,,,2021-10-29
STEVESP080822A20220426,1,,,,,,,,,,,,,,,,,,,,,,,,,2022-04-26
STEVESP081319A20211020,1,,,,,,,,,,,,,,,,,,,,,,,,,2021-10-20
STEVESP081321A20230515,1,,,,,,,,,,,,,,,,,,,,,,,,,2023-05-15
STEVESP081545A20220310,1,,,,,,,,,,,,,,,,,,,,,,,,,2022-03-10
STEVESP082126A20220117,1,,,,,,,,,,,,,,,,,,,,,,,,,2022-01-17
STEVESP082158A20211009,1,,,,,,,,,,,,,,,,,,,,,,,,,2021-10-09
STEVESP083237A20211018,1,,,,,,,,,,,,,,,,,,,,,,,,,2021-10-18
STEVESP083357A20220617,1,,,,,,,,,,,,,,,,,,,,,,,,,2022-06-17
STEVESP083802A20220628,1,,,,,,,,,,,,,,,,,,,,,,,,,2022-06-28
STEVESP084426A20211213,1,,,,,,,,,,,,,,,,,,,,,,,,,2021-12-13
STEVESP084552A20220517,1,,,,,,,,,,,,,,,,,,,,,,,,,2022-05-17
STEVESP085128A20220223,1,,,,,,,,,,,,,,,,,,,,,,,,,2022-02-23
STEVESP085306A20220315,1,,,,,,,,,,,,,,,,,,,,,,,,,2022-03-15
STEVESP085440A20220418,1,,,,,,,,,,,,,,,,,,,,,,,,,2022-04-18
STEVESP085952A20220202,1,,,,,,,,,,,,,,,,,,,,,,,,,2022-02-02
STEVESP090008A20211019,2,,,,,,,,,,,,,,,,,,,,,,,,,2021-10-19
STEVESP090725A20211123,1,,,,,,,,,,,,,,,,,,,,,,,,,2021-11-23
STEVESP090809A20211228,1,,,,,,,,,,,,,,,,,,,,,,,,,2021-12-28
STEVESP091004A20211229,1,,,,,,,,,,,,,,,,,,,,,,,,,2021-12-29
STEVESP091253A20211006,1,,,,,,,,,,,,,,,,,,,,,,,,,2021-10-06
STEVESP091516A20220406,1,,,,,,,,,,,,,,,,,,,,,,,,,2022-04-06
STEVESP091819A20220506,1,,,,,,,,,,,,,,,,,,,,,,,,,2022-05-06
STEVESP091852A20211130,1,,,,,,,,,,,,,,,,,,,,,,,,,2021-11-30
STEVESP092347A20210916,1,,,,,,,,,,,,,,,,,,,,,,,,,2021-09-16
STEVESP092431A20211026,1,,,,,,,,,,,,,,,,,,,,,,,,,2021-10-26
STEVESP092459A20220630,1,,,,,,,,,,,,,,,,,,,,,,,,,2022-06-30
STEVESP092521A20211122,1,,,,,,,,,,,,,,,,,,,,,,,,,2021-11-22
STEVESP092752A20220622,1,,,,,,,,,,,,,,,,,,,,,,,,,2022-06-22
STEVESP092804A20211008,1,,,,,,,,,,,,,,,,,,,,,,,,,2021-10-08
STEVESP093116A20220407,1,,,,,,,,,,,,,,,,,,,,,,,,,2022-04-07
STEVESP093217A20220131,2,,,,,,,,,,,,,,,,,,,,,,,,,2022-01-31
STEVESP093305A20220520,1,,,,,,,,,,,,,,,,,,,,,,,,,2022-05-20
STEVESP093438A20220222,1,,,,,,,,,,,,,,,,,,,,,,,,,2022-02-22
STEVESP093538A20211011,1,,,,,,,,,,,,,,,,,,,,,,,,,2021-10-11
STEVESP093611A20220602,1,,,,,,,,,,,,,,,,,,,,,,,,,2022-06-02
STEVESP093715A20211215,1,,,,,,,,,,,,,,,,,,,,,,,,,2021-12-15
STEVESP093835A20211220,1,,,,,,,,,,,,,,,,,,,,,,,,,2021-12-20
STEVESP094050A20220223,1,,,,,,,,,,,,,,,,,,,,,,,,,2022-02-23
STEVESP094414A20211007,1,,,,,,,,,,,,,,,,,,,,,,,,,2021-10-07
STEVESP095026A20210914,1,,,,,,,,,,,,,,,,,,,,,,,,,2021-09-14
STEVESP095904A20220617,1,,,,,,,,,,,,,,,,,,,,,,,,,2022-06-17
STEVESP095923A20211214,1,,,,,,,,,,,,,,,,,,,,,,,,,2021-12-14
STEVESP100112A20220405,1,,,,,,,,,,,,,,,,,,,,,,,,,2022-04-05
STEVESP100113A20211123,1,,,,,,,,,,,,,,,,,,,,,,,,,2021-11-23
STEVESP101334A20220302,1,,,,,,,,,,,,,,,,,,,,,,,,,2022-03-02
STEVESP101455A20211222,1,,,,,,,,,,,,,,,,,,,,,,,,,2021-12-22
STEVESP101830A20220405,1,,,,,,,,,,,,,,,,,,,,,,,,,2022-04-05
STEVESP102411A20211216,1,,,,,,,,,,,,,,,,,,,,,,,,,2021-12-16
STEVESP102446A20220629,2,,,,,,,,,,,,,,,,,,,,,,,,,2022-06-29
STEVESP102848A20211115,1,,,,,,,,,,,,,,,,,,,,,,,,,2021-11-15
STEVESP102916A20220518,2,,,,,,,,,,,,,,,,,,,,,,,,,2022-05-18
STEVESP103109A20211027,1,,,,,,,,,,,,,,,,,,,,,,,,,2021-10-27
STEVESP103749A20220517,1,,,,,,,,,,,,,,,,,,,,,,,,,2022-05-17
STEVESP104056A20220218,1,,,,,,,,,,,,,,,,,,,,,,,,,2022-02-18
STEVESP105234A20220401,1,,,,,,,,,,,,,,,,,,,,,,,,,2022-04-01
STEVESP105406A20211230,1,,,,,,,,,,,,,,,,,,,,,,,,,2021-12-30
STEVESP105704A20211103,1,,,,,,,,,,,,,,,,,,,,,,,,,2021-11-03
STEVESP105810A20220420,1,,,,,,,,,,,,,,,,,,,,,,,,,2022-04-20
STEVESP110327A20220307,1,,,,,,,,,,,,,,,,,,,,,,,,,2022-03-07
STEVESP110529A20220322,1,,,,,,,,,,,,,,,,,,,,,,,,,2022-03-22
STEVESP110958A20220419,1,,,,,,,,,,,,,,,,,,,,,,,,,2022-04-19
STEVESP111157A20220418,1,,,,,,,,,,,,,,,,,,,,,,,,,2022-04-18
STEVESP111304A20220310,1,,,,,,,,,,,,,,,,,,,,,,,,,2022-03-10
STEVESP111318A20211117,1,,,,,,,,,,,,,,,,,,,,,,,,,2021-11-17
STEVESP111355A20210914,1,,,,,,,,,,,,,,,,,,,,,,,,,2021-09-14
STEVESP111821A20220317,1,,,,,,,,,,,,,,,,,,,,,,,,,2022-03-17
STEVESP112049A20220302,1,,,,,,,,,,,,,,,,,,,,,,,,,2022-03-02
STEVESP112237A20220328,1,,,,,,,,,,,,,,,,,,,,,,,,,2022-03-28
STEVESP112725A20220301,1,,,,,,,,,,,,,,,,,,,,,,,,,2022-03-01
STEVESP112936A20220214,1,,,,,,,,,,,,,,,,,,,,,,,,,2022-02-14
STEVESP113415A20211229,1,,,,,,,,,,,,,,,,,,,,,,,,,2021-12-29
STEVESP113916A20220413,1,,,,,,,,,,,,,,,,,,,,,,,,,2022-04-13
STEVESP114251A20220117,1,,,,,,,,,,,,,,,,,,,,,,,,,2022-01-17
STEVESP114421A20220124,1,,,,,,,,,,,,,,,,,,,,,,,,,2022-01-24
STEVESP114632A20220330,1,,,,,,,,,,,,,,,,,,,,,,,,,2022-03-30
STEVESP114912A20220523,1,,,,,,,,,,,,,,,,,,,,,,,,,2022-05-23
STEVESP115510A20211228,1,,,,,,,,,,,,,,,,,,,,,,,,,2021-12-28
STEVESP120650P20220304,1,,,,,,,,,,,,,,,,,,,,,,,,,2022-03-04
STEVESP120732P20210921,1,,,,,,,,,,,,,,,,,,,,,,,,,2021-09-21
STEVESP121729P20220317,1,,,,,,,,,,,,,,,,,,,,,,,,,2022-03-17
STEVESP121848P20211007,1,,,,,,,,,,,,,,,,,,,,,,,,,2021-10-07
STEVESP122258P20220624,2,,,,,,,,,,,,,,,,,,,,,,,,,2022-06-24
TJOSEPH010345P20230221,1,,,,,,,,,,,,,,,,,,,,,,,,,2023-02-21
TJOSEPH013156P20230428,1,,,,,,,,,,,,,,,,,,,,,,,,,2023-04-28
TJOSEPH023058P20230429,1,,,,,,,,,,,,,,,,,,,,,,,,,2023-05-01
TJOSEPH030644P20230523,1,,,,,,,,,,,,,,,,,,,,,,,,,2023-05-23
TJOSEPH065157A20230727,1,,,,,,,,,,,,,,,,,,,,,,,,,2023-07-27
TJOSEPH070259A20240430,1,,,,,,,,,,,,,,,,,,,,,,,,,2024-04-30
TJOSEPH070509A20220616,1,,,,,,,,,,,,,,,,,,,,,,,,,2022-06-16
TJOSEPH071302A20230713,1,,,,,,,,,,,,,,,,,,,,,,,,,2023-07-13
TJOSEPH072425A20230619,1,,,,,,,,,,,,,,,,,,,,,,,,,2023-06-19
TJOSEPH072427A20231023,1,,,,,,,,,,,,,,,,,,,,,,,,,2023-10-23
TJOSEPH072753A20230705,1,,,,,,,,,,,,,,,,,,,,,,,,,2023-07-05
TJOSEPH072930A20240119,1,,,,,,,,,,,,,,,,,,,,,,,,,2024-01-19
TJOSEPH074325A20231110,1,,,,,,,,,,,,,,,,,,,,,,,,,2023-11-10
TJOSEPH074621A20230425,1,,,,,,,,,,,,,,,,,,,,,,,,,2023-04-25
TJOSEPH074842A20221014,1,,,,,,,,,,,,,,,,,,,,,,,,,2022-10-14
TJOSEPH075035A20221017,1,,,,,,,,,,,,,,,,,,,,,,,,,2022-10-17
TJOSEPH075143A20230913,1,,,,,,,,,,,,,,,,,,,,,,,,,2023-09-13
TJOSEPH075349A20230331,1,,,,,,,,,,,,,,,,,,,,,,,,,2023-03-31
TJOSEPH075632A20230116,1,,,,,,,,,,,,,,,,,,,,,,,,,2023-01-16
TJOSEPH080210A20231113,1,,,,,,,,,,,,,,,,,,,,,,,,,2023-11-13
TJOSEPH080239A20230516,1,,,,,,,,,,,,,,,,,,,,,,,,,2023-05-16
TJOSEPH080255A20230707,1,,,,,,,,,,,,,,,,,,,,,,,,,2023-07-07
TJOSEPH080346A20240501,1,,,,,,,,,,,,,,,,,,,,,,,,,2024-05-01
TJOSEPH080410A20220915,1,,,,,,,,,,,,,,,,,,,,,,,,,2022-09-15
TJOSEPH080415A20230316,1,,,,,,,,,,,,,,,,,,,,,,,,,2023-03-16
TJOSEPH080434A20230428,1,,,,,,,,,,,,,,,,,,,,,,,,,2023-04-28
TJOSEPH080441A20230612,1,,,,,,,,,,,,,,,,,,,,,,,,,2023-06-12
TJOSEPH080600A20230327,1,,,,,,,,,,,,,,,,,,,,,,,,,2023-03-27
TJOSEPH080645A20230614,1,,,,,,,,,,,,,,,,,,,,,,,,,2023-06-14
TJOSEPH080822A20231016,1,,,,,,,,,,,,,,,,,,,,,,,,,2023-10-18
TJOSEPH080859A20231108,1,,,,,,,,,,,,,,,,,,,,,,,,,2023-11-08
TJOSEPH080952A20230524,1,,,,,,,,,,,,,,,,,,,,,,,,,2023-05-24
TJOSEPH081029A20221025,1,,,,,,,,,,,,,,,,,,,,,,,,,2022-10-25
TJOSEPH081352A20231025,1,,,,,,,,,,,,,,,,,,,,,,,,,2023-10-25
TJOSEPH081354A20231030,1,,,,,,,,,,,,,,,,,,,,,,,,,2023-10-30
TJOSEPH081501A20230613,1,,,,,,,,,,,,,,,,,,,,,,,,,2023-06-13
TJOSEPH081510A20221115,1,,,,,,,,,,,,,,,,,,,,,,,,,2022-11-15
TJOSEPH081640A20231115,1,,,,,,,,,,,,,,,,,,,,,,,,,2023-11-15
TJOSEPH081929A20240328,1,,,,,,,,,,,,,,,,,,,,,,,,,2024-03-28
TJOSEPH082039A20221111,1,,,,,,,,,,,,,,,,,,,,,,,,,2022-11-11
TJOSEPH082349A20221012,1,,,,,,,,,,,,,,,,,,,,,,,,,2022-10-12
TJOSEPH082435A20221103,1,,,,,,,,,,,,,,,,,,,,,,,,,2022-11-03
TJOSEPH082816A20221228,1,,,,,,,,,,,,,,,,,,,,,,,,,2022-12-28
TJOSEPH084031A20240731,1,,,,,,,,,,,,,,,,,,,,,,,,,2024-07-31
TJOSEPH084333A20230105,1,,,,,,,,,,,,,,,,,,,,,,,,,2023-01-05
TJOSEPH084627A20230307,1,,,,,,,,,,,,,,,,,,,,,,,,,2023-03-07
TJOSEPH085334A20230523,1,,,,,,,,,,,,,,,,,,,,,,,,,2023-05-23
TJOSEPH085729A20231026,1,,,,,,,,,,,,,,,,,,,,,,,,,2023-10-26
TJOSEPH085759A20230116,1,,,,,,,,,,,,,,,,,,,,,,,,,2023-01-16
TJOSEPH090536A20221219,1,,,,,,,,,,,,,,,,,,,,,,,,,2022-12-19
TJOSEPH091946A20230802,1,,,,,,,,,,,,,,,,,,,,,,,,,2023-08-02
TJOSEPH094627A20230712,1,,,,,,,,,,,,,,,,,,,,,,,,,2023-07-12
TJOSEPH100825A20230306,1,,,,,,,,,,,,,,,,,,,,,,,,,2023-03-06
TJOSEPH102202A20231102,1,,,,,,,,,,,,,,,,,,,,,,,,,2023-11-02
TJOSEPH103448A20230404,1,,,,,,,,,,,,,,,,,,,,,,,,,2023-04-04
TJOSEPH111033A20230504,1,,,,,,,,,,,,,,,,,,,,,,,,,2023-05-04
TJOSEPH112228A20230515,1,,,,,,,,,,,,,,,,,,,,,,,,,2023-05-15
TJOSEPH112629A20230310,1,,,,,,,,,,,,,,,,,,,,,,,,,2023-03-10
TJOSEPH113628A20230713,1,,,,,,,,,,,,,,,,,,,,,,,,,2023-07-13
TJOSEPH121155P20230315,1,,,,,,,,,,,,,,,,,,,,,,,,,2023-03-15
TJOSEPH121443P20230503,1,,,,,,,,,,,,,,,,,,,,,,,,,2023-05-03
TLAMOUNTAIN015947P20220411,3,,,,,,,,,,,,,,,,,,,,,,,,,2022-04-11
TLAMOUNTAIN061525A20240111,1,,,,,,,,,,,,,,,,,,,,,,,,,2024-01-11
TLAMOUNTAIN065545A20220511,1,,,,,,,,,,,,,,,,,,,,,,,,,2022-05-11
TLAMOUNTAIN065619A20220831,1,,,,,,,,,,,,,,,,,,,,,,,,,2022-08-31
TLAMOUNTAIN065638A20240713,2,,,,,,,,,,,,,,,,,,,,,,,,,2024-07-13
TLAMOUNTAIN065806A20220228,2,,,,,,,,,,,,,,,,,,,,,,,,,2022-02-28
TLAMOUNTAIN065812A20231129,1,,,,,,,,,,,,,,,,,,,,,,,,,2023-11-29
TLAMOUNTAIN065858A20231024,1,,,,,,,,,,,,,,,,,,,,,,,,,2023-10-24
TLAMOUNTAIN065900A20220411,1,,,,,,,,,,,,,,,,,,,,,,,,,2022-04-11
TLAMOUNTAIN065943A20221104,1,,,,,,,,,,,,,,,,,,,,,,,,,2022-11-04
TLAMOUNTAIN070023A20231108,1,,,,,,,,,,,,,,,,,,,,,,,,,2023-11-08
TLAMOUNTAIN070403A20221221,1,,,,,,,,,,,,,,,,,,,,,,,,,2022-12-21
TLAMOUNTAIN070432A20221202,1,,,,,,,,,,,,,,,,,,,,,,,,,2022-12-02
TLAMOUNTAIN070443A20230324,1,,,,,,,,,,,,,,,,,,,,,,,,,2023-03-24
TLAMOUNTAIN070556A20221103,1,,,,,,,,,,,,,,,,,,,,,,,,,2022-11-03
TLAMOUNTAIN070557A20240320,1,,,,,,,,,,,,,,,,,,,,,,,,,2024-03-20
TLAMOUNTAIN070634A20221227,1,,,,,,,,,,,,,,,,,,,,,,,,,2022-12-27
TLAMOUNTAIN070738A20231130,1,,,,,,,,,,,,,,,,,,,,,,,,,2023-11-30
TLAMOUNTAIN070813A20211029,2,,,,,,,,,,,,,,,,,,,,,,,,,2021-10-29
TLAMOUNTAIN070932A20240315,0,,,,,,,,,,,,,,,,,,,,,,,,,2024-03-15
TLAMOUNTAIN071026A20240119,0,,,,,,,,,,,,,,,,,,,,,,,,,2024-01-19
TLAMOUNTAIN071031A20231127,2,,,,,,,,,,,,,,,,,,,,,,,,,2023-11-27
TLAMOUNTAIN071202A20211202,1,,,,,,,,,,,,,,,,,,,,,,,,,2021-12-02
TLAMOUNTAIN071214A20240130,1,,,,,,,,,,,,,,,,,,,,,,,,,2024-01-30
TLAMOUNTAIN071301A20221108,1,,,,,,,,,,,,,,,,,,,,,,,,,2022-11-08
TLAMOUNTAIN072117A20240105,1,,,,,,,,,,,,,,,,,,,,,,,,,2024-01-05
TLAMOUNTAIN073153A20240102,1,,,,,,,,,,,,,,,,,,,,,,,,,2024-01-02
TLAMOUNTAIN073728A20240416,1,,,,,,,,,,,,,,,,,,,,,,,,,2024-04-16
TLAMOUNTAIN073816A20240122,1,,,,,,,,,,,,,,,,,,,,,,,,,2024-01-22
TLAMOUNTAIN075253A20211207,1,,,,,,,,,,,,,,,,,,,,,,,,,2021-12-07
TLAMOUNTAIN080319A20230421,1,,,,,,,,,,,,,,,,,,,,,,,,,2023-04-21
TLAMOUNTAIN080336A20230926,1,,,,,,,,,,,,,,,,,,,,,,,,,2023-09-26
TLAMOUNTAIN083654A20231117,1,,,,,,,,,,,,,,,,,,,,,,,,,2023-11-17
TLAMOUNTAIN091212A20220110,1,,,,,,,,,,,,,,,,,,,,,,,,,2022-01-10
TLAMOUNTAIN092805A20211209,1,,,,,,,,,,,,,,,,,,,,,,,,,2021-12-09
TLAMOUNTAIN092922A20230118,1,,,,,,,,,,,,,,,,,,,,,,,,,2023-01-18
TLAMOUNTAIN093534A20220118,1,,,,,,,,,,,,,,,,,,,,,,,,,2022-01-18
TLAMOUNTAIN094309A20220131,1,,,,,,,,,,,,,,,,,,,,,,,,,2022-01-31
TLAMOUNTAIN094332A20211111,5,,,,,,,,,,,,,,,,,,,,,,,,,2021-11-11
TLAMOUNTAIN095058A20220112,1,,,,,,,,,,,,,,,,,,,,,,,,,2022-01-12
TLAMOUNTAIN100400A20230619,2,,,,,,,,,,,,,,,,,,,,,,,,,2023-06-19
TLAMOUNTAIN102513A20211123,1,,,,,,,,,,,,,,,,,,,,,,,,,2021-11-23
TLAMOUNTAIN103212A20240124,1,,,,,,,,,,,,,,,,,,,,,,,,,2024-01-24
TLAMOUNTAIN103458A20220308,2,,,,,,,,,,,,,,,,,,,,,,,,,2022-03-08
TLAMOUNTAIN103705A20211019,1,,,,,,,,,,,,,,,,,,,,,,,,,2021-10-19
TLAMOUNTAIN110713A20211109,1,,,,,,,,,,,,,,,,,,,,,,,,,2021-11-09
TLAMOUNTAIN111141A20240307,1,,,,,,,,,,,,,,,,,,,,,,,,,2024-03-07
TLAMOUNTAIN112455A20231116,1,,,,,,,,,,,,,,,,,,,,,,,,,2023-11-16
TLAMOUNTAIN114653A20231117,1,,,,,,,,,,,,,,,,,,,,,,,,,2023-11-17
TLAMOUNTAIN121123P20231101,1,,,,,,,,,,,,,,,,,,,,,,,,,2023-11-01
VERIKSEN013919P20211213,1,,,,,,,,,,,,,,,,,,,,,,,,,2021-12-13
VERIKSEN014045P20220706,1,,,,,,,,,,,,,,,,,,,,,,,,,2022-07-06
VERIKSEN014750P20240708,1,,,,,,,,,,,,,,,,,,,,,,,,,2024-07-08
VERIKSEN020113P20240815,3,,,,,,,,,,,,,,,,,,,,,,,,,2024-08-15
VERIKSEN021451P20240812,1,,,,,,,,,,,,,,,,,,,,,,,,,2024-08-12
VERIKSEN022810P20211227,1,,,,,,,,,,,,,,,,,,,,,,,,,2021-12-27
VERIKSEN023936P20220414,1,,,,,,,,,,,,,,,,,,,,,,,,,2022-04-14
VERIKSEN024540P20230726,1,,,,,,,,,,,,,,,,,,,,,,,,,2023-07-26
VERIKSEN024546P20220707,1,,,,,,,,,,,,,,,,,,,,,,,,,2022-07-07
VERIKSEN025030P20220218,2,,,,,,,,,,,,,,,,,,,,,,,,,2022-02-18
VERIKSEN031837P20220125,2,,,,,,,,,,,,,,,,,,,,,,,,,2022-01-25
VERIKSEN035940P20230131,2,,,,,,,,,,,,,,,,,,,,,,,,,2023-01-31
VERIKSEN072040A20231220,1,,,,,,,,,,,,,,,,,,,,,,,,,2023-12-20
VERIKSEN072751A20240423,1,,,,,,,,,,,,,,,,,,,,,,,,,2024-04-23
VERIKSEN073733A20240703,1,,,,,,,,,,,,,,,,,,,,,,,,,2024-07-03
VERIKSEN074410A20240322,1,,,,,,,,,,,,,,,,,,,,,,,,,2024-03-22
VERIKSEN074748A20240805,2,,,,,,,,,,,,,,,,,,,,,,,,,2024-08-05
VERIKSEN075230A20240411,1,,,,,,,,,,,,,,,,,,,,,,,,,2024-04-11
VERIKSEN075435A20240430,1,,,,,,,,,,,,,,,,,,,,,,,,,2024-04-30
VERIKSEN075446A20240514,2,,,,,,,,,,,,,,,,,,,,,,,,,2024-05-14
VERIKSEN075453A20240104,1,,,,,,,,,,,,,,,,,,,,,,,,,2024-01-04
VERIKSEN075806A20240910,2,,,,,,,,,,,,,,,,,,,,,,,,,2024-09-10
VERIKSEN075953A20231227,2,,,,,,,,,,,,,,,,,,,,,,,,,2023-12-27
VERIKSEN080234A20221031,1,,,,,,,,,,,,,,,,,,,,,,,,,2022-10-31
VERIKSEN080431A20240312,2,,,,,,,,,,,,,,,,,,,,,,,,,2024-03-12
VERIKSEN080508A20240131,3,,,,,,,,,,,,,,,,,,,,,,,,,2024-01-31
VERIKSEN080846A20240813,2,,,,,,,,,,,,,,,,,,,,,,,,,2024-08-13
VERIKSEN081041A20240718,1,,,,,,,,,,,,,,,,,,,,,,,,,2024-07-18
VERIKSEN083731A20240515,2,,,,,,,,,,,,,,,,,,,,,,,,,2024-05-15
VERIKSEN090005A20230609,1,,,,,,,,,,,,,,,,,,,,,,,,,2023-06-09
VERIKSEN090040A20231208,2,,,,,,,,,,,,,,,,,,,,,,,,,2023-12-08
VERIKSEN090628A20230512,1,,,,,,,,,,,,,,,,,,,,,,,,,2023-05-12
VERIKSEN090633A20240307,1,,,,,,,,,,,,,,,,,,,,,,,,,2024-03-07
VERIKSEN090940A20240412,1,,,,,,,,,,,,,,,,,,,,,,,,,2024-04-12
VERIKSEN091738A20221128,1,,,,,,,,,,,,,,,,,,,,,,,,,2022-11-28
VERIKSEN092701A20240429,2,,,,,,,,,,,,,,,,,,,,,,,,,2024-04-29
VERIKSEN092927A20230526,1,,,,,,,,,,,,,,,,,,,,,,,,,2023-05-26
VERIKSEN093453A20230711,1,,,,,,,,,,,,,,,,,,,,,,,,,2023-07-11
VERIKSEN093526A20240130,1,,,,,,,,,,,,,,,,,,,,,,,,,2024-01-30
VERIKSEN094231A20230914,1,,,,,,,,,,,,,,,,,,,,,,,,,2023-09-14
VERIKSEN094332A20230502,3,,,,,,,,,,,,,,,,,,,,,,,,,2023-05-02
VERIKSEN095046A20230313,2,,,,,,,,,,,,,,,,,,,,,,,,,2023-03-13
VERIKSEN095230A20230427,1,,,,,,,,,,,,,,,,,,,,,,,,,2023-04-27
VERIKSEN095705A20240102,4,,,,,,,,,,,,,,,,,,,,,,,,,2024-01-02
VERIKSEN100612A20230317,1,,,,,,,,,,,,,,,,,,,,,,,,,2023-03-17
VERIKSEN100905A20231127,1,,,,,,,,,,,,,,,,,,,,,,,,,2023-11-27
VERIKSEN102921A20240327,2,,,,,,,,,,,,,,,,,,,,,,,,,2024-03-27
VERIKSEN103344A20240216,1,,,,,,,,,,,,,,,,,,,,,,,,,2024-02-16
VERIKSEN103722A20240403,1,,,,,,,,,,,,,,,,,,,,,,,,,2024-04-03
VERIKSEN103833A20230726,1,,,,,,,,,,,,,,,,,,,,,,,,,2023-07-26
VERIKSEN104403A20220216,1,,,,,,,,,,,,,,,,,,,,,,,,,2022-02-16
VERIKSEN104448A20220324,1,,,,,,,,,,,,,,,,,,,,,,,,,2022-03-24
VERIKSEN110050A20240109,1,,,,,,,,,,,,,,,,,,,,,,,,,2024-01-09
VERIKSEN110219A20240215,3,,,,,,,,,,,,,,,,,,,,,,,,,2024-02-15
VERIKSEN110607A20220310,1,,,,,,,,,,,,,,,,,,,,,,,,,2022-03-10
VERIKSEN110738A20240606,1,,,,,,,,,,,,,,,,,,,,,,,,,2024-06-06
VERIKSEN115110A20240319,1,,,,,,,,,,,,,,,,,,,,,,,,,2024-03-19
VERIKSEN120937P20230421,1,,,,,,,,,,,,,,,,,,,,,,,,,2023-04-21
VERIKSEN121246P20231031,2,,,,,,,,,,,,,,,,,,,,,,,,,2023-10-31
VERIKSEN121556P20231006,2,,,,,,,,,,,,,,,,,,,,,,,,,2023-10-06
VERIKSEN124552P20230320,1,,,,,,,,,,,,,,,,,,,,,,,,,2023-03-20
VERIKSEN124558P20240123,1,,,,,,,,,,,,,,,,,,,,,,,,,2024-01-23
WARRAL073816A20220629,1,,,,,,,,,,,,,,,,,,,,,,,,,2022-06-29
WARRAL080831A20230919,1,,,,,,,,,,,,,,,,,,,,,,,,,2023-09-19
WARRAL083749A20231010,1,,,,,,,,,,,,,,,,,,,,,,,,,2023-10-10
WARRAL085844A20231027,1,,,,,,,,,,,,,,,,,,,,,,,,,2023-10-27
WARRAL092209A20220406,1,,,,,,,,,,,,,,,,,,,,,,,,,2022-04-06
XIA011031P20230812,1,,,,,,,,,,,,,,,,,,,,,,,,,2023-08-13
XIA014700P20230227,1,,,,,,,,,,,,,,,,,,,,,,,,,2023-02-28
XIA015052P20230428,2,,,,,,,,,,,,,,,,,,,,,,,,,2023-04-28
XIA015623P20230726,2,,,,,,,,,,,,,,,,,,,,,,,,,2023-07-26
XIA022430P20230125,1,,,,,,,,,,,,,,,,,,,,,,,,,2023-01-25
XIA022815P20230211,2,,,,,,,,,,,,,,,,,,,,,,,,,2023-02-11
XIA023500P20230805,1,,,,,,,,,,,,,,,,,,,,,,,,,2023-08-05
XIA035046P20221114,1,,,,,,,,,,,,,,,,,,,,,,,,,2022-11-16
XIA041233P20221117,1,,,,,,,,,,,,,,,,,,,,,,,,,2022-11-18
XIA041417P20230723,1,,,,,,,,,,,,,,,,,,,,,,,,,2023-07-23
XIA044810P20230207,2,,,,,,,,,,,,,,,,,,,,,,,,,2023-02-07
XIA050257P20230716,2,,,,,,,,,,,,,,,,,,,,,,,,,2023-07-16
XIA050733P20221130,2,,,,,,,,,,,,,,,,,,,,,,,,,2022-11-30
XIA053050P20230717,1,,,,,,,,,,,,,,,,,,,,,,,,,2023-07-17
XIA061717P20230714,2,,,,,,,,,,,,,,,,,,,,,,,,,2023-07-15
XIA071030P20230311,1,,,,,,,,,,,,,,,,,,,,,,,,,2023-03-11
XIA075115A20230720,2,,,,,,,,,,,,,,,,,,,,,,,,,2023-07-20
XIA080101A20220901,2,,,,,,,,,,,,,,,,,,,,,,,,,2022-09-01
XIA080423A20221202,1,,,,,,,,,,,,,,,,,,,,,,,,,2022-12-02
XIA081848A20220729,1,,,,,,,,,,,,,,,,,,,,,,,,,2022-07-29
XIA083322A20230522,1,,,,,,,,,,,,,,,,,,,,,,,,,2023-05-23
XIA084143A20220825,1,,,,,,,,,,,,,,,,,,,,,,,,,2022-08-25
XIA085654P20230724,2,,,,,,,,,,,,,,,,,,,,,,,,,2023-07-25
XIA085858A20230803,2,,,,,,,,,,,,,,,,,,,,,,,,,2023-08-04
XIA090428P20230830,1,,,,,,,,,,,,,,,,,,,,,,,,,2023-08-30
XIA091335A20221207,1,,,,,,,,,,,,,,,,,,,,,,,,,2022-12-07
XIA093351A20220902,2,,,,,,,,,,,,,,,,,,,,,,,,,2022-09-02
XIA093539A20220803,1,,,,,,,,,,,,,,,,,,,,,,,,,2022-08-03
XIA100051A20221004,1,,,,,,,,,,,,,,,,,,,,,,,,,2022-10-04
XIA100602A20220804,2,,,,,,,,,,,,,,,,,,,,,,,,,2022-08-04
XIA105148A20230805,1,,,,,,,,,,,,,,,,,,,,,,,,,2023-08-05
XIA110348P20230722,1,,,,,,,,,,,,,,,,,,,,,,,,,2023-07-22
XIA111359A20230404,1,,,,,,,,,,,,,,,,,,,,,,,,,2023-04-04
XIA111635A20230731,1,,,,,,,,,,,,,,,,,,,,,,,,,2023-08-01
XIA112734A20220803,2,,,,,,,,,,,,,,,,,,,,,,,,,2022-08-03
XIA113851A20221007,1,,,,,,,,,,,,,,,,,,,,,,,,,2022-10-07
XIA121116P20230107,2,,,,,,,,,,,,,,,,,,,,,,,,,2023-01-07
XIA122741P20230712,2,,,,,,,,,,,,,,,,,,,,,,,,,2023-07-12
XIA123853P20230308,2,,,,,,,,,,,,,,,,,,,,,,,,,2023-03-08
XIA124236P20221104,1,,,,,,,,,,,,,,,,,,,,,,,,,2022-11-04
