caller,template_filename,callee_basename,is_self_ref
ABICHECK.RTM,Q:\ABICHECK.RTM,ABICHECK.RTM,True
ABICHECK.RTM,Q:\Abicheck.rtm,ABICHECK.RTM,True
BKAPH1.RTM,C:\DBAMFG\BKAPH1.RTM,BKAPH1.RTM,True
BKAPH1.RTM,C:\DBAMFG\BKAPH1.RTM,BKAPH1.RTM,True
BKAPH2.RTM,C:\DBAMFG\bkaph2.RTM,BKAPH2.RTM,True
BKAPHA1.RTM,C:\DBAMFG\BKAPHA4.RTM,BKAPHA4.RTM,False
BKAPHA1.RTM,\\I2s44-hapi\dbamfg$\BKAPHA1-TEST.RTM,BKAPHA1-TEST.RTM,False
BKAPHA1.RTM,\\I2s44-hapi\dbamfg$\BKAPHA1-TEST.RTM,BKAPHA1-TEST.RTM,False
BKAPHA103009.RTM,T:\BKAPHA1.RTM,BKAPHA1.RTM,False
BKAPHA2.RTM,C:\DBAMFG\BKAPHA2.RTM,BKAPHA2.RTM,True
BKAPHA2.RTM,C:\DBAMFG\BKAPHA2.RTM,BKAPHA2.RTM,True
BKAPHA2.RTM,C:\DBAMFG\BKAPHA2.RTM,BKAPHA2.RTM,True
BKAPHA3.RTM,C:\DBAMFG\BKAPHA3.RTM,BKAPHA3.RTM,True
BKAPHA3.RTM,C:\DBAMFG\BKAPHA3.RTM,BKAPHA3.RTM,True
BKAPHA3.RTM,C:\DBAMFG\BKAPHA3.RTM,BKAPHA3.RTM,True
BKAPHA4.RTM,C:\DBAMFG\BKAPHA4.RTM,BKAPHA4.RTM,True
BKAPHA4.RTM,\\I2s44-hapi\dbamfg$\BKAPHA1-TEST.RTM,BKAPHA1-TEST.RTM,False
BKAPHA4.RTM,\\I2s44-hapi\dbamfg$\BKAPHA1-TEST.RTM,BKAPHA1-TEST.RTM,False
BKAPM1.RTM,C:\DBAMFG\bkapm1.rtm,BKAPM1.RTM,True
BKAPM2.RTM,C:\DBAMFG\bkapm2.rtm,BKAPM2.RTM,True
BKAPM3.RTM,C:\DBAMFG\bkapm3.rtm,BKAPM3.RTM,True
BKAPM4.RTM,C:\DBAMFG\bkapm4.rtm,BKAPM4.RTM,True
BKAPS1.RTM,C:\Dbamfg\bkaps1.rtm,BKAPS1.RTM,True
BKAPS3.RTM,C:\dbamfg\BKAPS3.RTM,BKAPS3.RTM,True
BKARE1.RTM,C:\SOURCE\RTM\Bkare1.rtm,BKARE1.RTM,True
BKARE1.RTM,C:\SOURCE\RTM\Bkare1.rtm,BKARE1.RTM,True
BKARE1.RTM,C:\SOURCE\RTM\Bkare1.rtm,BKARE1.RTM,True
BKARE2.RTM,C:\ISTECH\BKARE2.RTM,BKARE2.RTM,True
BKARE2.RTM,C:\ISTECH\BKARE2.RTM,BKARE2.RTM,True
BKARE2.RTM,C:\ISTECH\BKARE2.RTM,BKARE2.RTM,True
BKARE3.RTM,C:\SOURCE\RTM\Bkare3.rtm,BKARE3.RTM,True
BKARE3.RTM,C:\DBAMFG\bkare3.RTM,BKARE3.RTM,True
BKARE3.RTM,C:\SOURCE\RTM\Bkare3.rtm,BKARE3.RTM,True
BKARG.RTM,C:\DBAMFG\bkarg.RTM,BKARG.RTM,True
BKARG.RTM,C:\Program Files\Borland\Delphi 3\BIN\test.RTM,TEST.RTM,False
BKARI1.RTM,C:\DBAMFG\bkari1.rtm,BKARI1.RTM,True
BKARI2.RTM,C:\DBAMFG\bkari2.rtm,BKARI2.RTM,True
BKARI3.RTM,C:\DBAMFG\bkari3.rtm,BKARI3.RTM,True
BKARI4.RTM,C:\DBAMFG\bkari4.rtm,BKARI4.RTM,True
BKARP1.RTM,C:\DBAMFG\Bkarp1.RTM,BKARP1.RTM,True
BKARPL1.RTM,C:\DBAMFG\Bkarpl1.rtm,BKARPL1.RTM,True
BKAWC1.RTM,C:\SOURCE\RTM\bkawc1.rtm,BKAWC1.RTM,True
BKAWC1.RTM,C:\SOURCE\RTM\bkawc1.rtm,BKAWC1.RTM,True
BKAWC1.RTM,C:\SOURCE\RTM\bkawc1.rtm,BKAWC1.RTM,True
BKAWC1.RTM,C:\SOURCE\RTM\bkawc1.rtm,BKAWC1.RTM,True
BKAWC1.RTM,C:\SOURCE\RTM\bkawc1.rtm,BKAWC1.RTM,True
BKAWC1.RTM,C:\SOURCE\RTM\bkawc1.rtm,BKAWC1.RTM,True
BKAWC1.RTM,C:\SOURCE\RTM\bkawc1.rtm,BKAWC1.RTM,True
BKAWC1.RTM,C:\DBAMFG\BKAWC1.RTM,BKAWC1.RTM,True
BKAWC1.RTM,C:\DBAMFG\BKAWC1.RTM,BKAWC1.RTM,True
BKAWC2.RTM,C:\SOURCE\RTM\bkawc2.rtm,BKAWC2.RTM,True
BKAWC2.RTM,C:\SOURCE\RTM\bkawc2.rtm,BKAWC2.RTM,True
BKAWC2.RTM,C:\SOURCE\RTM\bkawc2.rtm,BKAWC2.RTM,True
BKAWC2.RTM,C:\SOURCE\apr99\bkawc2.rtm,BKAWC2.RTM,True
BKAWC2.RTM,C:\SOURCE\apr99\bkawc2.rtm,BKAWC2.RTM,True
BKAWC2.RTM,C:\SOURCE\apr99\bkawc2.rtm,BKAWC2.RTM,True
BKAWC2.RTM,C:\SOURCE\RTM\bkawc2.rtm,BKAWC2.RTM,True
BKAWC2.RTM,C:\SOURCE\apr99\bkawc2.rtm,BKAWC2.RTM,True
BKAWC2.RTM,C:\SOURCE\apr99\bkawc2.rtm,BKAWC2.RTM,True
BKAWE1.RTM,C:\DBAMFG\bkawe1.RTM,BKAWE1.RTM,True
BKAWE2.RTM,C:\ISTECH\BKAWE2.RTM,BKAWE2.RTM,True
BKBOL1.rtm,C:\dbamfg\BKBOL1.RTM,BKBOL1.RTM,True
BKBOL1.rtm,C:\dbamfg\BKBOL1.RTM,BKBOL1.RTM,True
BKBOL1.rtm,C:\dbamfg\BKBOL1.RTM,BKBOL1.RTM,True
BKBOL1.rtm,C:\dbamfg\BKBOL1.RTM,BKBOL1.RTM,True
BKBOL1.rtm,C:\dbamfg\BKBOL1.RTM,BKBOL1.RTM,True
BKBOL1.rtm,C:\dbamfg\BKBOL1.RTM,BKBOL1.RTM,True
BKBOL1.rtm,C:\dbamfg\BKBOL1.RTM,BKBOL1.RTM,True
BKBOL1.rtm,C:\dbamfg\BKBOL1.RTM,BKBOL1.RTM,True
BKCMBD1.RTM,C:\DBAMFG\bkcmbd1.rtm,BKCMBD1.RTM,True
BKCMBD2.RTM,C:\DBAMFG\bkcmbd2.rtm,BKCMBD2.RTM,True
BKCMBD3.RTM,C:\DBAMFG\bkcmbd3.rtm,BKCMBD3.RTM,True
BKCMBI1.RTM,C:\DBAMFG\Bkcmbi1.RTM,BKCMBI1.RTM,True
BKDCE.RTM,C:\DBAMFG\bkdce.rtm,BKDCE.RTM,True
BKDCF.RTM,C:\DBAMFG\bkdcf.RTM,BKDCF.RTM,True
BKDCG1.RTM,C:\SOURCE\apr99\Bkdcg1.rtm,BKDCG1.RTM,True
BKDCG1.RTM,C:\SOURCE\apr99\Bkdcg1.rtm,BKDCG1.RTM,True
BKDCG1.RTM,C:\SOURCE\apr99\Bkdcg1.rtm,BKDCG1.RTM,True
BKDCG1.RTM,C:\SOURCE\apr99\Bkdcg1.rtm,BKDCG1.RTM,True
BKDCG1.RTM,C:\DBAMFG\bkdcg1.rtm,BKDCG1.RTM,True
BKDCG1.RTM,C:\SOURCE\apr99\Bkdcg1.rtm,BKDCG1.RTM,True
BKDCG1.RTM,C:\SOURCE\apr99\Bkdcg1.rtm,BKDCG1.RTM,True
BKDCG1.RTM,C:\SOURCE\apr99\Bkdcg1.rtm,BKDCG1.RTM,True
BKDCG1.RTM,C:\SOURCE\apr99\Bkdcg1.rtm,BKDCG1.RTM,True
BKDCG2.RTM,C:\SOURCE\apr99\Bkdcg2.rtm,BKDCG2.RTM,True
BKDCG2.RTM,C:\SOURCE\apr99\Bkdcg2.rtm,BKDCG2.RTM,True
BKDCG2.RTM,C:\SOURCE\apr99\Bkdcg2.rtm,BKDCG2.RTM,True
BKDCG2.RTM,C:\SOURCE\apr99\Bkdcg2.rtm,BKDCG2.RTM,True
BKDCG2.RTM,C:\DBAMFG\BKDCG2.RTM,BKDCG2.RTM,True
BKDCG2.RTM,C:\DBAMFG\BKDCG2.RTM,BKDCG2.RTM,True
BKDCG2.RTM,C:\DBAMFG\BKDCG2.RTM,BKDCG2.RTM,True
BKDCG2.RTM,C:\DBAMFG\BKDCG2.RTM,BKDCG2.RTM,True
BKDCG2.RTM,C:\DBAMFG\BKDCG2.RTM,BKDCG2.RTM,True
BKESD1.RTM,C:\DBAMFG\bkesd1.RTM,BKESD1.RTM,True
BKESD1.RTM,C:\DBAMFG\bkesd1.RTM,BKESD1.RTM,True
BKESD1.RTM,C:\DBAMFG\bkesd1.RTM,BKESD1.RTM,True
BKESD2.RTM,C:\DBAMFG\bkesd2.RTM,BKESD2.RTM,True
BKESD2.RTM,C:\DBAMFG\bkesd2.RTM,BKESD2.RTM,True
BKESD2.RTM,C:\DBAMFG\bkesd2.RTM,BKESD2.RTM,True
BKESD3.RTM,C:\DBAMFG\bkesd3.RTM,BKESD3.RTM,True
BKESD3.RTM,C:\DBAMFG\bkesd3.RTM,BKESD3.RTM,True
BKESD3.RTM,C:\DBAMFG\bkesd3.RTM,BKESD3.RTM,True
BKESD4.RTM,C:\DBAMFG\bkesd4.RTM,BKESD4.RTM,True
BKESD4.RTM,C:\DBAMFG\bkesd4.RTM,BKESD4.RTM,True
BKESD4.RTM,C:\DBAMFG\bkesd2.RTM,BKESD2.RTM,False
BKING1.RTM,C:\DBAMFG\BKING1.RTM,BKING1.RTM,True
BKING2.RTM,C:\DBAMFG\BKING2.RTM,BKING2.RTM,True
BKING3.RTM,C:\DBAMFG\BKING3.RTM,BKING3.RTM,True
BKING42.RTM,C:\DBAMFG\BKING42.RTM,BKING42.RTM,True
BKING44.RTM,K:\BKING44.RTM,BKING44.RTM,True
BKISWCE1.RTM,C:\DBAMFG\BKISWCE1.RTM,BKISWCE1.RTM,True
BKISWCE1.RTM,C:\DBAMFG\BKISWCE1.RTM,BKISWCE1.RTM,True
BKISWCE1.RTM,C:\DBAMFG\BKISWCE1.RTM,BKISWCE1.RTM,True
BKISWCE1.RTM,C:\DBAMFG\BKISWCE1.RTM,BKISWCE1.RTM,True
BKPOB1.RTM,C:\DBAMFG\bkpob1.RTM,BKPOB1.RTM,True
BKPOB1.RTM,C:\DBAMFG\bkpob1.RTM,BKPOB1.RTM,True
BKPOB1.RTM,C:\SOURCE\RTM\Bkpob1.rtm,BKPOB1.RTM,True
BKPOB1.RTM,C:\SOURCE\RTM\Bkpob1.rtm,BKPOB1.RTM,True
BKPOB1.RTM,C:\DBAMFG\bkpob1.RTM,BKPOB1.RTM,True
BKPOB2.RTM,C:\DBAMFG\bkpob2.RTM,BKPOB2.RTM,True
BKPOB2.RTM,C:\DBAMFG\bkpob2.RTM,BKPOB2.RTM,True
BKPOB2.RTM,C:\DBAMFG\bkpob2.rtm,BKPOB2.RTM,True
BKPOB2.RTM,C:\DBAMFG\bkpob2.rtm,BKPOB2.RTM,True
BKPOB2.RTM,C:\DBAMFG\bkpob2.rtm,BKPOB2.RTM,True
BKPOB3.RTM,C:\DBAMFG\bkpob3.rtm,BKPOB3.RTM,True
BKPOB3.RTM,C:\DBAMFG\bkpob3.rtm,BKPOB3.RTM,True
BKPOB3.RTM,C:\DBAMFG\bkpob3.rtm,BKPOB3.RTM,True
BKPOB3.RTM,C:\DBAMFG\bkpob3.rtm,BKPOB3.RTM,True
BKPOB3.RTM,C:\DBAMFG\bkpob3.rtm,BKPOB3.RTM,True
BKPOB3V.rtm,\\wacke\dbamfg$\BKPOB3 - Dec 2010 mods.RTM,BKPOB3 - DEC 2010 MODS.RTM,False
BKPOB3V.rtm,F:\BKPOB3A.rtm,BKPOB3A.RTM,False
BKPOB3V.rtm,F:\BKPOB3A.rtm,BKPOB3A.RTM,False
BKPOB3V.rtm,F:\BKPOB3A.rtm,BKPOB3A.RTM,False
BKPOB3V.rtm,F:\BKPOB3A.rtm,BKPOB3A.RTM,False
BKPOB4.RTM,C:\DBAMFG\BKPOB4.RTM,BKPOB4.RTM,True
BKPOB4.RTM,C:\DBAMFG\BKPOB4.RTM,BKPOB4.RTM,True
BKPOB4.RTM,C:\DBAMFG\BKpob4.RTM,BKPOB4.RTM,True
BKPOB4.RTM,C:\DBAMFG\BKpob4.RTM,BKPOB4.RTM,True
BKPOB4.RTM,C:\DBAMFG\BKpob4.RTM,BKPOB4.RTM,True
BKPOB4O.rtm,N:\BKPOB4.RTM,BKPOB4.RTM,False
BKPOB4O.rtm,C:\Dbamfg\BKPOB4.RTM,BKPOB4.RTM,False
BKPOB4O.rtm,C:\DBAMFG\bkpob4.rtm,BKPOB4.RTM,False
BKPOB4O.rtm,C:\DBAMFG\bkpob4.rtm,BKPOB4.RTM,False
BKPOB4O.rtm,C:\DBAMFG\bkpob4.rtm,BKPOB4.RTM,False
BKPOB5.RTM,Q:\BKPOB5.RTM,BKPOB5.RTM,True
BKPOB5.RTM,C:\Dbamfg\BKPOB4.RTM,BKPOB4.RTM,False
BKPOB5.RTM,C:\DBAMFG\bkpob4.rtm,BKPOB4.RTM,False
BKPOB5.RTM,C:\DBAMFG\bkpob4.rtm,BKPOB4.RTM,False
BKPOB5.RTM,C:\DBAMFG\bkpob4.rtm,BKPOB4.RTM,False
BKPOJA1.RTM,T:\BKPOJA1.RTM,BKPOJA1.RTM,True
BKPOJA1.RTM,C:\DBAMFG\bkpoja1.RTM,BKPOJA1.RTM,True
BKPOJA1.RTM,C:\DBAMFG\bkpoja1.RTM,BKPOJA1.RTM,True
BKPOJA1.RTM,C:\DBAMFG\bkpoja1.RTM,BKPOJA1.RTM,True
BKPOJA1.RTM,C:\DBAMFG\bkpoja1.RTM,BKPOJA1.RTM,True
BKPOJA1.RTM,C:\DBAMFG\BKPOJA1.RTM,BKPOJA1.RTM,True
BKPOJA2.RTM,C:\DBAMFG\BKPOJA2a.RTM,BKPOJA2A.RTM,False
BKPOJA2.RTM,C:\DBAMFG\bkpoja1.RTM,BKPOJA1.RTM,False
BKPOJA2.RTM,C:\DBAMFG\bkpoja1.RTM,BKPOJA1.RTM,False
BKPOJA2.RTM,C:\DBAMFG\BKPOJA2a.RTM,BKPOJA2A.RTM,False
BKPOJA2.RTM,C:\DBAMFG\BKPOJA2a.RTM,BKPOJA2A.RTM,False
BKPOJA2.RTM,C:\DBAMFG\bkpoja1.RTM,BKPOJA1.RTM,False
BKPRD2.RTM,C:\DBAMFG\BKPRD2.RTM,BKPRD2.RTM,True
BKPRD4.RTM,C:\DBAMFG\BKPRD4.RTM,BKPRD4.RTM,True
BKPRLG1.RTM,C:\DBAMFG\BKPRLG1.RTM,BKPRLG1.RTM,True
BKPRLG1.RTM,C:\DBAMFG\BKPRLG1.RTM,BKPRLG1.RTM,True
BKPRLG1.RTM,C:\DBAMFG\BKPRLG1.RTM,BKPRLG1.RTM,True
BKPRLI.RTM,C:\SOURCE\RTM\BKPRLI.rtm,BKPRLI.RTM,True
BKPRLI2.rtm,D:\DBAMFGPR\BKPRLI.rtm,BKPRLI.RTM,False
BKRMA1.RTM,C:\DBAMFG\BKRMA1.RTM,BKRMA1.RTM,True
BKRMA1.RTM,C:\DBAMFG\BKRMA1.RTM,BKRMA1.RTM,True
BKRMA1.RTM,C:\DBAMFG\bksrb4.rtm,BKSRB4.RTM,False
BKRMA1.RTM,C:\DBAMFG\bksrb4.rtm,BKSRB4.RTM,False
BKSAM1.RTM,C:\DBAMFG\bksam1.RTM,BKSAM1.RTM,True
BKSAM1.RTM,C:\DBAMFG\bksam1.RTM,BKSAM1.RTM,True
BKSAM1.RTM,C:\DBAMFG\bksam1.RTM,BKSAM1.RTM,True
BKSAM1.RTM,C:\DBAMFG\bksam1.RTM,BKSAM1.RTM,True
BKSAM1.RTM,C:\DBAMFG\bksam1.RTM,BKSAM1.RTM,True
BKSAM1.RTM,C:\DBAMFG\bksam1.RTM,BKSAM1.RTM,True
BKSAM1.RTM,C:\DBAMFG\bksam1.RTM,BKSAM1.RTM,True
BKSAM1L.RTM,C:\DBAMFG\bksam1l.RTM,BKSAM1L.RTM,True
BKSAM1L.RTM,C:\DBAMFG\bksam1l.RTM,BKSAM1L.RTM,True
BKSAM1L.RTM,C:\DBAMFG\bksam1l.RTM,BKSAM1L.RTM,True
BKSAM1L.RTM,C:\DBAMFG\bksam1l.RTM,BKSAM1L.RTM,True
BKSAM1L.RTM,C:\DBAMFG\bksam1l.RTM,BKSAM1L.RTM,True
BKSAM1L.RTM,C:\DBAMFG\bksam1l.RTM,BKSAM1L.RTM,True
BKSAM1L.RTM,C:\DBAMFG\bksam1l.RTM,BKSAM1L.RTM,True
BKSAM1c.rtm,C:\DBAMFG\BKSAM1c.RTM,BKSAM1C.RTM,True
BKSAM1c.rtm,C:\ISTECH\BKSAM1c.RTM,BKSAM1C.RTM,True
BKSAM1c.rtm,C:\SOURCE\RTM\Bksam1.rtm,BKSAM1.RTM,False
BKSAM1c.rtm,C:\ISTECH\BKSAM1c.RTM,BKSAM1C.RTM,True
BKSAM1c.rtm,C:\ISTECH\BKSAM1c.RTM,BKSAM1C.RTM,True
BKSAM1c.rtm,C:\SOURCE\RTM\Bksam1.rtm,BKSAM1.RTM,False
BKSAN1.RTM,C:\SOURCE\RTM\BksaN1.rtm,BKSAN1.RTM,True
BKSAN1.RTM,C:\SOURCE\RTM\BksaN1.rtm,BKSAN1.RTM,True
BKSAN1.RTM,C:\DBAMFG\BKSAN1t.RTM,BKSAN1T.RTM,False
BKSAN1.RTM,C:\SOURCE\RTM\BksaN1.rtm,BKSAN1.RTM,True
BKSAN1.RTM,C:\SOURCE\RTM\BksaN1.rtm,BKSAN1.RTM,True
BKSAN1.RTM,C:\DBAMFG\BKSAN1t.RTM,BKSAN1T.RTM,False
BKSAN1c.rtm,C:\DBAMFG\BKSAN1c.RTM,BKSAN1C.RTM,True
BKSAN1c.rtm,C:\ISTECH\BKSAN1c.RTM,BKSAN1C.RTM,True
BKSAN1c.rtm,C:\DBAMFG\BKSAN1t.RTM,BKSAN1T.RTM,False
BKSAN1c.rtm,C:\ISTECH\BKSAN1c.RTM,BKSAN1C.RTM,True
BKSAN1c.rtm,C:\ISTECH\BKSAN1c.RTM,BKSAN1C.RTM,True
BKSAN1c.rtm,C:\DBAMFG\BKSAN1t.RTM,BKSAN1T.RTM,False
BKSOB1.RTM,C:\DBAMFG\BKSOB1.RTM,BKSOB1.RTM,True
BKSOB1.RTM,C:\DBAMFG\bksob1.RTM,BKSOB1.RTM,True
BKSOB1.RTM,C:\DBAMFG\bksob1.RTM,BKSOB1.RTM,True
BKSOB2.RTM,C:\DBAMFG\BKSOB2.RTM,BKSOB2.RTM,True
BKSOB2.RTM,C:\DBAMFG\bksob2.RTM,BKSOB2.RTM,True
BKSOB3.RTM,C:\DBAMFG\bksob3.rtm,BKSOB3.RTM,True
BKSOB3.RTM,C:\DBAMFG\bksob3.RTM,BKSOB3.RTM,True
BKSOB3.RTM,C:\SOURCE\apr99\Bksob3.rtm,BKSOB3.RTM,True
BKSOB3.RTM,C:\SOURCE\apr99\Bksob3.rtm,BKSOB3.RTM,True
BKSOB3.RTM,C:\SOURCE\apr99\Bksob3.rtm,BKSOB3.RTM,True
BKSOB4.RTM,C:\DBAMFG\bksob4.rtm,BKSOB4.RTM,True
BKSOB4.RTM,C:\DBAMFG\bksob4.rtm,BKSOB4.RTM,True
BKSOC1.RTM,C:\DBAMFG\BKSOC1.RTM,BKSOC1.RTM,True
BKSOC1.RTM,C:\DBAMFG\bksoc1.RTM,BKSOC1.RTM,True
BKSOC1.RTM,C:\DBAMFG\bksoc1.RTM,BKSOC1.RTM,True
BKSOC1.RTM,C:\DBAMFG\bksoc1.RTM,BKSOC1.RTM,True
BKSOC1.RTM,C:\DBAMFG\Bksoc1.rtm,BKSOC1.RTM,True
BKSOC1.RTM,C:\DBAMFG\bksoc1.RTM,BKSOC1.RTM,True
BKSOC1.RTM,C:\DBAMFG\Bksoc1.rtm,BKSOC1.RTM,True
BKSOC1.RTM,C:\DBAMFG\bksoc1.RTM,BKSOC1.RTM,True
BKSOC1T.RTM,C:\DBAMFG\bksoc1.RTM,BKSOC1.RTM,False
BKSOC1T.RTM,C:\DBAMFG\bksoc1.RTM,BKSOC1.RTM,False
BKSOC1T.RTM,C:\DBAMFG\bksoc1.RTM,BKSOC1.RTM,False
BKSOC1T.RTM,C:\DBAMFG\bksoc1.RTM,BKSOC1.RTM,False
BKSOC1T.RTM,C:\DBAMFG\Bksoc1.rtm,BKSOC1.RTM,False
BKSOC1T.RTM,C:\DBAMFG\bksoc1.RTM,BKSOC1.RTM,False
BKSOC1T.RTM,C:\DBAMFG\Bksoc1.rtm,BKSOC1.RTM,False
BKSOC1T.RTM,C:\DBAMFG\bksoc1.RTM,BKSOC1.RTM,False
BKSOC2.RTM,C:\DBAMFG\BKSOC2.RTM,BKSOC2.RTM,True
BKSOC2.RTM,C:\DBAMFG\bksoc2.RTM,BKSOC2.RTM,True
BKSOC2.RTM,C:\DBAMFG\bksoc2.RTM,BKSOC2.RTM,True
BKSOC2.RTM,C:\DBAMFG\bksoc2.RTM,BKSOC2.RTM,True
BKSOC2.RTM,C:\DBAMFG\bksoc2.RTM,BKSOC2.RTM,True
BKSOC2.RTM,C:\DBAMFG\bksoc2.RTM,BKSOC2.RTM,True
BKSOC2.RTM,C:\DBAMFG\bksoc2.RTM,BKSOC2.RTM,True
BKSOC2.RTM,C:\DBAMFG\bksoc2.RTM,BKSOC2.RTM,True
BKSOC2T.RTM,C:\DBAMFG\bksoc2.RTM,BKSOC2.RTM,False
BKSOC2T.RTM,C:\DBAMFG\bksoc2.RTM,BKSOC2.RTM,False
BKSOC2T.RTM,C:\DBAMFG\bksoc2.RTM,BKSOC2.RTM,False
BKSOC2T.RTM,C:\DBAMFG\bksoc2.RTM,BKSOC2.RTM,False
BKSOC2T.RTM,C:\DBAMFG\bksoc2.RTM,BKSOC2.RTM,False
BKSOC2T.RTM,C:\DBAMFG\bksoc2.RTM,BKSOC2.RTM,False
BKSOC2T.RTM,C:\DBAMFG\bksoc2.RTM,BKSOC2.RTM,False
BKSOC2T.RTM,C:\DBAMFG\bksoc2.RTM,BKSOC2.RTM,False
BKSOC3.RTM,C:\DBAMFG\BKSOC3.RTM,BKSOC3.RTM,True
BKSOC3.RTM,C:\DBAMFG\bksoc3.RTM,BKSOC3.RTM,True
BKSOC3.RTM,C:\DBAMFG\bksoc3.RTM,BKSOC3.RTM,True
BKSOC3.RTM,C:\DBAMFG\bksoc3.RTM,BKSOC3.RTM,True
BKSOC3.RTM,C:\DBAMFG\bksoc3.RTM,BKSOC3.RTM,True
BKSOC3.RTM,C:\DBAMFG\bksoc3.RTM,BKSOC3.RTM,True
BKSOC3.RTM,C:\DBAMFG\bksoc3.RTM,BKSOC3.RTM,True
BKSOC3.RTM,C:\DBAMFG\bksoc3.RTM,BKSOC3.RTM,True
BKSOC3T.RTM,C:\DBAMFG\bksoc3.RTM,BKSOC3.RTM,False
BKSOC3T.RTM,C:\DBAMFG\bksoc3.RTM,BKSOC3.RTM,False
BKSOC3T.RTM,C:\DBAMFG\bksoc3.RTM,BKSOC3.RTM,False
BKSOC3T.RTM,C:\DBAMFG\bksoc3.RTM,BKSOC3.RTM,False
BKSOC3T.RTM,C:\DBAMFG\bksoc3.RTM,BKSOC3.RTM,False
BKSOC3T.RTM,C:\DBAMFG\bksoc3.RTM,BKSOC3.RTM,False
BKSOC3T.RTM,C:\DBAMFG\bksoc3.RTM,BKSOC3.RTM,False
BKSOC3T.RTM,C:\DBAMFG\bksoc3.RTM,BKSOC3.RTM,False
BKSOC4.RTM,C:\DBAMFG\BKSOC4.RTM,BKSOC4.RTM,True
BKSOC4.RTM,C:\DBAMFG\BKSOC4.RTM,BKSOC4.RTM,True
BKSOC4.RTM,C:\DBAMFG\BKSOC4.RTM,BKSOC4.RTM,True
BKSOC4.RTM,C:\DBAMFG\bksoc4.RTM,BKSOC4.RTM,True
BKSOC4.RTM,C:\DBAMFG\bksoc4.RTM,BKSOC4.RTM,True
BKSOC4.RTM,C:\DBAMFG\bksoc4.RTM,BKSOC4.RTM,True
BKSOC4T.RTM,C:\DBAMFG\bksoc4.RTM,BKSOC4.RTM,False
BKSOC4T.RTM,C:\DBAMFG\bksoc4.RTM,BKSOC4.RTM,False
BKSOC4T.RTM,C:\DBAMFG\bksoc4.RTM,BKSOC4.RTM,False
BKSOC4T.RTM,C:\DBAMFG\bksoc4.RTM,BKSOC4.RTM,False
BKSOC4T.RTM,C:\DBAMFG\bksoc4.RTM,BKSOC4.RTM,False
BKSOC4T.RTM,C:\DBAMFG\bksoc4.RTM,BKSOC4.RTM,False
BKSOD.RTM,C:\DBAMFG\bksod.RTM,BKSOD.RTM,True
BKSODD1.RTM,C:\dbamfg\Bksodd1.rtm,BKSODD1.RTM,True
BKSODD2.RTM,C:\dbamfg\Bksodd2.rtm,BKSODD2.RTM,True
BKSODH1.RTM,C:\dbamfg\Bksodh1.rtm,BKSODH1.RTM,True
BKSODH2.RTM,C:\dbamfg\Bksodh2.rtm,BKSODH2.RTM,True
BKSODM1.RTM,C:\DBAMFG\BKSODM1.RTM,BKSODM1.RTM,True
BKSODM2.RTM,C:\DBAMFG\BKSODM2.RTM,BKSODM2.RTM,True
BKSOF1.RTM,C:\DBAMFG\bksof1.rtm,BKSOF1.RTM,True
BKSOF1.RTM,C:\SOURCE\RTM\Bksof1.rtm,BKSOF1.RTM,True
BKSOF1.RTM,C:\DBAMFG\bksof1.RTM,BKSOF1.RTM,True
BKSOF1.RTM,C:\DBAMFG\bksof1.RTM,BKSOF1.RTM,True
BKSOF1.RTM,C:\DBAMFG\bksof1.RTM,BKSOF1.RTM,True
BKSOF1.RTM,C:\DBAMFG\bksof1.RTM,BKSOF1.RTM,True
BKSOF1.RTM,C:\DBAMFG\bksof1.RTM,BKSOF1.RTM,True
BKSOF2.RTM,C:\DBAMFG\bksof2.rtm,BKSOF2.RTM,True
BKSOF2.RTM,C:\SOURCE\RTM\bksof2.rtm,BKSOF2.RTM,True
BKSOF2.RTM,C:\DBAMFG\bksof2.RTM,BKSOF2.RTM,True
BKSOF2.RTM,C:\DBAMFG\bksof2.RTM,BKSOF2.RTM,True
BKSOF2.RTM,C:\DBAMFG\bksof2.RTM,BKSOF2.RTM,True
BKSOF2.RTM,C:\DBAMFG\bksof2.RTM,BKSOF2.RTM,True
BKSOF3s.rtm,C:\DBAMFG\bksof3.rtm,BKSOF3.RTM,False
BKSOF3s.rtm,C:\SOURCE\RTM\Bksof3.rtm,BKSOF3.RTM,False
BKSOF3s.rtm,C:\DBAMFG\bksof3.RTM,BKSOF3.RTM,False
BKSOF3s.rtm,C:\DBAMFG\bksof3.RTM,BKSOF3.RTM,False
BKSOF3s.rtm,C:\DBAMFG\bksof3.RTM,BKSOF3.RTM,False
BKSOF3s.rtm,C:\DBAMFG\bksof3.RTM,BKSOF3.RTM,False
BKSOF3s.rtm,C:\DBAMFG\bksof3.RTM,BKSOF3.RTM,False
BKSOF4.RTM,C:\DBAMFG\bksof4.rtm,BKSOF4.RTM,True
BKSOF4.RTM,C:\DBAMFG\bksof4.RTM,BKSOF4.RTM,True
BKSOF4.RTM,C:\DBAMFG\bksof4.RTM,BKSOF4.RTM,True
BKSOF4.RTM,C:\DBAMFG\BKSOF4.RTM,BKSOF4.RTM,True
BKSOF4.RTM,C:\DBAMFG\BKSOF4.RTM,BKSOF4.RTM,True
BKSOF4.RTM,C:\DBAMFG\BKSOF4.RTM,BKSOF4.RTM,True
BKSOF4.RTM,C:\DBAMFG\BKSOF4.RTM,BKSOF4.RTM,True
BKSOF6.RTM,C:\DBAMFG\bksof6.RTM,BKSOF6.RTM,True
BKSOF6.RTM,C:\DBAMFG\bksof6.RTM,BKSOF6.RTM,True
BKSOF6.RTM,C:\DBAMFG\bksof6.RTM,BKSOF6.RTM,True
BKSOF6.RTM,C:\DBAMFG\bksof6.RTM,BKSOF6.RTM,True
BKSOF6.RTM,C:\DBAMFG\bksof6.RTM,BKSOF6.RTM,True
BKSOF6.RTM,C:\DBAMFG\bksof6.RTM,BKSOF6.RTM,True
BKSOF6.RTM,C:\DBAMFG\bksof6.RTM,BKSOF6.RTM,True
BKSOF7.RTM,C:\DBAMFG\bksof7.RTM,BKSOF7.RTM,True
BKSOF7.RTM,C:\DBAMFG\bksof7.RTM,BKSOF7.RTM,True
BKSOF7.RTM,C:\DBAMFG\bksof7.RTM,BKSOF7.RTM,True
BKSOF7.RTM,C:\DBAMFG\bksof7.RTM,BKSOF7.RTM,True
BKSOF7.RTM,C:\DBAMFG\bksof7.RTM,BKSOF7.RTM,True
BKSOF7.RTM,C:\DBAMFG\bksof7.RTM,BKSOF7.RTM,True
BKSOF7.RTM,C:\DBAMFG\bksof7.RTM,BKSOF7.RTM,True
BKSOHA1.RTM,C:\DBAMFG\Bksoha1.rtm,BKSOHA1.RTM,True
BKSOHA1.RTM,C:\DBAMFG\bksoha1.rtm,BKSOHA1.RTM,True
BKSOHA2.RTM,C:\DBAMFG\Bksoha2.RTM,BKSOHA2.RTM,True
BKSOHA2.RTM,C:\DBAMFG\bksoha1.rtm,BKSOHA1.RTM,False
BKSOM1.RTM,C:\DBAMFG\bksom1.rtm,BKSOM1.RTM,True
BKSOM1.RTM,C:\DBAMFG\bksom1.rtm,BKSOM1.RTM,True
BKSOM1.RTM,C:\DBAMFG\bksom1.rtm,BKSOM1.RTM,True
BKSOM1.RTM,C:\DBAMFG\bksom1.rtm,BKSOM1.RTM,True
BKSOM1.RTM,C:\DBAMFG\bksom1.rtm,BKSOM1.RTM,True
BKSOM2.RTM,C:\DBAMFG\bksom2.RTM,BKSOM2.RTM,True
BKSOM2.RTM,C:\DBAMFG\bksom2.RTM,BKSOM2.RTM,True
BKSOM3.RTM,C:\DBAMFG\bksom3.RTM,BKSOM3.RTM,True
BKSOM3.RTM,C:\DBAMFG\bksom3.RTM,BKSOM3.RTM,True
BKSOM3.RTM,C:\DBAMFG\bksom3.RTM,BKSOM3.RTM,True
BKSOM3.RTM,C:\DBAMFG\bksom3.RTM,BKSOM3.RTM,True
BKSOM3.RTM,C:\DBAMFG\bksom3.RTM,BKSOM3.RTM,True
BKSOM4.RTM,C:\DBAMFG\bksom4.RTM,BKSOM4.RTM,True
BKSOM4.RTM,C:\DBAMFG\bksom4.RTM,BKSOM4.RTM,True
BKSOOK1.RTM,C:\DBAMFG\BKSOOK1.RTM,BKSOOK1.RTM,True
BKSOOK1.RTM,C:\DBAMFG\BKSOOK1.RTM,BKSOOK1.RTM,True
BKSOOK1.RTM,C:\DBAMFG\BKSOOK1.RTM,BKSOOK1.RTM,True
BKSOOK1.RTM,C:\DBAMFG\BKSOOK1.RTM,BKSOOK1.RTM,True
BKSOOK1.RTM,C:\DBAMFG\BKSOOK1.RTM,BKSOOK1.RTM,True
BKSOOK1.RTM,C:\DBAMFG\BKSOOK1.RTM,BKSOOK1.RTM,True
BKSOOK1.RTM,C:\DBAMFG\BKSOOK1.RTM,BKSOOK1.RTM,True
BKSOPB1.RTM,D:\My Documents\rtm work dir\Bksopb1.rtm,BKSOPB1.RTM,True
BKSOPB1.RTM,C:\DBAMFG\bksopb1.RTM,BKSOPB1.RTM,True
BKSOPB1.RTM,C:\DBAMFG\bksopb1.RTM,BKSOPB1.RTM,True
BKSOPB1.RTM,C:\DBAMFG\bksopb1.RTM,BKSOPB1.RTM,True
BKSOPB1.RTM,C:\DBAMFG\bksopb1.RTM,BKSOPB1.RTM,True
BKSOPB2.RTM,D:\My Documents\rtm work dir\Bksopb2.rtm,BKSOPB2.RTM,True
BKSOPB2.RTM,C:\DBAMFG\bksopb2.RTM,BKSOPB2.RTM,True
BKSOPB3.RTM,D:\My Documents\rtm work dir\Bksopb3.rtm,BKSOPB3.RTM,True
BKSOPB3.RTM,C:\DBAMFG\bksopb3.RTM,BKSOPB3.RTM,True
BKSOPB4.RTM,C:\DBAMFG\BKSOPB4.RTM,BKSOPB4.RTM,True
BKSOPB4.RTM,C:\DBAMFG\BKSOPB4.RTM,BKSOPB4.RTM,True
BKSOPD1.RTM,C:\DBAMFG\bksopd1.RTM,BKSOPD1.RTM,True
BKSOPD1.RTM,C:\DBAMFG\bksopd1.RTM,BKSOPD1.RTM,True
BKSOPD1.RTM,C:\DBAMFG\bksopd1.RTM,BKSOPD1.RTM,True
BKSOPD1.RTM,C:\DBAMFG\bksopd1.RTM,BKSOPD1.RTM,True
BKSOPD1.RTM,C:\DBAMFG\bksopd1.RTM,BKSOPD1.RTM,True
BKSOPD1.RTM,C:\DBAMFG\bksopd1.RTM,BKSOPD1.RTM,True
BKSOPD1.RTM,C:\DBAMFG\bksopd1.RTM,BKSOPD1.RTM,True
BKSOPD1L.rtm,C:\DBAMFG\BKSOpd1l.RTM,BKSOPD1L.RTM,True
BKSOPD1L.rtm,C:\DBAMFG\BKSOpd1l.RTM,BKSOPD1L.RTM,True
BKSOPD1L.rtm,C:\DBAMFG\BKSOpd1l.RTM,BKSOPD1L.RTM,True
BKSOPD1L.rtm,C:\DBAMFG\BKSOpd1l.RTM,BKSOPD1L.RTM,True
BKSOPD1L.rtm,C:\DBAMFG\BKSOpd1l.RTM,BKSOPD1L.RTM,True
BKSOPD1L.rtm,C:\DBAMFG\BKSOpd1l.RTM,BKSOPD1L.RTM,True
BKSOPD1L.rtm,C:\DBAMFG\BKSOpd1l.RTM,BKSOPD1L.RTM,True
BKSOPE1.RTM,D:\My Documents\RTMs\Bksope1.rtm,BKSOPE1.RTM,True
BKSOPE1.RTM,D:\My Documents\RTMs\Bksope1.rtm,BKSOPE1.RTM,True
BKSOPE1.RTM,D:\My Documents\RTMs\Bksope1.rtm,BKSOPE1.RTM,True
BKSOPE1.RTM,D:\My Documents\RTMs\Bksope1.rtm,BKSOPE1.RTM,True
BKSOPE1.RTM,D:\My Documents\RTMs\Bksope1.rtm,BKSOPE1.RTM,True
BKSOPE1.RTM,D:\My Documents\RTMs\Bksope1.rtm,BKSOPE1.RTM,True
BKSOPE1.RTM,D:\My Documents\RTMs\Bksope1.rtm,BKSOPE1.RTM,True
BKSRD1.RTM,C:\ISTECH\bksrd1.rtm,BKSRD1.RTM,True
BKSRD1.RTM,C:\DBAMFG\Bksoc1.rtm,BKSOC1.RTM,False
BKSRD1.RTM,C:\DBAMFG\Bksoc1.rtm,BKSOC1.RTM,False
BKSRD1.RTM,C:\DBAMFG\Bksoc1.rtm,BKSOC1.RTM,False
BKSRD1.RTM,C:\DBAMFG\Bksoc1.rtm,BKSOC1.RTM,False
BKSRD1.RTM,C:\DBAMFG\Bksoc1.rtm,BKSOC1.RTM,False
BKSRD1.RTM,C:\DBAMFG\bksoc1.RTM,BKSOC1.RTM,False
BKSRD2.RTM,C:\ISTECH\bksrd2.rtm,BKSRD2.RTM,True
BKSRD2.RTM,C:\ISTECH\bksrd2.rtm,BKSRD2.RTM,True
BKSRD2.RTM,C:\ISTECH\bksrd2.rtm,BKSRD2.RTM,True
BKSRD2.RTM,C:\ISTECH\bksrd2.rtm,BKSRD2.RTM,True
BKSRD2.RTM,C:\ISTECH\bksrd2.rtm,BKSRD2.RTM,True
BKSRD2.RTM,C:\ISTECH\bksrd2.rtm,BKSRD2.RTM,True
BKSRD2.RTM,C:\ISTECH\bksrd2.rtm,BKSRD2.RTM,True
BKSRD3.RTM,C:\ISTECH\bksrd3.rtm,BKSRD3.RTM,True
BKSRD3.RTM,C:\DBAMFG\bksoc3.rtm,BKSOC3.RTM,False
BKSRD3.RTM,C:\DBAMFG\bksoc3.rtm,BKSOC3.RTM,False
BKSRD3.RTM,C:\DBAMFG\bksoc3.RTM,BKSOC3.RTM,False
BKSRD4.RTM,C:\ISTECH\bksrd4.rtm,BKSRD4.RTM,True
BKSRD4.RTM,C:\DBAMFG\Bksoc4.rtm,BKSOC4.RTM,False
BKSRD4.RTM,C:\DBAMFG\bksoc4.RTM,BKSOC4.RTM,False
BKSRD4.RTM,C:\DBAMFG\bksoc4.RTM,BKSOC4.RTM,False
BKwoc1.RTM,C:\DBAMFG\bkwoc1.RTM,BKWOC1.RTM,True
BKwoc1.RTM,C:\DBAMFG\bkwoc1.RTM,BKWOC1.RTM,True
BKwoc1.RTM,C:\DBAMFG\bkwoc1.RTM,BKWOC1.RTM,True
BKwoc1.RTM,C:\DBAMFG\bkwoc1.RTM,BKWOC1.RTM,True
BKwoc1.RTM,C:\DBAMFG\bkwoc1.RTM,BKWOC1.RTM,True
BKwoc1.RTM,C:\DBAMFG\bkwoc1.RTM,BKWOC1.RTM,True
BKwoc1.RTM,C:\DBAMFG\bkwoc1.RTM,BKWOC1.RTM,True
BKwoc1.RTM,C:\DBAMFG\bkwoc1.RTM,BKWOC1.RTM,True
BKwoc1.RTM,C:\DBAMFG\bkwoc1.RTM,BKWOC1.RTM,True
BKwoc1.RTM,C:\DBAMFG\bkwoc1.RTM,BKWOC1.RTM,True
BKwoc1v.rtm,Y:\amw_del1.rtm,AMW_DEL1.RTM,False
BKwoc1v.rtm,Y:\BKwoc1.rtm,BKWOC1.RTM,False
BKwoc1v.rtm,Y:\AMWBKwoc.rtm,AMWBKWOC.RTM,False
BKwoc1v.rtm,Y:\BKwoc1.rtm,BKWOC1.RTM,False
BKwoc1v.rtm,Y:\BKwoc1.rtm,BKWOC1.RTM,False
BKwoc1v.rtm,Y:\amw_del1.rtm,AMW_DEL1.RTM,False
BKwoc1v.rtm,Y:\amw_del1.rtm,AMW_DEL1.RTM,False
BKwoc1v.rtm,Y:\BKwoc1.rtm,BKWOC1.RTM,False
BKwoc1v.rtm,Y:\BKwoc1.rtm,BKWOC1.RTM,False
BKwoc2.RTM,C:\DBAMFG\BKwoc2.RTM,BKWOC2.RTM,True
BKwoc2.RTM,C:\DBAMFG\BKwoc2.RTM,BKWOC2.RTM,True
BKwoc2.RTM,C:\DBAMFG\BKwoc2.RTM,BKWOC2.RTM,True
BKwoc2.RTM,C:\DBAMFG\BKwoc2.RTM,BKWOC2.RTM,True
BKwoc2.RTM,C:\DBAMFG\BKwoc2.RTM,BKWOC2.RTM,True
BKwoc2.RTM,C:\DBAMFG\BKwoc2.RTM,BKWOC2.RTM,True
BKwoc2.RTM,C:\SOURCE\RTM\BKwoc2.rtm,BKWOC2.RTM,True
BKwoc2.RTM,C:\DBAMFG\bkwoc2.RTM,BKWOC2.RTM,True
BKwoc2.RTM,C:\DBAMFG\BKAWC2.RTM,BKAWC2.RTM,False
BKwoc2.RTM,C:\DBAMFG\BKAWC2.RTM,BKAWC2.RTM,False
Bkare4.rtm,C:\DBAMFG\bkare4.rtm,BKARE4.RTM,True
Bkare4.rtm,C:\DBAMFG\bkare4.rtm,BKARE4.RTM,True
Bkare4.rtm,C:\DBAMFG\bkare4.rtm,BKARE4.RTM,True
Bkare4.rtm,C:\ISTECH\bkare4.rtm,BKARE4.RTM,True
Bking5.RTM,C:\dbamfg\bking5.rtm,BKING5.RTM,True
Bkpoe1.RTM,C:\SOURCE\RTM\bkpoe1.rtm,BKPOE1.RTM,True
Bkpoe1.RTM,C:\SOURCE\RTM\bkpoe1.rtm,BKPOE1.RTM,True
Bkpoe1.RTM,C:\DBAMFG\bkpoe1.RTM,BKPOE1.RTM,True
Bkpoe1.RTM,C:\DBAMFG\bkpoe1.RTM,BKPOE1.RTM,True
Bkpoe2.RTM,C:\SOURCE\RTM\BKPOE2.RTM,BKPOE2.RTM,True
Bkpoe2.RTM,C:\SOURCE\RTM\BKPOE2.RTM,BKPOE2.RTM,True
Bkpoe2.RTM,C:\SOURCE\RTM\BKPOE2.RTM,BKPOE2.RTM,True
Bkpoe2.RTM,C:\SOURCE\RTM\BKPOE2.RTM,BKPOE2.RTM,True
Bkprd1.RTM,C:\DBAMFG\bkprd1.rtm,BKPRD1.RTM,True
Bkprlf1.rtm,C:\SOURCE\RTM\Bkprlf1.rtm,BKPRLF1.RTM,True
Bkprlf1.rtm,C:\SOURCE\RTM\Bkprlf1.rtm,BKPRLF1.RTM,True
Bksod1.rtm,C:\SOURCE\apr99\Bksod1.rtm,BKSOD1.RTM,True
Bksof3.RTM,C:\DBAMFG\Bksof3.RTM,BKSOF3.RTM,True
Bksof3.RTM,C:\DBAMFG\Bksof3.RTM,BKSOF3.RTM,True
Bksof3.RTM,C:\DBAMFG\BKSOF3.RTM,BKSOF3.RTM,True
Bksof3.RTM,C:\DBAMFG\BKSOF3.RTM,BKSOF3.RTM,True
Bksof3.RTM,C:\DBAMFG\BKSOF3.RTM,BKSOF3.RTM,True
Bksof3.RTM,C:\DBAMFG\BKSOF3.RTM,BKSOF3.RTM,True
Bksof3.RTM,C:\DBAMFG\BKSOF3.RTM,BKSOF3.RTM,True
Checks.RTM,Q:\Checks.RTM,CHECKS.RTM,True
Checks.RTM,Q:\BKAPH2.rtm,BKAPH2.RTM,False
ENABINV.rtm,C:\dbamfg\Cust rtms\ENABINV.RTM,ENABINV.RTM,True
ENABINV.rtm,C:\SOURCE\RTM\bksof4.rtm,BKSOF4.RTM,False
ENABINV.rtm,C:\DBAMFG\BKSOF4.RTM,BKSOF4.RTM,False
ENABINV.rtm,C:\DBAMFG\BKSOF4.RTM,BKSOF4.RTM,False
ENABINV.rtm,C:\DBAMFG\BKSOF4.RTM,BKSOF4.RTM,False
ENABINV.rtm,C:\DBAMFG\BKSOF4.RTM,BKSOF4.RTM,False
ENABINV.rtm,C:\DBAMFG\BKSOF4.RTM,BKSOF4.RTM,False
ENAPI1.RTM,C:\TASPRO7\DBA7\ENapi1.RTM,ENAPI1.RTM,True
ENAPI1.RTM,C:\DBAMFG\bksam1.rtm,BKSAM1.RTM,False
ENAPI2.RTM,C:\TASPRO7\DBA7\enapi2.RTM,ENAPI2.RTM,True
ENAPI2.RTM,C:\DBAMFG\bksam1.rtm,BKSAM1.RTM,False
ENAPI3.RTM,C:\TASPRO7\DBA7\enapi3.RTM,ENAPI3.RTM,True
ENAPI3.RTM,C:\DBAMFG\bksam1.rtm,BKSAM1.RTM,False
ENASOB3.RTM,C:\TASPRO7\DBA7\ENASOB3.RTM,ENASOB3.RTM,True
ENASOB3.RTM,C:\SOURCE\RTM\Bksob3.rtm,BKSOB3.RTM,False
ENASOB3.RTM,C:\SOURCE\apr99\Bksob3.rtm,BKSOB3.RTM,False
ENASOB3.RTM,C:\SOURCE\apr99\Bksob3.rtm,BKSOB3.RTM,False
ENASOB3.RTM,C:\SOURCE\apr99\Bksob3.rtm,BKSOB3.RTM,False
ENASOC3.RTM,C:\TASPRO7\DBA7\ENASOC3.RTM,ENASOC3.RTM,True
ENASOC3.RTM,C:\DBAMFG\Bksoc3.rtm,BKSOC3.RTM,False
ENASOC3.RTM,C:\DBAMFG\bksoc3.RTM,BKSOC3.RTM,False
ENASOC3.RTM,C:\DBAMFG\bksoc3.RTM,BKSOC3.RTM,False
ENASOF3.RTM,C:\TASPRO7\DBA7\ENASOF3.RTM,ENASOF3.RTM,True
ENASOF3.RTM,C:\SOURCE\RTM\Bksof3.rtm,BKSOF3.RTM,False
ENASOF3.RTM,C:\DBAMFG\bksof3.RTM,BKSOF3.RTM,False
ENASOF3.RTM,C:\DBAMFG\bksof3.RTM,BKSOF3.RTM,False
ENASOF3.RTM,C:\DBAMFG\bksof3.RTM,BKSOF3.RTM,False
ENASOF3.RTM,C:\DBAMFG\bksof3.RTM,BKSOF3.RTM,False
ENASOF3.RTM,C:\DBAMFG\bksof3.RTM,BKSOF3.RTM,False
ENASOPB3.RTM,C:\TASPRO7\DBA7\ENASOPB3.RTM,ENASOPB3.RTM,True
ENASOPB3.RTM,C:\DBAMFG\bksopb3.RTM,BKSOPB3.RTM,False
ENBMB1.RTM,C:\TASPRO7\DBA7\ENBMB1.RTM,ENBMB1.RTM,True
ENBMI1.RTM,C:\TASPRO7\DBA7\ENBMI1.RTM,ENBMI1.RTM,True
ENCOB3B.RTM,\\I2s109-solidcrm\dbamfg$\ENCOB3B.RTM,ENCOB3B.RTM,True
ENCOB3B.RTM,C:\SOURCE\RTM\Bksob4.rtm,BKSOB4.RTM,False
ENCOB4B.RTM,\\I2s109-solidcrm\dbamfg$\ENCOB4B.RTM,ENCOB4B.RTM,True
ENCOB4B.RTM,C:\SOURCE\RTM\Bksob4.rtm,BKSOB4.RTM,False
ENFOB1.rtm,C:\dbamfg\ENFOB1.RTM,ENFOB1.RTM,True
ENI2SINV.rtm,C:\dbamfg\Cust rtms\ENI2SINV.RTM,ENI2SINV.RTM,True
ENI2SINV.rtm,C:\SOURCE\RTM\bksof4.rtm,BKSOF4.RTM,False
ENI2SINV.rtm,C:\DBAMFG\BKSOF4.RTM,BKSOF4.RTM,False
ENI2SINV.rtm,C:\DBAMFG\BKSOF4.RTM,BKSOF4.RTM,False
ENI2SINV.rtm,C:\DBAMFG\BKSOF4.RTM,BKSOF4.RTM,False
ENI2SINV.rtm,C:\DBAMFG\BKSOF4.RTM,BKSOF4.RTM,False
ENI2SINV.rtm,C:\DBAMFG\BKSOF4.RTM,BKSOF4.RTM,False
ENINE1.RTM,C:\TASPRO7\DBA7\ENINE1.RTM,ENINE1.RTM,True
ENINE1.RTM,C:\DBAMFG\topsale.RTM,TOPSALE.RTM,False
ENJCA1.RTM,C:\TASPRO7\DBA7\ENjca1.RTM,ENJCA1.RTM,True
ENPOB4RA.RTM,C:\dbamfg\ENPOB4RA.RTM,ENPOB4RA.RTM,True
ENPOB4RA.RTM,C:\SOURCE\RTM\Bkpob4.rtm,BKPOB4.RTM,False
ENPOB4RA.RTM,C:\DBAMFG\bkpob4.rtm,BKPOB4.RTM,False
ENPOB4RA.RTM,C:\DBAMFG\bkpob4.rtm,BKPOB4.RTM,False
ENPOB4RA.RTM,C:\DBAMFG\bkpob4.rtm,BKPOB4.RTM,False
ENPOIG1.RTM,C:\TASPRO7\DBA7\ENPOIG1.RTM,ENPOIG1.RTM,True
ENPOIG1.RTM,C:\DBAMFG\topsale.RTM,TOPSALE.RTM,False
ENPOIG2.RTM,C:\TASPRO7\DBA7\ENPOIG2.RTM,ENPOIG2.RTM,True
ENPOIG2.RTM,C:\DBAMFG\topsale.RTM,TOPSALE.RTM,False
ENPOJA1.RTM,C:\TASPRO7\DBA7\ENPOJA1.RTM,ENPOJA1.RTM,True
ENPOJA1.RTM,C:\DBAMFG\bkpoja1.RTM,BKPOJA1.RTM,False
ENPOJA1.RTM,C:\DBAMFG\bkpoja1.RTM,BKPOJA1.RTM,False
ENPOJA1.RTM,C:\DBAMFG\bkpoja1.RTM,BKPOJA1.RTM,False
ENPOJA1.RTM,C:\DBAMFG\bkpoja1.RTM,BKPOJA1.RTM,False
ENPOJA1.RTM,C:\DBAMFG\bkpoja1.RTM,BKPOJA1.RTM,False
ENPOJA1D.rtm,P:\ENPOJA1D.RTM,ENPOJA1D.RTM,True
ENPOJA1D.rtm,C:\DBAMFG\bkpoja1.RTM,BKPOJA1.RTM,False
ENPOJA1D.rtm,C:\DBAMFG\bkpoja1.RTM,BKPOJA1.RTM,False
ENPOJA1D.rtm,C:\DBAMFG\bkpoja1.RTM,BKPOJA1.RTM,False
ENPOJA1D.rtm,C:\DBAMFG\bkpoja1.RTM,BKPOJA1.RTM,False
ENPOJA1D.rtm,C:\DBAMFG\bkpoja1.RTM,BKPOJA1.RTM,False
ENPOJA1k.rtm,P:\ENPOJA1.RTM,ENPOJA1.RTM,False
ENPOJA1k.rtm,C:\DBAMFG\bkpoja1.RTM,BKPOJA1.RTM,False
ENPOJA1k.rtm,C:\DBAMFG\bkpoja1.RTM,BKPOJA1.RTM,False
ENPOJA1k.rtm,C:\DBAMFG\bkpoja1.RTM,BKPOJA1.RTM,False
ENPOJA1k.rtm,C:\DBAMFG\bkpoja1.RTM,BKPOJA1.RTM,False
ENPOJA1k.rtm,C:\DBAMFG\bkpoja1.RTM,BKPOJA1.RTM,False
ENROJA1.RTM,C:\TASPRO7\DBA7\ENROJA1.RTM,ENROJA1.RTM,True
ENROJA1.RTM,C:\DBAMFG\BKISWCE1.RTM,BKISWCE1.RTM,False
ENROJA2.RTM,C:\TASPRO7\DBA7\ENROJA2.RTM,ENROJA2.RTM,True
ENROJA3.RTM,C:\TASPRO7\DBA7\ENROJA3.RTM,ENROJA3.RTM,True
ENROJA3.RTM,C:\DBAMFG\BKISWCE1.RTM,BKISWCE1.RTM,False
ENROJA4.RTM,C:\TASPRO7\DBA7\ENROJA4.RTM,ENROJA4.RTM,True
ENSOB4B.RTM,\\I2s109-solidcrm\dbamfg$\ENSOB4B.RTM,ENSOB4B.RTM,True
ENSOB4B.RTM,C:\SOURCE\RTM\Bksob4.rtm,BKSOB4.RTM,False
ENSOC1.RTM,C:\DBAMFG\ENSOC1.RTM,ENSOC1.RTM,True
ENSOC1.RTM,C:\DBAMFG\Bksoc1.rtm,BKSOC1.RTM,False
ENSOC1.RTM,C:\DBAMFG\Bksoc1.rtm,BKSOC1.RTM,False
ENSOC1.RTM,C:\DBAMFG\Bksoc1.rtm,BKSOC1.RTM,False
ENSOC1.RTM,C:\DBAMFG\Bksoc1.rtm,BKSOC1.RTM,False
ENSOC1.RTM,C:\DBAMFG\Bksoc1.rtm,BKSOC1.RTM,False
ENSOC1.RTM,C:\DBAMFG\bksoc1.RTM,BKSOC1.RTM,False
ENSOC1M.rtm,C:\Users\Bob\Desktop\RTM's\ENSOC1m.RTM,ENSOC1M.RTM,True
ENSOC1M.rtm,C:\DBAMFG\Bksoc1.rtm,BKSOC1.RTM,False
ENSOC1M.rtm,C:\DBAMFG\Bksoc1.rtm,BKSOC1.RTM,False
ENSOC1M.rtm,C:\DBAMFG\Bksoc1.rtm,BKSOC1.RTM,False
ENSOC1M.rtm,C:\DBAMFG\Bksoc1.rtm,BKSOC1.RTM,False
ENSOC1M.rtm,C:\DBAMFG\Bksoc1.rtm,BKSOC1.RTM,False
ENSOC1M.rtm,C:\DBAMFG\bksoc1.RTM,BKSOC1.RTM,False
ENSOC1T.RTM,C:\TASPRO7\DBA7\ENSOC1T.RTM,ENSOC1T.RTM,True
ENSOC1T.RTM,C:\DBAMFG\Bksoc1.rtm,BKSOC1.RTM,False
ENSOC1T.RTM,C:\DBAMFG\Bksoc1.rtm,BKSOC1.RTM,False
ENSOC1T.RTM,C:\DBAMFG\Bksoc1.rtm,BKSOC1.RTM,False
ENSOC1T.RTM,C:\DBAMFG\Bksoc1.rtm,BKSOC1.RTM,False
ENSOC1T.RTM,C:\DBAMFG\Bksoc1.rtm,BKSOC1.RTM,False
ENSOC1T.RTM,C:\DBAMFG\bksoc1.RTM,BKSOC1.RTM,False
ENSOC1cr.rtm,C:\Documents and Settings\Bob\Desktop\Customer RTMS\Crislu\ENs\ENSOC1.RTM,ENSOC1.RTM,False
ENSOC1cr.rtm,C:\DBAMFG\Bksoc1.rtm,BKSOC1.RTM,False
ENSOC1cr.rtm,C:\DBAMFG\Bksoc1.rtm,BKSOC1.RTM,False
ENSOC1cr.rtm,C:\DBAMFG\Bksoc1.rtm,BKSOC1.RTM,False
ENSOC1cr.rtm,C:\DBAMFG\Bksoc1.rtm,BKSOC1.RTM,False
ENSOC1cr.rtm,C:\DBAMFG\Bksoc1.rtm,BKSOC1.RTM,False
ENSOC1cr.rtm,C:\DBAMFG\bksoc1.RTM,BKSOC1.RTM,False
ENSOC1ic.rtm,D:\EVOERP\ENSOC1ic.RTM,ENSOC1IC.RTM,True
ENSOC1ic.rtm,C:\DBAMFG\Bksoc1.rtm,BKSOC1.RTM,False
ENSOC1ic.rtm,C:\DBAMFG\Bksoc1.rtm,BKSOC1.RTM,False
ENSOC1ic.rtm,C:\DBAMFG\Bksoc1.rtm,BKSOC1.RTM,False
ENSOC1ic.rtm,C:\DBAMFG\Bksoc1.rtm,BKSOC1.RTM,False
ENSOC1ic.rtm,C:\DBAMFG\Bksoc1.rtm,BKSOC1.RTM,False
ENSOC1ic.rtm,C:\DBAMFG\bksoc1.RTM,BKSOC1.RTM,False
ENSOC2.RTM,C:\DBAMFG\ENSOC2.RTM,ENSOC2.RTM,True
ENSOC2.RTM,C:\DBAMFG\Bksoc2.rtm,BKSOC2.RTM,False
ENSOC2.RTM,C:\DBAMFG\bksoc2.RTM,BKSOC2.RTM,False
ENSOC2.RTM,C:\DBAMFG\bksoc2.RTM,BKSOC2.RTM,False
ENSOC2.RTM,C:\DBAMFG\bksoc2.RTM,BKSOC2.RTM,False
ENSOC2.RTM,C:\DBAMFG\bksoc2.RTM,BKSOC2.RTM,False
ENSOC2.RTM,C:\DBAMFG\bksoc2.RTM,BKSOC2.RTM,False
ENSOC2T.RTM,C:\TASPRO7\DBA7\ENSOC2T.RTM,ENSOC2T.RTM,True
ENSOC2T.RTM,C:\DBAMFG\Bksoc2.rtm,BKSOC2.RTM,False
ENSOC2T.RTM,C:\DBAMFG\bksoc2.RTM,BKSOC2.RTM,False
ENSOC2T.RTM,C:\DBAMFG\bksoc2.RTM,BKSOC2.RTM,False
ENSOC2T.RTM,C:\DBAMFG\bksoc2.RTM,BKSOC2.RTM,False
ENSOC2T.RTM,C:\DBAMFG\bksoc2.RTM,BKSOC2.RTM,False
ENSOC2T.RTM,C:\DBAMFG\bksoc2.RTM,BKSOC2.RTM,False
ENSOC3.RTM,C:\TASPRO7\DBA7\ENSOC3.RTM,ENSOC3.RTM,True
ENSOC3.RTM,C:\DBAMFG\Bksoc3.rtm,BKSOC3.RTM,False
ENSOC3.RTM,C:\DBAMFG\bksoc3.RTM,BKSOC3.RTM,False
ENSOC3.RTM,C:\DBAMFG\bksoc3.RTM,BKSOC3.RTM,False
ENSOC3B.RTM,\\I2s109-solidcrm\dbamfg$\ENSOC3B.RTM,ENSOC3B.RTM,True
ENSOC3B.RTM,C:\DBAMFG\BKSOC4.RTM,BKSOC4.RTM,False
ENSOC3B.RTM,C:\DBAMFG\BKSOC4.RTM,BKSOC4.RTM,False
ENSOC3B.RTM,C:\DBAMFG\bksoc4.RTM,BKSOC4.RTM,False
ENSOC3B.RTM,C:\DBAMFG\bksoc4.RTM,BKSOC4.RTM,False
ENSOC3B.RTM,C:\DBAMFG\bksoc4.RTM,BKSOC4.RTM,False
ENSOC3T.RTM,C:\TASPRO7\DBA7\ENSOC3T.RTM,ENSOC3T.RTM,True
ENSOC3T.RTM,C:\DBAMFG\Bksoc3.rtm,BKSOC3.RTM,False
ENSOC3T.RTM,C:\DBAMFG\bksoc3.RTM,BKSOC3.RTM,False
ENSOC3T.RTM,C:\DBAMFG\bksoc3.RTM,BKSOC3.RTM,False
ENSOC4.RTM,C:\TASPRO7\DBA7\ENSOC4.RTM,ENSOC4.RTM,True
ENSOC4.RTM,C:\DBAMFG\Bksoc4.rtm,BKSOC4.RTM,False
ENSOC4.RTM,C:\DBAMFG\bksoc4.RTM,BKSOC4.RTM,False
ENSOC4.RTM,C:\DBAMFG\bksoc4.RTM,BKSOC4.RTM,False
ENSOC41.rtm,F:\DBAMFG\ENSOC4.RTM,ENSOC4.RTM,False
ENSOC41.rtm,C:\DBAMFG\Bksoc4.rtm,BKSOC4.RTM,False
ENSOC41.rtm,C:\DBAMFG\bksoc4.RTM,BKSOC4.RTM,False
ENSOC41.rtm,C:\DBAMFG\bksoc4.RTM,BKSOC4.RTM,False
ENSOC4B.RTM,\\I2s109-solidcrm\dbamfg$\ENSOC4B.RTM,ENSOC4B.RTM,True
ENSOC4B.RTM,C:\DBAMFG\BKSOC4.RTM,BKSOC4.RTM,False
ENSOC4B.RTM,C:\DBAMFG\BKSOC4.RTM,BKSOC4.RTM,False
ENSOC4B.RTM,C:\DBAMFG\bksoc4.RTM,BKSOC4.RTM,False
ENSOC4B.RTM,C:\DBAMFG\bksoc4.RTM,BKSOC4.RTM,False
ENSOC4B.RTM,C:\DBAMFG\bksoc4.RTM,BKSOC4.RTM,False
ENSOC4LC.rtm,P:\ENSOC4LC.RTM,ENSOC4LC.RTM,True
ENSOC4LC.rtm,C:\DBAMFG\Bksoc4.rtm,BKSOC4.RTM,False
ENSOC4LC.rtm,C:\DBAMFG\bksoc4.RTM,BKSOC4.RTM,False
ENSOC4LC.rtm,C:\DBAMFG\bksoc4.RTM,BKSOC4.RTM,False
ENSOC4T.RTM,C:\TASPRO7\DBA7\ENSOC4T.RTM,ENSOC4T.RTM,True
ENSOC4T.RTM,C:\DBAMFG\Bksoc4.rtm,BKSOC4.RTM,False
ENSOC4T.RTM,C:\DBAMFG\bksoc4.RTM,BKSOC4.RTM,False
ENSOC4T.RTM,C:\DBAMFG\bksoc4.RTM,BKSOC4.RTM,False
ENSOC4W.RTM,C:\Users\Hector Galindo\Desktop\ENSOC4W.RTM,ENSOC4W.RTM,True
ENSOC4W.RTM,C:\DBAMFG\Bksoc4.rtm,BKSOC4.RTM,False
ENSOC4W.RTM,C:\DBAMFG\bksoc4.RTM,BKSOC4.RTM,False
ENSOC4W.RTM,C:\DBAMFG\bksoc4.RTM,BKSOC4.RTM,False
ENSOC4a.rtm,D:\EVOERP\ENSOC4a.RTM,ENSOC4A.RTM,True
ENSOC4a.rtm,C:\DBAMFG\Bksoc4.rtm,BKSOC4.RTM,False
ENSOC4a.rtm,C:\DBAMFG\bksoc4.RTM,BKSOC4.RTM,False
ENSOC4a.rtm,C:\DBAMFG\bksoc4.RTM,BKSOC4.RTM,False
ENSOC4k.rtm,D:\EVOERP\ENSOC4k.RTM,ENSOC4K.RTM,True
ENSOC4k.rtm,C:\DBAMFG\Bksoc4.rtm,BKSOC4.RTM,False
ENSOC4k.rtm,C:\DBAMFG\bksoc4.RTM,BKSOC4.RTM,False
ENSOC4k.rtm,C:\DBAMFG\bksoc4.RTM,BKSOC4.RTM,False
ENSOC4l.rtm,D:\EVOERP\ENSOC4l.RTM,ENSOC4L.RTM,True
ENSOC4l.rtm,C:\DBAMFG\Bksoc4.rtm,BKSOC4.RTM,False
ENSOC4l.rtm,C:\DBAMFG\bksoc4.RTM,BKSOC4.RTM,False
ENSOC4l.rtm,C:\DBAMFG\bksoc4.RTM,BKSOC4.RTM,False
ENSOC6.rtm,\\Ranatuc3\evoerp\ENSOC6.RTM,ENSOC6.RTM,True
ENSOC6.rtm,C:\DBAMFG\Bksoc4.rtm,BKSOC4.RTM,False
ENSOC6.rtm,C:\DBAMFG\bksoc4.RTM,BKSOC4.RTM,False
ENSOC6.rtm,C:\DBAMFG\bksoc4.RTM,BKSOC4.RTM,False
ENSOC9.rtm,\\Ranatuc3\evoerp\ENSOC9.RTM,ENSOC9.RTM,True
ENSOC9.rtm,C:\DBAMFG\Bksoc4.rtm,BKSOC4.RTM,False
ENSOC9.rtm,C:\DBAMFG\bksoc4.RTM,BKSOC4.RTM,False
ENSOC9.rtm,C:\DBAMFG\bksoc4.RTM,BKSOC4.RTM,False
ENSOCscn.rtm,P:\ENSOCscn.RTM,ENSOCSCN.RTM,True
ENSOCscn.rtm,C:\DBAMFG\Bksoc4.rtm,BKSOC4.RTM,False
ENSOCscn.rtm,C:\DBAMFG\bksoc4.RTM,BKSOC4.RTM,False
ENSOCscn.rtm,C:\DBAMFG\bksoc4.RTM,BKSOC4.RTM,False
ENSOF42.RTM,C:\TASPRO7\DBA7\ENSOF42.RTM,ENSOF42.RTM,True
ENSOF42.RTM,C:\SOURCE\RTM\bksof4.rtm,BKSOF4.RTM,False
ENSOF42.RTM,C:\DBAMFG\BKSOF4.RTM,BKSOF4.RTM,False
ENSOF42.RTM,C:\DBAMFG\BKSOF4.RTM,BKSOF4.RTM,False
ENSOF42.RTM,C:\DBAMFG\BKSOF4.RTM,BKSOF4.RTM,False
ENSOF42.RTM,C:\DBAMFG\BKSOF4.RTM,BKSOF4.RTM,False
ENSOF42.RTM,C:\DBAMFG\BKSOF4.RTM,BKSOF4.RTM,False
ENSOF4C.RTM,D:\evoerp\ENSOF4C.RTM,ENSOF4C.RTM,True
ENSOF4C.RTM,C:\SOURCE\RTM\bksof4.rtm,BKSOF4.RTM,False
ENSOF4C.RTM,C:\DBAMFG\BKSOF4.RTM,BKSOF4.RTM,False
ENSOF4C.RTM,C:\DBAMFG\BKSOF4.RTM,BKSOF4.RTM,False
ENSOF4C.RTM,C:\DBAMFG\BKSOF4.RTM,BKSOF4.RTM,False
ENSOF4C.RTM,C:\DBAMFG\BKSOF4.RTM,BKSOF4.RTM,False
ENSOF4C.RTM,C:\DBAMFG\BKSOF4.RTM,BKSOF4.RTM,False
ENSOF4T.rtm,C:\TASPRO7\DBA7\ENSOF4T.RTM,ENSOF4T.RTM,True
ENSOF4T.rtm,C:\SOURCE\RTM\bksof4.rtm,BKSOF4.RTM,False
ENSOF4T.rtm,C:\DBAMFG\BKSOF4.RTM,BKSOF4.RTM,False
ENSOF4T.rtm,C:\DBAMFG\BKSOF4.RTM,BKSOF4.RTM,False
ENSOF4T.rtm,C:\DBAMFG\BKSOF4.RTM,BKSOF4.RTM,False
ENSOF4T.rtm,C:\DBAMFG\BKSOF4.RTM,BKSOF4.RTM,False
ENSOF4T.rtm,C:\DBAMFG\BKSOF4.RTM,BKSOF4.RTM,False
ENSOF4cr.rtm,C:\DBAMFG\ENSOF4cr.RTM,ENSOF4CR.RTM,True
ENSOF4cr.rtm,C:\SOURCE\RTM\bksof4.rtm,BKSOF4.RTM,False
ENSOF4cr.rtm,C:\DBAMFG\BKSOF4.RTM,BKSOF4.RTM,False
ENSOF4cr.rtm,C:\DBAMFG\BKSOF4.RTM,BKSOF4.RTM,False
ENSOF4cr.rtm,C:\DBAMFG\BKSOF4.RTM,BKSOF4.RTM,False
ENSOF4cr.rtm,C:\DBAMFG\BKSOF4.RTM,BKSOF4.RTM,False
ENSOF4cr.rtm,C:\DBAMFG\BKSOF4.RTM,BKSOF4.RTM,False
ENSOPB3M.rtm,C:\Users\Bob\Desktop\RTM's\ENSOPB3m.RTM,ENSOPB3M.RTM,True
ENSOPB3M.rtm,C:\DBAMFG\bksopb3.RTM,BKSOPB3.RTM,False
ENWOCT.rtm,D:\EVOERP\ENWOCT.RTM,ENWOCT.RTM,True
ENWOCT.rtm,C:\DBAMFG\BKwoc1.RTM,BKWOC1.RTM,False
ENWOCT.rtm,C:\DBAMFG\BKwoc1.RTM,BKWOC1.RTM,False
ENWOCT.rtm,C:\DBAMFG\BKwoc1.RTM,BKWOC1.RTM,False
ENWOCT.rtm,C:\SOURCE\RTM\BKwoc1.rtm,BKWOC1.RTM,False
ENWOCT.rtm,C:\SOURCE\RTM\BKwoc1.rtm,BKWOC1.RTM,False
ENWOCT.rtm,C:\DBAMFG\BKWOC1.RTM,BKWOC1.RTM,False
ENWOCT.rtm,C:\DBAMFG\bkwoc1.rtm,BKWOC1.RTM,False
ENWOCT.rtm,C:\DBAMFG\BKWOC1.RTM,BKWOC1.RTM,False
ENWOCT.rtm,C:\DBAMFG\BKWOC1.RTM,BKWOC1.RTM,False
ENWOLF1.RTM,C:\TASPRO7\DBA7\ENWOLF1.RTM,ENWOLF1.RTM,True
ENWOLF2.RTM,C:\TASPRO7\DBA7\ENWOLF2.RTM,ENWOLF2.RTM,True
ENWOLF3.RTM,C:\TASPRO7\DBA7\ENWOLF3.RTM,ENWOLF3.RTM,True
ENarf1.RTM,C:\DBAMFG\ENarf1.RTM,ENARF1.RTM,True
ENarf1.RTM,C:\DBAMFG\bksam1.rtm,BKSAM1.RTM,False
ENarf2.RTM,C:\TASPRO7\DBA7\ENarf2.RTM,ENARF2.RTM,True
ENarf2.RTM,C:\DBAMFG\bksam1.rtm,BKSAM1.RTM,False
ENarf3.RTM,C:\TASPRO7\DBA7\ENarf3.RTM,ENARF3.RTM,True
ENarf3.RTM,C:\DBAMFG\bksam1.rtm,BKSAM1.RTM,False
ENrma1.RTM,C:\DBAMFG\enrma1.RTM,ENRMA1.RTM,True
ENrma1.RTM,C:\SOURCE\RTM\Bksob4.rtm,BKSOB4.RTM,False
ENrma1.RTM,C:\DBAMFG\bksrb4.rtm,BKSRB4.RTM,False
ENrma1.RTM,C:\DBAMFG\bksrb4.rtm,BKSRB4.RTM,False
ENrma3.RTM,T:\ENrma3.RTM,ENRMA3.RTM,True
ENrma3.RTM,C:\SOURCE\RTM\Bksob4.rtm,BKSOB4.RTM,False
ENrma3.RTM,C:\DBAMFG\bksrb4.rtm,BKSRB4.RTM,False
ENrma3.RTM,C:\DBAMFG\bksrb4.rtm,BKSRB4.RTM,False
ENrma3B.RTM,\\I2s109-solidcrm\dbamfg$\ENrma3B.RTM,ENRMA3B.RTM,True
ENrma3B.RTM,C:\SOURCE\RTM\Bksob4.rtm,BKSOB4.RTM,False
ENrma3B.RTM,C:\DBAMFG\bksrb4.rtm,BKSRB4.RTM,False
ENrma3B.RTM,C:\DBAMFG\bksrb4.rtm,BKSRB4.RTM,False
ENrma4B.RTM,\\I2s109-solidcrm\dbamfg$\ENrma4B.RTM,ENRMA4B.RTM,True
ENrma4B.RTM,C:\SOURCE\RTM\Bksob4.rtm,BKSOB4.RTM,False
ENrma4B.RTM,C:\DBAMFG\bksrb4.rtm,BKSRB4.RTM,False
ENrma4B.RTM,C:\DBAMFG\bksrb4.rtm,BKSRB4.RTM,False
ENrma4C.RTM,\\I2s109-solidcrm\dbamfg$\ENrma4C.RTM,ENRMA4C.RTM,True
ENrma4C.RTM,C:\SOURCE\RTM\Bksob4.rtm,BKSOB4.RTM,False
ENrma4C.RTM,C:\DBAMFG\bksrb4.rtm,BKSRB4.RTM,False
ENrma4C.RTM,C:\DBAMFG\bksrb4.rtm,BKSRB4.RTM,False
ENrma8.RTM,T:\ENrma8.RTM,ENRMA8.RTM,True
ENrma8.RTM,C:\SOURCE\RTM\Bksob4.rtm,BKSOB4.RTM,False
ENrma8.RTM,C:\DBAMFG\bksrb4.rtm,BKSRB4.RTM,False
ENrma8.RTM,C:\DBAMFG\bksrb4.rtm,BKSRB4.RTM,False
ENwoc1.RTM,C:\ISTECH\ENwoc1.RTM,ENWOC1.RTM,True
ENwoc1.RTM,C:\DBAMFG\BKwoc1.RTM,BKWOC1.RTM,False
ENwoc1.RTM,C:\DBAMFG\BKwoc1.RTM,BKWOC1.RTM,False
ENwoc1.RTM,C:\DBAMFG\BKwoc1.RTM,BKWOC1.RTM,False
ENwoc1.RTM,C:\SOURCE\RTM\BKwoc1.rtm,BKWOC1.RTM,False
ENwoc1.RTM,C:\SOURCE\RTM\BKwoc1.rtm,BKWOC1.RTM,False
ENwoc1.RTM,C:\DBAMFG\BKWOC1.RTM,BKWOC1.RTM,False
ENwoc1.RTM,C:\DBAMFG\bkwoc1.rtm,BKWOC1.RTM,False
ENwoc1.RTM,C:\DBAMFG\BKWOC1.RTM,BKWOC1.RTM,False
ENwoc1.RTM,C:\DBAMFG\BKWOC1.RTM,BKWOC1.RTM,False
ENwoc1B.rtm,D:\EVOERP\ENwoc1B.RTM,ENWOC1B.RTM,True
ENwoc1B.rtm,C:\DBAMFG\BKwoc1.RTM,BKWOC1.RTM,False
ENwoc1B.rtm,C:\DBAMFG\BKwoc1.RTM,BKWOC1.RTM,False
ENwoc1B.rtm,C:\DBAMFG\BKwoc1.RTM,BKWOC1.RTM,False
ENwoc1B.rtm,C:\SOURCE\RTM\BKwoc1.rtm,BKWOC1.RTM,False
ENwoc1B.rtm,C:\SOURCE\RTM\BKwoc1.rtm,BKWOC1.RTM,False
ENwoc1B.rtm,C:\DBAMFG\BKWOC1.RTM,BKWOC1.RTM,False
ENwoc1B.rtm,C:\DBAMFG\bkwoc1.rtm,BKWOC1.RTM,False
ENwoc1B.rtm,C:\DBAMFG\BKWOC1.RTM,BKWOC1.RTM,False
ENwoc1B.rtm,C:\DBAMFG\BKWOC1.RTM,BKWOC1.RTM,False
ENwoc1L.rtm,D:\EVOERP\ENwoc1L.RTM,ENWOC1L.RTM,True
ENwoc1L.rtm,C:\DBAMFG\BKwoc1.RTM,BKWOC1.RTM,False
ENwoc1L.rtm,C:\DBAMFG\BKwoc1.RTM,BKWOC1.RTM,False
ENwoc1L.rtm,C:\DBAMFG\BKwoc1.RTM,BKWOC1.RTM,False
ENwoc1L.rtm,C:\SOURCE\RTM\BKwoc1.rtm,BKWOC1.RTM,False
ENwoc1L.rtm,C:\SOURCE\RTM\BKwoc1.rtm,BKWOC1.RTM,False
ENwoc1L.rtm,C:\DBAMFG\BKWOC1.RTM,BKWOC1.RTM,False
ENwoc1L.rtm,C:\DBAMFG\bkwoc1.rtm,BKWOC1.RTM,False
ENwoc1L.rtm,C:\DBAMFG\BKWOC1.RTM,BKWOC1.RTM,False
ENwoc1L.rtm,C:\DBAMFG\BKWOC1.RTM,BKWOC1.RTM,False
ENwoc1s.rtm,D:\EVOERP\ENwoc1s.RTM,ENWOC1S.RTM,True
ENwoc1s.rtm,C:\DBAMFG\BKwoc1.RTM,BKWOC1.RTM,False
ENwoc1s.rtm,C:\DBAMFG\BKwoc1.RTM,BKWOC1.RTM,False
ENwoc1s.rtm,C:\DBAMFG\BKwoc1.RTM,BKWOC1.RTM,False
ENwoc1s.rtm,C:\SOURCE\RTM\BKwoc1.rtm,BKWOC1.RTM,False
ENwoc1s.rtm,C:\SOURCE\RTM\BKwoc1.rtm,BKWOC1.RTM,False
ENwoc1s.rtm,C:\DBAMFG\BKWOC1.RTM,BKWOC1.RTM,False
ENwoc1s.rtm,C:\DBAMFG\bkwoc1.rtm,BKWOC1.RTM,False
ENwoc1s.rtm,C:\DBAMFG\BKWOC1.RTM,BKWOC1.RTM,False
ENwoc1s.rtm,C:\DBAMFG\BKWOC1.RTM,BKWOC1.RTM,False
ENwoc2.RTM,C:\ISTECH\ENwoc2.RTM,ENWOC2.RTM,True
ENwoc2.RTM,C:\DBAMFG\BKwoc2.RTM,BKWOC2.RTM,False
ENwoc2.RTM,C:\DBAMFG\BKwoc2.RTM,BKWOC2.RTM,False
ENwoc2.RTM,C:\DBAMFG\BKwoc2.RTM,BKWOC2.RTM,False
ENwoc2.RTM,C:\DBAMFG\BKwoc2.RTM,BKWOC2.RTM,False
ENwoc2.RTM,C:\DBAMFG\BKwoc2.RTM,BKWOC2.RTM,False
ENwoc2.RTM,C:\DBAMFG\BKWOC2.RTM,BKWOC2.RTM,False
ENwoc2.RTM,C:\DBAMFG\bkwoc2.RTM,BKWOC2.RTM,False
ENwoc2.RTM,C:\DBAMFG\BKAWC2.RTM,BKAWC2.RTM,False
ENwoc2.RTM,C:\DBAMFG\BKAWC2.RTM,BKAWC2.RTM,False
ENwoc3.RTM,C:\ISTECH\ENwoc3.RTM,ENWOC3.RTM,True
ENwoc3.RTM,C:\DBAMFG\BKwoc1.RTM,BKWOC1.RTM,False
ENwoc3.RTM,C:\DBAMFG\BKwoc1.RTM,BKWOC1.RTM,False
ENwoc3.RTM,C:\DBAMFG\BKwoc1.RTM,BKWOC1.RTM,False
ENwoc3.RTM,C:\SOURCE\RTM\BKwoc1.rtm,BKWOC1.RTM,False
ENwoc3.RTM,C:\SOURCE\RTM\BKwoc1.rtm,BKWOC1.RTM,False
ENwoc3.RTM,C:\DBAMFG\BKWOC1.RTM,BKWOC1.RTM,False
ENwoc3.RTM,C:\DBAMFG\bkwoc1.rtm,BKWOC1.RTM,False
ENwoc3.RTM,C:\DBAMFG\BKWOC1.RTM,BKWOC1.RTM,False
ENwoc3.RTM,C:\DBAMFG\BKWOC1.RTM,BKWOC1.RTM,False
ENwoc4.RTM,C:\ISTECH\ENwoc4.RTM,ENWOC4.RTM,True
ENwoc4.RTM,C:\DBAMFG\BKwoc2.RTM,BKWOC2.RTM,False
ENwoc4.RTM,C:\DBAMFG\BKwoc2.RTM,BKWOC2.RTM,False
ENwoc4.RTM,C:\DBAMFG\BKwoc2.RTM,BKWOC2.RTM,False
ENwoc4.RTM,C:\DBAMFG\BKwoc2.RTM,BKWOC2.RTM,False
ENwoc4.RTM,C:\DBAMFG\BKwoc2.RTM,BKWOC2.RTM,False
ENwoc4.RTM,C:\DBAMFG\BKWOC2.RTM,BKWOC2.RTM,False
ENwoc4.RTM,C:\DBAMFG\bkwoc2.RTM,BKWOC2.RTM,False
ENwoc4.RTM,C:\DBAMFG\BKAWC2.RTM,BKAWC2.RTM,False
ENwoc4.RTM,C:\DBAMFG\BKAWC2.RTM,BKAWC2.RTM,False
ENwoc5j.rtm,D:\EVOERP\ENwoc5j.RTM,ENWOC5J.RTM,True
ENwoc5j.rtm,C:\DBAMFG\BKwoc2.RTM,BKWOC2.RTM,False
ENwoc5j.rtm,C:\DBAMFG\BKwoc2.RTM,BKWOC2.RTM,False
ENwoc5j.rtm,C:\DBAMFG\BKwoc2.RTM,BKWOC2.RTM,False
ENwoc5j.rtm,C:\DBAMFG\BKwoc2.RTM,BKWOC2.RTM,False
ENwoc5j.rtm,C:\DBAMFG\BKwoc2.RTM,BKWOC2.RTM,False
ENwoc5j.rtm,C:\DBAMFG\BKWOC2.RTM,BKWOC2.RTM,False
ENwoc5j.rtm,C:\DBAMFG\bkwoc2.RTM,BKWOC2.RTM,False
ENwoc5j.rtm,C:\DBAMFG\BKAWC2.RTM,BKAWC2.RTM,False
ENwoc5j.rtm,C:\DBAMFG\BKAWC2.RTM,BKAWC2.RTM,False
EvoBSPrint.RTM,C:\TASPRO7\DBA7\EvoBSPrint.RTM,EVOBSPRINT.RTM,True
EvoNotes.RTM,C:\TASPRO7\DBA7\EvoNotes.RTM,EVONOTES.RTM,True
EvoNotes.RTM,C:\DBAMFG\BKISWCE1.RTM,BKISWCE1.RTM,False
FSTEST.rtm,C:\TASPRO7\DBA7\FSTEST.RTM,FSTEST.RTM,True
I2SACK.RTM,T:\I2SACK.RTM,I2SACK.RTM,True
I2SACK.RTM,C:\SOURCE\RTM\Bksob4.rtm,BKSOB4.RTM,False
I2SCHK1.RTM,T:\I2SCHK1.RTM,I2SCHK1.RTM,True
I2SCHK1.RTM,C:\SOURCE\apr99\Bkapha1.rtm,BKAPHA1.RTM,False
I2SCHK1.RTM,C:\SOURCE\apr99\Bkapha1.rtm,BKAPHA1.RTM,False
IBKPOB1.RTM,C:\DBAMFG\ibkpob1.RTM,IBKPOB1.RTM,True
IBKPOB1.RTM,C:\DBAMFG\ibkpob1.RTM,IBKPOB1.RTM,True
IBKPOB1.RTM,C:\DBAMFG\bkpob1.RTM,BKPOB1.RTM,False
IBKPOB1.RTM,C:\DBAMFG\bkpob1.RTM,BKPOB1.RTM,False
IBKPOB1.RTM,C:\DBAMFG\bkpob1.RTM,BKPOB1.RTM,False
IBKPOB2.RTM,C:\DBAMFG\ibkpob2.RTM,IBKPOB2.RTM,True
IBKPOB2.RTM,C:\DBAMFG\ibkpob2.RTM,IBKPOB2.RTM,True
IBKPOB2.RTM,C:\DBAMFG\IBKPOB2a.RTM,IBKPOB2A.RTM,False
IBKPOB2.RTM,C:\DBAMFG\IBKPOB2a.RTM,IBKPOB2A.RTM,False
IBKPOB2.RTM,C:\DBAMFG\IBKPOB2a.RTM,IBKPOB2A.RTM,False
IBKPOB3.RTM,C:\DBAMFG\ibkpob3.RTM,IBKPOB3.RTM,True
IBKPOB3.RTM,C:\DBAMFG\ibkpob3.RTM,IBKPOB3.RTM,True
IBKPOB4.RTM,C:\DBAMFG\ibkpob4.RTM,IBKPOB4.RTM,True
IBKPOB4.RTM,C:\DBAMFG\ibkpob4.RTM,IBKPOB4.RTM,True
IBKPOB4.RTM,C:\DBAMFG\IBKPOB4.RTM,IBKPOB4.RTM,True
IBKPOB4.RTM,C:\DBAMFG\bkpob4.rtm,BKPOB4.RTM,False
IBKSOB1.RTM,C:\DBAMFG\IBKSOB1.RTM,IBKSOB1.RTM,True
IBKSOB1.RTM,C:\DBAMFG\ibksob1.RTM,IBKSOB1.RTM,True
IBKSOB1.RTM,C:\DBAMFG\ibksob1.RTM,IBKSOB1.RTM,True
IBKSOB1.RTM,C:\DBAMFG\bksopb1.RTM,BKSOPB1.RTM,False
IBKSOB1.RTM,C:\DBAMFG\bksopb1.RTM,BKSOPB1.RTM,False
IBKSOB2.RTM,C:\DBAMFG\IBKSOB2.RTM,IBKSOB2.RTM,True
IBKSOB2.RTM,C:\DBAMFG\ibksob2.RTM,IBKSOB2.RTM,True
IBKSOB3.RTM,C:\DBAMFG\IBKSOB3.RTM,IBKSOB3.RTM,True
IBKSOB3.RTM,C:\DBAMFG\ibksob3.RTM,IBKSOB3.RTM,True
IBKSOB3.RTM,C:\DBAMFG\ibksob3.rtm,IBKSOB3.RTM,True
IBKSOB3.RTM,C:\DBAMFG\ibksob3.rtm,IBKSOB3.RTM,True
IBKSOB4.RTM,C:\DBAMFG\ibksob4.rtm,IBKSOB4.RTM,True
IBKSOB4.RTM,C:\DBAMFG\ibksob4.rtm,IBKSOB4.RTM,True
IBKSOB4.RTM,C:\DBAMFG\Ibksob4.rtm,IBKSOB4.RTM,True
IBKSOF1.RTM,C:\DBAMFG\ibksof1.rtm,IBKSOF1.RTM,True
IBKSOF1.RTM,C:\SOURCE\RTM\ibksof1.rtm,IBKSOF1.RTM,True
IBKSOF1.RTM,C:\DBAMFG\bksof1.RTM,BKSOF1.RTM,False
IBKSOF1.RTM,C:\DBAMFG\bksof1.RTM,BKSOF1.RTM,False
IBKSOF1.RTM,C:\DBAMFG\bksof1.RTM,BKSOF1.RTM,False
IBKSOF1.RTM,C:\DBAMFG\bksof1.RTM,BKSOF1.RTM,False
IBKSOF1.RTM,C:\DBAMFG\bksof1.RTM,BKSOF1.RTM,False
IBKSOF2.RTM,C:\DBAMFG\ibksof2.rtm,IBKSOF2.RTM,True
IBKSOF2.RTM,C:\SOURCE\RTM\iBksof2.RTM,IBKSOF2.RTM,True
IBKSOF2.RTM,C:\DBAMFG\bksof2.RTM,BKSOF2.RTM,False
IBKSOF2.RTM,C:\DBAMFG\bksof2.RTM,BKSOF2.RTM,False
IBKSOF2.RTM,C:\DBAMFG\bksof2.RTM,BKSOF2.RTM,False
IBKSOF2.RTM,C:\DBAMFG\bksof2.RTM,BKSOF2.RTM,False
IBKSOF2a.rtm,C:\Documents and Settings\Carol\Desktop\IBKSOF2.rtm,IBKSOF2.RTM,False
IBKSOF2a.rtm,C:\SOURCE\RTM\iBksof2.RTM,IBKSOF2.RTM,False
IBKSOF2a.rtm,C:\DBAMFG\bksof2.RTM,BKSOF2.RTM,False
IBKSOF2a.rtm,C:\DBAMFG\bksof2.RTM,BKSOF2.RTM,False
IBKSOF2a.rtm,C:\DBAMFG\bksof2.RTM,BKSOF2.RTM,False
IBKSOF2a.rtm,C:\DBAMFG\bksof2.RTM,BKSOF2.RTM,False
IBKSOF2c.rtm,C:\Documents and Settings\Carol\Desktop\IBKSOF2.rtm,IBKSOF2.RTM,False
IBKSOF2c.rtm,C:\SOURCE\RTM\iBksof2.RTM,IBKSOF2.RTM,False
IBKSOF2c.rtm,C:\DBAMFG\bksof2.RTM,BKSOF2.RTM,False
IBKSOF2c.rtm,C:\DBAMFG\bksof2.RTM,BKSOF2.RTM,False
IBKSOF2c.rtm,C:\DBAMFG\bksof2.RTM,BKSOF2.RTM,False
IBKSOF2c.rtm,C:\DBAMFG\bksof2.RTM,BKSOF2.RTM,False
IBKSOF3.RTM,C:\DBAMFG\ibksof3.rtm,IBKSOF3.RTM,True
IBKSOF3.RTM,C:\SOURCE\RTM\iBksof3.rtm,IBKSOF3.RTM,True
IBKSOF3.RTM,C:\SOURCE\apr99\iBksof3.RTM,IBKSOF3.RTM,True
IBKSOF3.RTM,C:\SOURCE\apr99\iBksof3.RTM,IBKSOF3.RTM,True
IBKSOF3.RTM,C:\SOURCE\apr99\iBksof3.RTM,IBKSOF3.RTM,True
IBKSOF3.RTM,C:\SOURCE\apr99\iBksof3.RTM,IBKSOF3.RTM,True
IBKSOF3.RTM,C:\SOURCE\apr99\iBksof3.RTM,IBKSOF3.RTM,True
IBKSOF4.RTM,C:\DBAMFG\Ibksof4.RTM,IBKSOF4.RTM,True
IBKSOF4.RTM,C:\DBAMFG\Ibksof4.RTM,IBKSOF4.RTM,True
IBKSOF4.RTM,C:\SOURCE\apr99\iBksof4.rtm,IBKSOF4.RTM,True
IBKSOF4.RTM,C:\SOURCE\apr99\iBksof4.rtm,IBKSOF4.RTM,True
IBKSOF4.RTM,C:\SOURCE\apr99\iBksof4.rtm,IBKSOF4.RTM,True
IBKSOF4.RTM,C:\SOURCE\apr99\iBksof4.rtm,IBKSOF4.RTM,True
IBKSOF4.RTM,C:\DBAMFG\BKSOF4.RTM,BKSOF4.RTM,False
IBKSOPB1.RTM,D:\My Documents\rtm work dir\Ibksopb1.rtm,IBKSOPB1.RTM,True
IBKSOPB1.RTM,C:\DBAMFG\bksopb1.RTM,BKSOPB1.RTM,False
IBKSOPB1.RTM,C:\DBAMFG\bksopb1.RTM,BKSOPB1.RTM,False
IBKSOPB1.RTM,C:\DBAMFG\bksopb1.RTM,BKSOPB1.RTM,False
IBKSOPB1.RTM,C:\DBAMFG\bksopb1.RTM,BKSOPB1.RTM,False
IBKSOPB2.RTM,D:\My Documents\rtm work dir\Ibksopb2.rtm,IBKSOPB2.RTM,True
IBKSOPB2.RTM,D:\My Documents\rtm work dir\Ibksopb2.rtm,IBKSOPB2.RTM,True
IBKSOPB2.RTM,D:\My Documents\rtm work dir\Ibksopb2.rtm,IBKSOPB2.RTM,True
IBKSOPB2.RTM,D:\My Documents\rtm work dir\Ibksopb2.rtm,IBKSOPB2.RTM,True
IBKSOPB3.RTM,D:\My Documents\rtm work dir\iBksopb3.rtm,IBKSOPB3.RTM,True
IBKSOPB3.RTM,C:\SOURCE\apr99\iBksopb3.RTM,IBKSOPB3.RTM,True
IBKSOPB3.RTM,C:\SOURCE\apr99\iBksopb3.RTM,IBKSOPB3.RTM,True
IBKSOPB3.RTM,C:\SOURCE\apr99\iBksopb3.RTM,IBKSOPB3.RTM,True
IBKSOPB3.RTM,C:\SOURCE\apr99\iBksopb3.RTM,IBKSOPB3.RTM,True
IBKSOPB4.RTM,C:\DBAMFG\IBKSOPB4.RTM,IBKSOPB4.RTM,True
IBKSOPB4.RTM,C:\DBAMFG\IBKSOPB4.RTM,IBKSOPB4.RTM,True
IENARE2.RTM,C:\TASPRO7\DBA7\IENARE2.RTM,IENARE2.RTM,True
IENARE2.RTM,C:\DBAMFG\bkare2.RTM,BKARE2.RTM,False
IENARE2.RTM,C:\DBAMFG\bkare2.RTM,BKARE2.RTM,False
IENPOB4R.rtm,C:\TASPRO7\DBA7\IENPOB4R.RTM,IENPOB4R.RTM,True
IENPOB4R.rtm,C:\SOURCE\RTM\iBkpob4.rtm,IBKPOB4.RTM,False
IENPOB4R.rtm,C:\DBAMFG\IBKPOB4.RTM,IBKPOB4.RTM,False
IENPOB4R.rtm,C:\DBAMFG\bkpob4.rtm,BKPOB4.RTM,False
IENare3.RTM,C:\TASPRO7\DBA7\IENare3.RTM,IENARE3.RTM,True
IENare3.RTM,C:\DBAMFG\bkare3.RTM,BKARE3.RTM,False
IENare3.RTM,C:\DBAMFG\bkare3.RTM,BKARE3.RTM,False
IPLAIN.rtm,P:\IPLAIN.RTM,IPLAIN.RTM,True
ISCCREP.rtm,C:\TASPRO7\DBA7\ISCCREP.RTM,ISCCREP.RTM,True
ISDCA1.RTM,C:\DBAMFG\ISDCA1.RTM,ISDCA1.RTM,True
ISLCF1.RTM,C:\DBAMFG\ISLCE1.RTM,ISLCE1.RTM,False
ISLCF1.RTM,C:\DBAMFG\ISLCE1.RTM,ISLCE1.RTM,False
ISSAO.RTM,C:\TASPRO7\dba7\ISSAO.RTM,ISSAO.RTM,True
ISSAO.RTM,C:\DBAMFG\bksam1.rtm,BKSAM1.RTM,False
ISSCF1.RTM,C:\DBAMFG\ISSCF1.RTM,ISSCF1.RTM,True
ISSCF1.RTM,C:\DBAMFG\ISSCF1.RTM,ISSCF1.RTM,True
ISWCF1.RTM,C:\DBAMFG\ISWCF1.RTM,ISWCF1.RTM,True
ISWCF1.RTM,C:\DBAMFG\ISWCF1.RTM,ISWCF1.RTM,True
ISWORPT1.RTM,C:\DBAMFG\ISWORPT1.RTM,ISWORPT1.RTM,True
ISWORPT1.RTM,C:\DBAMFG\ISWORPT1.RTM,ISWORPT1.RTM,True
ISWORPT2.RTM,C:\DBAMFG\ISWORPT2.RTM,ISWORPT2.RTM,True
ISWORPT2.RTM,C:\DBAMFG\ISWORPT2.RTM,ISWORPT2.RTM,True
ISWORPT2.RTM,C:\DBAMFG\ISWORPT2.RTM,ISWORPT2.RTM,True
IT6POB1.RTM,C:\TASPRO7\DBA7\IT6POB1.RTM,IT6POB1.RTM,True
IT6POB1.RTM,C:\SOURCE\RTM\iBkpob1.rtm,IBKPOB1.RTM,False
IT6POB1.RTM,C:\DBAMFG\bkpob1.RTM,BKPOB1.RTM,False
IT6POB1.RTM,C:\DBAMFG\bkpob1.RTM,BKPOB1.RTM,False
IT6POB1.RTM,C:\DBAMFG\bkpob1.RTM,BKPOB1.RTM,False
IT6POB2.RTM,C:\DBAMFG\Istech RTMs\IT6POB2.RTM,IT6POB2.RTM,True
IT6POB2.RTM,C:\SOURCE\RTM\iBkpob2.rtm,IBKPOB2.RTM,False
IT6POB2.RTM,C:\DBAMFG\IBKPOB2a.RTM,IBKPOB2A.RTM,False
IT6POB2.RTM,C:\DBAMFG\IBKPOB2a.RTM,IBKPOB2A.RTM,False
IT6POB2.RTM,C:\DBAMFG\IBKPOB2a.RTM,IBKPOB2A.RTM,False
IT6POB3.RTM,C:\DBAMFG\IT6POB3.RTM,IT6POB3.RTM,True
IT6POB3.RTM,C:\SOURCE\RTM\iBkpob3.rtm,IBKPOB3.RTM,False
IT6POB4.RTM,C:\TASPRO7\DBA7\IT6POB4.RTM,IT6POB4.RTM,True
IT6POB4.RTM,C:\SOURCE\RTM\iBkpob4.rtm,IBKPOB4.RTM,False
IT6POB4.RTM,C:\DBAMFG\IBKPOB4.RTM,IBKPOB4.RTM,False
IT6POB4.RTM,C:\DBAMFG\bkpob4.rtm,BKPOB4.RTM,False
IT6POB4R.rtm,C:\TASPRO7\DBA7\IT6POB4R.RTM,IT6POB4R.RTM,True
IT6POB4R.rtm,C:\SOURCE\RTM\iBkpob4.rtm,IBKPOB4.RTM,False
IT6POB4R.rtm,C:\DBAMFG\IBKPOB4.RTM,IBKPOB4.RTM,False
IT6POB4R.rtm,C:\DBAMFG\bkpob4.rtm,BKPOB4.RTM,False
IT6POE1.RTM,C:\TASPRO7\DBA7\iT6POE1.RTM,IT6POE1.RTM,True
IT6POE1.RTM,C:\DBAMFG\bkpoe1.RTM,BKPOE1.RTM,False
IT6POE1.RTM,C:\DBAMFG\bkpoe1.RTM,BKPOE1.RTM,False
IT6POE1.RTM,C:\DBAMFG\bkpoe1.RTM,BKPOE1.RTM,False
IT6POE2.RTM,C:\TASPRO7\DBA7\iT6POE2.RTM,IT6POE2.RTM,True
IT6POE2.RTM,C:\DBAMFG\bkpoe2.RTM,BKPOE2.RTM,False
IT6POE2.RTM,C:\DBAMFG\bkpoe2.RTM,BKPOE2.RTM,False
IT6POE2.RTM,C:\DBAMFG\bkpoe2.RTM,BKPOE2.RTM,False
IT6SOB3.RTM,C:\TASPRO7\DBA7\IT6SOB3.RTM,IT6SOB3.RTM,True
IT6SOB3.RTM,C:\SOURCE\RTM\iBksob3.rtm,IBKSOB3.RTM,False
IT6SOF1.RTM,C:\TASPRO7\DBA7\IT6SOF1.RTM,IT6SOF1.RTM,True
IT6SOF1.RTM,C:\SOURCE\RTM\ibksof1.rtm,IBKSOF1.RTM,False
IT6SOF1.RTM,C:\DBAMFG\bksof1.RTM,BKSOF1.RTM,False
IT6SOF1.RTM,C:\DBAMFG\bksof1.RTM,BKSOF1.RTM,False
IT6SOF1.RTM,C:\DBAMFG\bksof1.RTM,BKSOF1.RTM,False
IT6SOF1.RTM,C:\DBAMFG\bksof1.RTM,BKSOF1.RTM,False
IT6SOF1.RTM,C:\DBAMFG\bksof1.RTM,BKSOF1.RTM,False
IT6SOF2.RTM,C:\TASPRO7\DBA7\IT6SOF2.RTM,IT6SOF2.RTM,True
IT6SOF2.RTM,C:\SOURCE\RTM\iBksof2.RTM,IBKSOF2.RTM,False
IT6SOF2.RTM,C:\DBAMFG\bksof2.RTM,BKSOF2.RTM,False
IT6SOF2.RTM,C:\DBAMFG\bksof2.RTM,BKSOF2.RTM,False
IT6SOF2.RTM,C:\DBAMFG\bksof2.RTM,BKSOF2.RTM,False
IT6SOF2.RTM,C:\DBAMFG\bksof2.RTM,BKSOF2.RTM,False
IT6SOF3.RTM,C:\TASPRO7\DBA7\IT6SOF3.RTM,IT6SOF3.RTM,True
IT6SOF3.RTM,C:\SOURCE\RTM\iBksof3.rtm,IBKSOF3.RTM,False
IT6SOF3.RTM,C:\SOURCE\apr99\iBksof3.RTM,IBKSOF3.RTM,False
IT6SOF3.RTM,C:\SOURCE\apr99\iBksof3.RTM,IBKSOF3.RTM,False
IT6SOF3.RTM,C:\SOURCE\apr99\iBksof3.RTM,IBKSOF3.RTM,False
IT6SOF3.RTM,C:\SOURCE\apr99\iBksof3.RTM,IBKSOF3.RTM,False
IT6SOF3.RTM,C:\SOURCE\apr99\iBksof3.RTM,IBKSOF3.RTM,False
IT6SOF4.RTM,C:\TASPRO7\DBA7\IT6SOF4.RTM,IT6SOF4.RTM,True
IT6SOF4.RTM,C:\SOURCE\RTM\iBksof4.rtm,IBKSOF4.RTM,False
IT6SOF4.RTM,C:\SOURCE\apr99\iBksof4.rtm,IBKSOF4.RTM,False
IT6SOF4.RTM,C:\SOURCE\apr99\iBksof4.rtm,IBKSOF4.RTM,False
IT6SOF4.RTM,C:\SOURCE\apr99\iBksof4.rtm,IBKSOF4.RTM,False
IT6SOF4.RTM,C:\SOURCE\apr99\iBksof4.rtm,IBKSOF4.RTM,False
IT6SOF4.RTM,C:\DBAMFG\BKSOF4.RTM,BKSOF4.RTM,False
IT6SOPB1.RTM,C:\TASPRO7\DBA7\IT6SOPB1.RTM,IT6SOPB1.RTM,True
IT6SOPB1.RTM,C:\DBAMFG\bksopb1.RTM,BKSOPB1.RTM,False
IT6SOPB1.RTM,C:\DBAMFG\bksopb1.RTM,BKSOPB1.RTM,False
IT6SOPB1.RTM,C:\DBAMFG\bksopb1.RTM,BKSOPB1.RTM,False
IT6SOPB1.RTM,C:\DBAMFG\bksopb1.RTM,BKSOPB1.RTM,False
IT6SOPB2.RTM,C:\TASPRO7\DBA7\IT6SOPB2.RTM,IT6SOPB2.RTM,True
IT6SOPB2.RTM,D:\My Documents\rtm work dir\Ibksopb2.rtm,IBKSOPB2.RTM,False
IT6SOPB2.RTM,D:\My Documents\rtm work dir\Ibksopb2.rtm,IBKSOPB2.RTM,False
IT6SOPB2.RTM,D:\My Documents\rtm work dir\Ibksopb2.rtm,IBKSOPB2.RTM,False
IT6SOPB3.RTM,C:\TASPRO7\DBA7\IT6SOPB3.RTM,IT6SOPB3.RTM,True
IT6SOPB3.RTM,C:\SOURCE\apr99\iBksopb3.RTM,IBKSOPB3.RTM,False
IT6SOPB3.RTM,C:\SOURCE\apr99\iBksopb3.RTM,IBKSOPB3.RTM,False
IT6SOPB3.RTM,C:\SOURCE\apr99\iBksopb3.RTM,IBKSOPB3.RTM,False
IT6SOPB3.RTM,C:\SOURCE\apr99\iBksopb3.RTM,IBKSOPB3.RTM,False
IT6SOPB4.RTM,C:\TASPRO7\DBA7\IT6SOPB4.RTM,IT6SOPB4.RTM,True
IT6SOPB4.RTM,D:\My Documents\rtm work dir\Ibksopb4.rtm,IBKSOPB4.RTM,False
Ibkpoe1.RTM,C:\SOURCE\RTM\ibkpoe1.rtm,IBKPOE1.RTM,True
Ibkpoe1.RTM,C:\SOURCE\RTM\ibkpoe1.rtm,IBKPOE1.RTM,True
Ibkpoe1.RTM,C:\DBAMFG\bkpoe1.RTM,BKPOE1.RTM,False
Ibkpoe1.RTM,C:\DBAMFG\bkpoe1.RTM,BKPOE1.RTM,False
Ibkpoe2.RTM,C:\SOURCE\RTM\iBKPOE2.RTM,IBKPOE2.RTM,True
Ibkpoe2.RTM,C:\SOURCE\RTM\iBKPOE2.RTM,IBKPOE2.RTM,True
Ibkpoe2.RTM,C:\SOURCE\RTM\iBKPOE2.RTM,IBKPOE2.RTM,True
Ibkpoe2.RTM,C:\SOURCE\RTM\iBKPOE2.RTM,IBKPOE2.RTM,True
It6ARE2.RTM,C:\TASPro6\DBA\it6are2.RTM,IT6ARE2.RTM,True
It6ARE2.RTM,C:\DBAMFG\bkare2.RTM,BKARE2.RTM,False
It6ARE2.RTM,C:\DBAMFG\bkare2.RTM,BKARE2.RTM,False
It6are3.RTM,C:\TASPro6\DBA\it6are3.RTM,IT6ARE3.RTM,True
It6are3.RTM,C:\DBAMFG\bkare3.RTM,BKARE3.RTM,False
It6are3.RTM,C:\DBAMFG\bkare3.RTM,BKARE3.RTM,False
J6ARBMB1.RTM,C:\TASPRO7\DBA7\J6ARBMB1.RTM,J6ARBMB1.RTM,True
J6BEWOLA.rtm,C:\TASPRO7\DBA7\J6BEWOLA.RTM,J6BEWOLA.RTM,True
J6BEWOLA.rtm,C:\DBAMFG\bksam1.rtm,BKSAM1.RTM,False
J6BKMDIS.rtm,C:\TASPRO7\DBA7\J6BKMdis.RTM,J6BKMDIS.RTM,True
J6BKMDIS.rtm,C:\DBAMFG\bksam1.rtm,BKSAM1.RTM,False
J6BKMREP.rtm,C:\TASPRO7\DBA7\J6BKMREP.RTM,J6BKMREP.RTM,True
J6BKMREP.rtm,C:\DBAMFG\bksam1.rtm,BKSAM1.RTM,False
J6BTSRWO.rtm,C:\TASPRO7\DBA7\J6BTSRWO.RTM,J6BTSRWO.RTM,True
J6BTSRWO.rtm,C:\SOURCE\RTM\Bksob3.rtm,BKSOB3.RTM,False
J6BTSRWO.rtm,C:\SOURCE\apr99\Bksob3.rtm,BKSOB3.RTM,False
J6BTSRWO.rtm,C:\SOURCE\apr99\Bksob3.rtm,BKSOB3.RTM,False
J6BTSRWO.rtm,C:\SOURCE\apr99\Bksob3.rtm,BKSOB3.RTM,False
J6EBDLOT.rtm,C:\TASPRO7\dba7\J6EBDLOT.RTM,J6EBDLOT.RTM,True
J6EBDLOT.rtm,C:\DBAMFG\bksam1.rtm,BKSAM1.RTM,False
J6HVRSAO.rtm,C:\TASPRO7\DBA7\J6HVRSAO.RTM,J6HVRSAO.RTM,True
J6HVRSAO.rtm,C:\DBAMFG\bksam1.rtm,BKSAM1.RTM,False
J6ISDCA1.RTM,C:\TASPRO7\dba7\T6ISDCA1.RTM,T6ISDCA1.RTM,False
J6ISOOE1.RTM,T:\J6ISOOE1.RTM,J6ISOOE1.RTM,True
J6ISOOE1.RTM,C:\DBAMFG\BKISWCE1.RTM,BKISWCE1.RTM,False
J6ISOOE3.RTM,C:\TASPRO7\DBA7\J6ISOOE1.RTM,J6ISOOE1.RTM,False
J6ISOOE3.RTM,C:\DBAMFG\BKISWCE1.RTM,BKISWCE1.RTM,False
J6LAPSA1.rtm,D:\EVOERP\J6LAPSA1.RTM,J6LAPSA1.RTM,True
J6LAPSA1.rtm,C:\DBAMFG\bksam1.rtm,BKSAM1.RTM,False
J6LAPSAO.rtm,D:\EVOERP\J6LAPSAO.RTM,J6LAPSAO.RTM,True
J6LAPSAO.rtm,C:\DBAMFG\bksam1.rtm,BKSAM1.RTM,False
J6LAPSD1.rtm,C:\TASPRO7\DBA7\J6LAPSD1.RTM,J6LAPSD1.RTM,True
J6LAPSD1.rtm,C:\SOURCE\RTM\Bksob4.rtm,BKSOB4.RTM,False
J6LPINM2.rtm,D:\EVOERP\J6LPINM2.RTM,J6LPINM2.RTM,True
J6LPINM2.rtm,C:\DBAMFG\BKISWCE1.RTM,BKISWCE1.RTM,False
J6POIJ1.rtm,C:\TASPRO7\dba7\j6poij1.RTM,J6POIJ1.RTM,True
J6POIJ1.rtm,C:\DBAMFG\bksam1.rtm,BKSAM1.RTM,False
J6PTWOKI.RTM,C:\TASPRO7\DBA7\J6PTWOKI.RTM,J6PTWOKI.RTM,True
J6PTWOKI.RTM,C:\DBAMFG\BKISWCE1.RTM,BKISWCE1.RTM,False
J7ABIShp.rtm,T:\J7ABIShp.rtm,J7ABISHP.RTM,True
J7ABIShp.rtm,C:\DBAMFG\topsale.RTM,TOPSALE.RTM,False
J7AIJCG1.rtm,C:\TASPRO7\DBA7\J7AIJCG1.RTM,J7AIJCG1.RTM,True
J7AIJCG1.rtm,C:\DBAMFG\BKISWCE1.RTM,BKISWCE1.RTM,False
J7APCHK1.rtm,C:\TASPRO7\DBA7\J7APCHK1.RTM,J7APCHK1.RTM,True
J7APCHK1.rtm,C:\DBAMFG\JMCHECK1.RTM,JMCHECK1.RTM,False
J7CCCUTS.RTM,C:\TASPRO7\DBA7\J7CCCUTS.RTM,J7CCCUTS.RTM,True
J7CCCUTS.RTM,C:\DBAMFG\BKISWCE1.RTM,BKISWCE1.RTM,False
J7CCS1.rtm,C:\TASPRO7\DBA7\J7CCS1.RTM,J7CCS1.RTM,True
J7CCS1.rtm,C:\DBAMFG\BKISWCE1.RTM,BKISWCE1.RTM,False
J7CCXFER.RTM,C:\TASPRO7\DBA7\J7CCXFER.RTM,J7CCXFER.RTM,True
J7CCXFER.RTM,C:\ISTECH\bkinlj1.rtm,BKINLJ1.RTM,False
J7HEBX1.rtm,C:\TASPRO7\DBA7\J7HEBX1.RTM,J7HEBX1.RTM,True
J7HEBX1.rtm,C:\ISTECH\bkinlj1.rtm,BKINLJ1.RTM,False
J7HLOAD1.rtm,S:\dbamfg\J7HLOAD1.RTM,J7HLOAD1.RTM,True
J7HSOE1.RTM,C:\TASPRO7\DBA7\J7HSOE1.RTM,J7HSOE1.RTM,True
J7HSOE2.RTM,C:\TASPRO7\DBA7\J7HSOE2.RTM,J7HSOE2.RTM,True
J7LMI1.rtm,C:\TASPRO7\DBA7\J7LMI1.RTM,J7LMI1.RTM,True
J7LMI1.rtm,C:\DBAMFG\topsale.RTM,TOPSALE.RTM,False
J7MCDSA1.rtm,C:\TASPRO7\DBA7\J7MCDSA1.RTM,J7MCDSA1.RTM,True
J7MCDSA1.rtm,C:\DBAMFG\bksam1.rtm,BKSAM1.RTM,False
J7MCXPO1.rtm,C:\TASPRO7\DBA7\J7MCXPO1.RTM,J7MCXPO1.RTM,True
J7MCXPO1.rtm,C:\DBAMFG\BKISWCE1.RTM,BKISWCE1.RTM,False
J7MCXWO1.rtm,C:\TASPRO7\DBA7\J7MCXWO1.RTM,J7MCXWO1.RTM,True
J7MCXWO1.rtm,C:\DBAMFG\BKISWCE1.RTM,BKISWCE1.RTM,False
J7RCSO1.rtm,C:\TASPRO7\DBA7\J7RCSO1.RTM,J7RCSO1.RTM,True
J7SISLS1.rtm,C:\TASPRO7\DBA7\J7SISLS1.RTM,J7SISLS1.RTM,True
J7SISLS1.rtm,C:\DBAMFG\BKISWCE1.RTM,BKISWCE1.RTM,False
J7WOLL1.RTM,C:\TASPRO7\DBA7\J7WOLL1.RTM,J7WOLL1.RTM,True
J7ZCP1.rtm,C:\TASPRO7\DBA7\J7ZCP1.RTM,J7ZCP1.RTM,True
J7ZCP1.rtm,C:\DBAMFG\BKISWCE1.RTM,BKISWCE1.RTM,False
JM6USE1.RTM,C:\TASPRO7\DBA7\JM6USE1.RTM,JM6USE1.RTM,True
JM6USE1.RTM,C:\DBAMFG\bksam1.rtm,BKSAM1.RTM,False
JM6USE2.RTM,C:\TASPRO7\dba7\jm6use2.RTM,JM6USE2.RTM,True
JM6USE2.RTM,C:\DBAMFG\bksam1.rtm,BKSAM1.RTM,False
JM6USE3.rtm,C:\TASPRO7\DBA7\JM6USE3.RTM,JM6USE3.RTM,True
JM6USE3.rtm,C:\DBAMFG\bksam1.rtm,BKSAM1.RTM,False
JMCFILOT.RTM,C:\TASPRO7\dba7\jmcfilot.RTM,JMCFILOT.RTM,True
JMCFILOT.RTM,C:\DBAMFG\bksam1.rtm,BKSAM1.RTM,False
JMCHECK1.RTM,C:\DBAMFG\JMCHECK1.RTM,JMCHECK1.RTM,True
JMCHECK1.RTM,C:\DBAMFG\JMCHECK1.RTM,JMCHECK1.RTM,True
JMCHECK1.RTM,C:\DBAMFG\JMCHECK1.RTM,JMCHECK1.RTM,True
JMCRBOOK.RTM,C:\TASPRO7\dba7\jmcrbook.RTM,JMCRBOOK.RTM,True
JMCRBOOK.RTM,C:\DBAMFG\bksam1.rtm,BKSAM1.RTM,False
JMTOPN1.RTM,C:\TASPRO7\DBA7\jmtopn1.RTM,JMTOPN1.RTM,True
JMTOPN1.RTM,C:\DBAMFG\bksam1.rtm,BKSAM1.RTM,False
LCI2SINV.rtm,C:\TASPRO7\DBA7\LCI2SINV.RTM,LCI2SINV.RTM,True
LCI2SINV.rtm,C:\SOURCE\RTM\bksof4.rtm,BKSOF4.RTM,False
LCI2SINV.rtm,C:\DBAMFG\BKSOF4.RTM,BKSOF4.RTM,False
LCI2SINV.rtm,C:\DBAMFG\BKSOF4.RTM,BKSOF4.RTM,False
LCI2SINV.rtm,C:\DBAMFG\BKSOF4.RTM,BKSOF4.RTM,False
LCI2SINV.rtm,C:\DBAMFG\BKSOF4.RTM,BKSOF4.RTM,False
LCI2SINV.rtm,C:\DBAMFG\BKSOF4.RTM,BKSOF4.RTM,False
ORGBKAPHA1.RTM,C:\DBAMFG\bkapha1.rtm,BKAPHA1.RTM,False
ORGBKAPHA1.RTM,C:\SOURCE\apr99\Bkapha1.rtm,BKAPHA1.RTM,False
ORGBKAPHA1.RTM,C:\SOURCE\apr99\Bkapha1.rtm,BKAPHA1.RTM,False
P8120.rtm,C:\Tas-5\T-Buff\P8120.RTM,P8120.RTM,True
PT6POB3.RTM,C:\TASPRO7\dba7\PT6POB3.RTM,PT6POB3.RTM,True
PT6POB3.RTM,C:\SOURCE\RTM\Bkpob3.rtm,BKPOB3.RTM,False
Packlst.rtm,C:\ISTECH\Packlst.rtm,PACKLST.RTM,True
Packlst.rtm,C:\ISTECH\Packlst.rtm,PACKLST.RTM,True
Packlst.rtm,C:\ISTECH\Packlst.rtm,PACKLST.RTM,True
Packlst.rtm,C:\ISTECH\Packlst.rtm,PACKLST.RTM,True
Packlst.rtm,C:\ISTECH\Packlst.rtm,PACKLST.RTM,True
Packlst.rtm,C:\ISTECH\Packlst.rtm,PACKLST.RTM,True
Packlst.rtm,C:\ISTECH\Packlst.rtm,PACKLST.RTM,True
RMAISST6.rtm,C:\DBAMFG\RMAISST6.rtm,RMAISST6.RTM,True
RMAISST6.rtm,C:\DBAMFG\bksopb3.RTM,BKSOPB3.RTM,False
T10SOB4.RTM,\\I2s109-solidcrm\dbamfg$\T10SOB4.RTM,T10SOB4.RTM,True
T10SOB4.RTM,C:\SOURCE\RTM\Bksob4.rtm,BKSOB4.RTM,False
T6ABINV.RTM,\\I2s109-solidcrm\dbamfg$\T6ABINV.RTM,T6ABINV.RTM,True
T6ABINV.RTM,C:\SOURCE\RTM\bksof4.rtm,BKSOF4.RTM,False
T6ABINV.RTM,C:\DBAMFG\BKSOF4.RTM,BKSOF4.RTM,False
T6ABINV.RTM,C:\DBAMFG\BKSOF4.RTM,BKSOF4.RTM,False
T6ABINV.RTM,C:\DBAMFG\BKSOF4.RTM,BKSOF4.RTM,False
T6ABINV.RTM,C:\DBAMFG\BKSOF4.RTM,BKSOF4.RTM,False
T6ABINV.RTM,C:\DBAMFG\BKSOF4.RTM,BKSOF4.RTM,False
T6ABISOB4.RTM,\\I2s109-solidcrm\dbamfg$\T6ABISOB4.RTM,T6ABISOB4.RTM,True
T6ABISOB4.RTM,C:\SOURCE\RTM\Bksob4.rtm,BKSOB4.RTM,False
T6ABPO1.RTM,\\I2s109-solidcrm\dbamfg$\T6ABPO1.RTM,T6ABPO1.RTM,True
T6ABPO1.RTM,T:\I2SPO1.RTM,I2SPO1.RTM,False
T6ABPO1.RTM,T:\I2SPO1.RTM,I2SPO1.RTM,False
T6ABPO1.RTM,T:\I2SPO1.RTM,I2SPO1.RTM,False
T6ABPO1.RTM,C:\DBAMFG\bkpob4.rtm,BKPOB4.RTM,False
T6ABPOB4.RTM,\\I2s109-solidcrm\dbamfg$\T6ABPOB4.RTM,T6ABPOB4.RTM,True
T6ABPOB4.RTM,T:\I2SPO1.RTM,I2SPO1.RTM,False
T6ABPOB4.RTM,T:\I2SPO1.RTM,I2SPO1.RTM,False
T6ABPOB4.RTM,T:\I2SPO1.RTM,I2SPO1.RTM,False
T6ABPOB4.RTM,C:\DBAMFG\bkpob4.rtm,BKPOB4.RTM,False
T6ABSCHK.RTM,T:\T6ABSCHK.RTM,T6ABSCHK.RTM,True
T6ABSCHK.RTM,C:\SOURCE\apr99\Bkapha1.rtm,BKAPHA1.RTM,False
T6ABSCHK.RTM,C:\SOURCE\apr99\Bkapha1.rtm,BKAPHA1.RTM,False
T6ABSOB4.RTM,T:\T6ABSOB4.RTM,T6ABSOB4.RTM,True
T6ABSOB4.RTM,C:\SOURCE\RTM\Bksob4.rtm,BKSOB4.RTM,False
T6ABSPAC.RTM,\\I2s109-solidcrm\dbamfg$\T6ABSPAC.RTM,T6ABSPAC.RTM,True
T6ABSPAC.RTM,C:\DBAMFG\BKSOC4.RTM,BKSOC4.RTM,False
T6ABSPAC.RTM,C:\DBAMFG\BKSOC4.RTM,BKSOC4.RTM,False
T6ABSPAC.RTM,C:\DBAMFG\bksoc4.RTM,BKSOC4.RTM,False
T6ABSPAC.RTM,C:\DBAMFG\bksoc4.RTM,BKSOC4.RTM,False
T6ABSPAC.RTM,C:\DBAMFG\bksoc4.RTM,BKSOC4.RTM,False
T6ABSQT2.RTM,\\I2s109-solidcrm\dbamfg$\T6ABSQT2.RTM,T6ABSQT2.RTM,True
T6ABSQT2.RTM,C:\DBAMFG\BKSOPB4.RTM,BKSOPB4.RTM,False
T6ABSQT2.RTM,C:\DBAMFG\BKSOPB4.RTM,BKSOPB4.RTM,False
T6ABSQT2.RTM,C:\DBAMFG\BKSOPB4.RTM,BKSOPB4.RTM,False
T6ABSQT2.RTM,C:\DBAMFG\BKSOPB4.RTM,BKSOPB4.RTM,False
T6ABSQUT.RTM,\\I2s109-solidcrm\dbamfg$\T6ABSQUT.RTM,T6ABSQUT.RTM,True
T6ABSQUT.RTM,C:\DBAMFG\BKSOPB4.RTM,BKSOPB4.RTM,False
T6ABSQUT.RTM,C:\DBAMFG\BKSOPB4.RTM,BKSOPB4.RTM,False
T6ABSQUT.RTM,C:\DBAMFG\BKSOPB4.RTM,BKSOPB4.RTM,False
T6ABSQUT.RTM,C:\DBAMFG\BKSOPB4.RTM,BKSOPB4.RTM,False
T6ACWL1.RTM,C:\TASPRO7\DBA7\t6acwl1.RTM,T6ACWL1.RTM,True
T6AISAN1.rtm,C:\TASPRO7\DBA7\T6AISAN1.RTM,T6AISAN1.RTM,True
T6AISAN1.rtm,D:\My Documents\RTMs\T6san1.rtm,T6SAN1.RTM,False
T6AMF1.RTM,C:\TASPRO7\dba7\t6glo1.RTM,T6GLO1.RTM,False
T6AMF1.RTM,C:\DBAMFG\BKISWCE1.RTM,BKISWCE1.RTM,False
T6AMO1.RTM,C:\TASPRO7\DBA7\t6amo1.RTM,T6AMO1.RTM,True
T6AMO1.RTM,C:\DBAMFG\BKISWCE1.RTM,BKISWCE1.RTM,False
T6AMP1.RTM,C:\TASPRO7\DBA7\t6amp1.RTM,T6AMP1.RTM,True
T6AMP1.RTM,C:\DBAMFG\BKISWCE1.RTM,BKISWCE1.RTM,False
T6AMS1.RTM,C:\taspro7\DBA7\t6SMJV1.RTM,T6SMJV1.RTM,False
T6APH1.RTM,C:\DBAMFG\T6APH1.RTM,T6APH1.RTM,True
T6APH1.RTM,C:\DBAMFG\BKAPH1.RTM,BKAPH1.RTM,False
T6APHA1.RTM,C:\DBAMFG\T6APHA1.RTM,T6APHA1.RTM,True
T6APHA1.RTM,C:\SOURCE\apr99\Bkapha1.rtm,BKAPHA1.RTM,False
T6APHA1.RTM,C:\SOURCE\apr99\Bkapha1.rtm,BKAPHA1.RTM,False
T6APHA2.RTM,C:\DBAMFG\T6APHA2.RTM,T6APHA2.RTM,True
T6APHA2.RTM,C:\SOURCE\apr99\Bkapha1.rtm,BKAPHA1.RTM,False
T6APHA2.RTM,C:\DBAMFG\Bkapha1.rtm,BKAPHA1.RTM,False
T6APHA3.RTM,C:\DBAMFG\T6APHA3.RTM,T6APHA3.RTM,True
T6APHA3.RTM,C:\DBAMFG\Bkapha1.rtm,BKAPHA1.RTM,False
T6APHA3.RTM,C:\DBAMFG\Bkapha1.rtm,BKAPHA1.RTM,False
T6APHA9.rtm,\\Ranatuc3\evoerp\T6APHA9.RTM,T6APHA9.RTM,True
T6APHA9.rtm,C:\SOURCE\apr99\Bkapha1.rtm,BKAPHA1.RTM,False
T6APHA9.rtm,C:\SOURCE\apr99\Bkapha1.rtm,BKAPHA1.RTM,False
T6APHAE1.RTM,C:\installer\RTM\T6APHAE1.RTM,T6APHAE1.RTM,True
T6APHAE1.RTM,C:\DBAMFG\bksam1.rtm,BKSAM1.RTM,False
T6APHAR1.RTM,C:\TASPRO7\DBA7\T6APHAR1.RTM,T6APHAR1.RTM,True
T6APHAR1.RTM,C:\DBAMFG\bksam1.rtm,BKSAM1.RTM,False
T6API1.RTM,C:\TASPRO7\DBA7\t6api1.RTM,T6API1.RTM,True
T6API1.RTM,C:\DBAMFG\bksam1.rtm,BKSAM1.RTM,False
T6APJ2.rtm,D:\EVOERP\T6APJ2.RTM,T6APJ2.RTM,True
T6APJ2.rtm,C:\DBAMFG\bksam1.rtm,BKSAM1.RTM,False
T6APK1.RTM,C:\taspro7\DBA7\T6APK1.RTM,T6APK1.RTM,True
T6APK1.RTM,C:\DBAMFG\bksam1.rtm,BKSAM1.RTM,False
T6APL1.RTM,C:\TASPRO7\dba7\T7APL1.RTM,T7APL1.RTM,False
T6APL1.RTM,C:\DBAMFG\bksam1.rtm,BKSAM1.RTM,False
T6APO1.RTM,C:\TASPRO7\DBA7\T6APO1.RTM,T6APO1.RTM,True
T6APO1.RTM,C:\DBAMFG\BKISWCE1.RTM,BKISWCE1.RTM,False
T6APQ1.RTM,C:\TASPRO7\DBA7\T6APQ1.RTM,T6APQ1.RTM,True
T6APQ1.RTM,C:\DBAMFG\bksam1.rtm,BKSAM1.RTM,False
T6APR1.RTM,C:\TASPRO7\DBA7\T6APR1.RTM,T6APR1.RTM,True
T6APR1.RTM,C:\DBAMFG\bksam1.rtm,BKSAM1.RTM,False
T6APR2.RTM,C:\TASPRO7\DBA7\T6APR2.RTM,T6APR2.RTM,True
T6APR2.RTM,C:\DBAMFG\bksam1.rtm,BKSAM1.RTM,False
T6APS1.RTM,C:\TASPRO7\dba7\T6APS1.RTM,T6APS1.RTM,True
T6APS1TEST.RTM,\\I2s44-hapi\dbamfg$\T6APS1TEST.RTM,T6APS1TEST.RTM,True
T6APS2.RTM,T:\T6APS2.RTM,T6APS2.RTM,True
T6APS3(old).RTM,C:\TASPRO7\DBA7\T6APS3.RTM,T6APS3.RTM,False
T6APS3-OLD2.RTM,C:\TASPRO7\DBA7\T6APS3.RTM,T6APS3.RTM,False
T6APS3.RTM,C:\TASPRO7\DBA7\T6APS3up.RTM,T6APS3UP.RTM,False
T6APS3OLD.RTM,\\I2s109-solidcrm\dbamfg$\T6APS3.RTM,T6APS3.RTM,False
T6APS3up.RTM,C:\TASPRO7\DBA7\T6APS3up.RTM,T6APS3UP.RTM,True
T6APS4.RTM,\\I2s109-solidcrm\dbamfg$\T6APS4.RTM,T6APS4.RTM,True
T6APT1.RTM,C:\TASPRO7\DBA7\T6APT1.RTM,T6APT1.RTM,True
T6APT1.RTM,C:\DBAMFG\JMCHECK1.RTM,JMCHECK1.RTM,False
T6APV1.RTM,C:\TASPRO7\DBA7\T6APV1.RTM,T6APV1.RTM,True
T6APV1.RTM,C:\DBAMFG\BKISWCE1.RTM,BKISWCE1.RTM,False
T6APX1.RTM,C:\TASPRO7\DBA7\t6apx1.RTM,T6APX1.RTM,True
T6APX1.RTM,C:\DBAMFG\bksam1.rtm,BKSAM1.RTM,False
T6APY1.RTM,C:\TASPRO7\DBA7\T6APY1.RTM,T6APY1.RTM,True
T6APY1.RTM,C:\DBAMFG\bksam1.rtm,BKSAM1.RTM,False
T6APZA1.RTM,C:\TASPro7\DBA7\T6APZ1.RTM,T6APZ1.RTM,False
T6APZA1.RTM,C:\DBAMFG\bksam1.rtm,BKSAM1.RTM,False
T6ARCEX1.RTM,C:\taspro7\DBA7\t6arcex1.RTM,T6ARCEX1.RTM,True
T6ARH1.RTM,C:\taspro7\DBA7\t6arh1.RTM,T6ARH1.RTM,True
T6ARH1.RTM,C:\DBAMFG\BKISWCE1.RTM,BKISWCE1.RTM,False
T6ARK1.RTM,C:\TASPRO7\DBA7\T6ARK1.RTM,T6ARK1.RTM,True
T6ARK1.RTM,C:\DBAMFG\BKISWCE1.RTM,BKISWCE1.RTM,False
T6ARK2.RTM,C:\TASPRO7\DBA7\T6ARK2.RTM,T6ARK2.RTM,True
T6ARK2.RTM,C:\DBAMFG\BKISWCE1.RTM,BKISWCE1.RTM,False
T6ARK3.RTM,C:\TASPRO7\DBA7\T6ARK3.RTM,T6ARK3.RTM,True
T6ARK3.RTM,C:\DBAMFG\BKISWCE1.RTM,BKISWCE1.RTM,False
T6ARK4.RTM,C:\TASPRO7\DBA7\T6ARK4.RTM,T6ARK4.RTM,True
T6ARK4.RTM,C:\DBAMFG\BKISWCE1.RTM,BKISWCE1.RTM,False
T6ARN1.rtm,C:\TASPRO7\DBA7\T6ARN1.rtm,T6ARN1.RTM,True
T6ARN1.rtm,C:\DBAMFG\BKISWCE1.RTM,BKISWCE1.RTM,False
T6ARP1.RTM,C:\TASPRO7\DBA7\T6ARP1.RTM,T6ARP1.RTM,True
T6ARP1.RTM,C:\DBAMFG\bkare1.RTM,BKARE1.RTM,False
T6ARPL1.RTM,C:\TASPro6\DBA\T6ARPL1.RTM,T6ARPL1.RTM,True
T6ARR1.RTM,C:\TASPRO7\DBA7\T6ARR1.RTM,T6ARR1.RTM,True
T6ARR1.RTM,C:\DBAMFG\bksam1.rtm,BKSAM1.RTM,False
T6ASOB3.RTM,C:\TASPRO7\DBA7\T6ASOB3.RTM,T6ASOB3.RTM,True
T6ASOB3.RTM,C:\SOURCE\RTM\Bksob3.rtm,BKSOB3.RTM,False
T6ASOB3.RTM,C:\SOURCE\apr99\Bksob3.rtm,BKSOB3.RTM,False
T6ASOB3.RTM,C:\SOURCE\apr99\Bksob3.rtm,BKSOB3.RTM,False
T6ASOB3.RTM,C:\SOURCE\apr99\Bksob3.rtm,BKSOB3.RTM,False
T6ASOC3.RTM,C:\TASPRO7\DBA7\T6ASOC3.RTM,T6ASOC3.RTM,True
T6ASOC3.RTM,C:\DBAMFG\Bksoc3.rtm,BKSOC3.RTM,False
T6ASOC3.RTM,C:\DBAMFG\bksoc3.RTM,BKSOC3.RTM,False
T6ASOC3.RTM,C:\DBAMFG\bksoc3.RTM,BKSOC3.RTM,False
T6ASOF3.RTM,C:\TASPRO7\DBA7\T6ASOF3.RTM,T6ASOF3.RTM,True
T6ASOF3.RTM,C:\SOURCE\RTM\Bksof3.rtm,BKSOF3.RTM,False
T6ASOF3.RTM,C:\DBAMFG\bksof3.RTM,BKSOF3.RTM,False
T6ASOF3.RTM,C:\DBAMFG\bksof3.RTM,BKSOF3.RTM,False
T6ASOF3.RTM,C:\DBAMFG\bksof3.RTM,BKSOF3.RTM,False
T6ASOF3.RTM,C:\DBAMFG\bksof3.RTM,BKSOF3.RTM,False
T6ASOF3.RTM,C:\DBAMFG\bksof3.RTM,BKSOF3.RTM,False
T6ASOPB3.RTM,C:\TASPRO7\DBA7\T6ASOPB3.RTM,T6ASOPB3.RTM,True
T6ASOPB3.RTM,C:\DBAMFG\bksopb3.RTM,BKSOPB3.RTM,False
T6BMC1.RTM,C:\TASPRO7\DBA7\t6bmc1.RTM,T6BMC1.RTM,True
T6BMD1.RTM,C:\TASPRO7\DBA7\T6BMD1.RTM,T6BMD1.RTM,True
T6BMD1.RTM,C:\DBAMFG\BKISWCE1.RTM,BKISWCE1.RTM,False
T6BMD2.RTM,\\I2s109-solidcrm\dbamfg$\T6BMD2.RTM,T6BMD2.RTM,True
T6BMD2.RTM,C:\DBAMFG\BKISWCE1.RTM,BKISWCE1.RTM,False
T6BMD3.RTM,C:\TASPRO7\DBA7\T6BMD3.RTM,T6BMD3.RTM,True
T6BMD3.RTM,C:\DBAMFG\BKISWCE1.RTM,BKISWCE1.RTM,False
T6BME1.RTM,C:\TASPRO7\DBA7\T6BME1.RTM,T6BME1.RTM,True
T6BMF1.RTM,C:\TASPRO7\DBA7\T6BMF1.RTM,T6BMF1.RTM,True
T6BMH1.RTM,C:\TASPRO7\DBA7\t6bmh1.RTM,T6BMH1.RTM,True
T6BMH1.RTM,C:\DBAMFG\BKISWCE1.RTM,BKISWCE1.RTM,False
T6BMI1.RTM,C:\TASPRO7\DBA7\t6bmi1.RTM,T6BMI1.RTM,True
T6BMJ1.RTM,C:\TASPRO7\DBA7\T6BMJ1.RTM,T6BMJ1.RTM,True
T6BMK1.RTM,C:\TASPRO7\DBA7\T6BMK1.RTM,T6BMK1.RTM,True
T6BML1.RTM,C:\TASPRO7\DBA7\T6BML1.RTM,T6BML1.RTM,True
T6BMP1.RTM,C:\TASPRO7\DBA7\T6BMP1.RTM,T6BMP1.RTM,True
T6BMP1.RTM,C:\DBAMFG\BKISWCE1.RTM,BKISWCE1.RTM,False
T6BMR1.RTM,C:\TASPRO7\DBA7\T6BMR1.RTM,T6BMR1.RTM,True
T6BMR1.RTM,C:\DBAMFG\BKISWCE1.RTM,BKISWCE1.RTM,False
T6BOL1.RTM,C:\TASPRO7\DBA7\T6BOL1.RTM,T6BOL1.RTM,True
T6CCREP.RTM,D:\evoerp\T6CCREP.RTM,T6CCREP.RTM,True
T6CMBB1.RTM,C:\TASPRO7\DBA7\T6CMBB1.RTM,T6CMBB1.RTM,True
T6CMBB1.RTM,C:\DBAMFG\BKISWCE1.RTM,BKISWCE1.RTM,False
T6CMBD1.RTM,C:\TASPro6\DBA\T6CMBD1.RTM,T6CMBD1.RTM,True
T6CMBD2.RTM,C:\TASPro6\DBA\T6CMBD2.RTM,T6CMBD2.RTM,True
T6CMBD3.RTM,C:\TASPro6\DBA\T6CMBD3.RTM,T6CMBD3.RTM,True
T6CMBD4.RTM,C:\TASPRO7\DBA7\T6CMBD4.RTM,T6CMBD4.RTM,True
T6CMBD4E.rtm,D:\EVOERP\T6CMBD4E.RTM,T6CMBD4E.RTM,True
T6CMBD4I.rtm,D:\EVOERP\T6CMBD4.RTM,T6CMBD4.RTM,False
T6CMBI1.RTM,C:\TASPro6\DBA\T6CMBI1.RTM,T6CMBI1.RTM,True
T6COB3.RTM,\\I2s109-solidcrm\dbamfg$\T6COB3.RTM,T6COB3.RTM,True
T6COB3.RTM,C:\SOURCE\RTM\Bksob4.rtm,BKSOB4.RTM,False
T6COB4.RTM,\\I2s109-solidcrm\dbamfg$\T6COB4.RTM,T6COB4.RTM,True
T6COB4.RTM,C:\SOURCE\RTM\Bksob4.rtm,BKSOB4.RTM,False
T6COB5.RTM,\\I2s109-solidcrm\dbamfg$\T6COB5.RTM,T6COB5.RTM,True
T6COB5.RTM,C:\SOURCE\RTM\Bksob4.rtm,BKSOB4.RTM,False
T6COB9.RTM,\\I2s109-solidcrm\dbamfg$\T6COB9.RTM,T6COB9.RTM,True
T6COB9.RTM,C:\SOURCE\RTM\Bksob4.rtm,BKSOB4.RTM,False
T6COR1.rtm,C:\TASPRO7\DBA7\T6COR1.RTM,T6COR1.RTM,True
T6CSC1.RTM,C:\taspro7\DBA7\T6csc1.RTM,T6CSC1.RTM,True
T6CSD1.RTM,C:\taspro7\DBA7\t6csd1.RTM,T6CSD1.RTM,True
T6CSE1.RTM,C:\taspro7\DBA7\T6cse1.RTM,T6CSE1.RTM,True
T6CSF1.RTM,C:\taspro7\DBA7\T6csf1.RTM,T6CSF1.RTM,True
T6CSOC1.RTM,C:\TASPRO7\DBA7\T6CSOC1.RTM,T6CSOC1.RTM,True
T6CSOC1.RTM,C:\DBAMFG\BKISWCE1.RTM,BKISWCE1.RTM,False
T6CSOC2.RTM,\\I2s109-solidcrm\dbamfg$\T6CSOC2.RTM,T6CSOC2.RTM,True
T6CSOC2.RTM,C:\DBAMFG\BKISWCE1.RTM,BKISWCE1.RTM,False
T6CSOI1.RTM,C:\TASPRO7\DBA7\T6CSOI1.RTM,T6CSOI1.RTM,True
T6CSOI1.RTM,C:\DBAMFG\BKISWCE1.RTM,BKISWCE1.RTM,False
T6CSP1.RTM,C:\taspro7\DBA7\T6csp1.RTM,T6CSP1.RTM,True
T6DCAL1.RTM,C:\TASPRO7\DBA7\T6DCAL1.RTM,T6DCAL1.RTM,True
T6DCAL1P.rtm,C:\TASPRO7\DBA7\T6DCAL1P.RTM,T6DCAL1P.RTM,True
T6DCAL2.RTM,C:\TASPRO7\DBA7\T6DCAL2.RTM,T6DCAL2.RTM,True
T6DCE.RTM,C:\TASPro6\DBA\T6DCE.RTM,T6DCE.RTM,True
T6DCE1.rtm,Z:\T6DCE.RTM,T6DCE.RTM,False
T6DCF.RTM,C:\TASPro6\DBA\T6DCF.RTM,T6DCF.RTM,True
T6DCH1.RTM,C:\TASPRO7\DBA7\T6DCH1.RTM,T6DCH1.RTM,True
T6DCH1.RTM,C:\DBAMFG\topsale.RTM,TOPSALE.RTM,False
T6DCL1.RTM,C:\TASPRO7\DBA7\T6DCL1.RTM,T6DCL1.RTM,True
T6DCL1.RTM,C:\DBAMFG\bksam1.rtm,BKSAM1.RTM,False
T6DEHD1.RTM,C:\TASPRO7\DBA7\T6DEHD1.RTM,T6DEHD1.RTM,True
T6DEHD1.RTM,C:\DBAMFG\bkpica1.RTM,BKPICA1.RTM,False
T6DEM1.RTM,C:\TASPRO7\DBA7\t6dem1.RTM,T6DEM1.RTM,True
T6DEM1.RTM,C:\DBAMFG\BKISWCE1.RTM,BKISWCE1.RTM,False
T6DEM1.RTM,C:\DBAMFG\BKISWCE1.RTM,BKISWCE1.RTM,False
T6DEM1.RTM,C:\DBAMFG\BKISWCE1.RTM,BKISWCE1.RTM,False
T6DEM1.RTM,C:\DBAMFG\BKISWCE1.RTM,BKISWCE1.RTM,False
T6DEM1.RTM,C:\DBAMFG\BKISWCE1.RTM,BKISWCE1.RTM,False
T6DEPH1.RTM,C:\TASPRO7\DBA7\T6DEPH1.RTM,T6DEPH1.RTM,True
T6DEPH1.RTM,C:\DBAMFG\BKISWCE1.RTM,BKISWCE1.RTM,False
T6DER1.RTM,C:\TASPRO7\DBA7\t6der1.RTM,T6DER1.RTM,True
T6DER1.RTM,C:\DBAMFG\BKISWCE1.RTM,BKISWCE1.RTM,False
T6DER1.RTM,C:\DBAMFG\BKISWCE1.RTM,BKISWCE1.RTM,False
T6DER1.RTM,C:\DBAMFG\BKISWCE1.RTM,BKISWCE1.RTM,False
T6DER1.RTM,C:\DBAMFG\BKISWCE1.RTM,BKISWCE1.RTM,False
T6DER1.RTM,C:\DBAMFG\BKISWCE1.RTM,BKISWCE1.RTM,False
T6DET1.RTM,C:\TASPRO7\DBA7\T6DET1.RTM,T6DET1.RTM,True
T6DET1.RTM,C:\DBAMFG\bkpica1.RTM,BKPICA1.RTM,False
T6DR1.rtm,C:\TASPRO7\DBA7\T6DR1.RTM,T6DR1.RTM,True
T6DRILL.RTM,C:\ISTECH\T6DRILL.RTM,T6DRILL.RTM,True
T6ECN1.rtm,C:\TASPRO7\DBA7\T6ECN1.RTM,T6ECN1.RTM,True
T6ECN1a.rtm,C:\TASPRO7\DBA7\T6ECN1a.RTM,T6ECN1A.RTM,True
T6ESB1.RTM,C:\TASPRO7\DBA7\T6ESB1.RTM,T6ESB1.RTM,True
T6ESB1.RTM,C:\SOURCE\RTM\Bksob4.rtm,BKSOB4.RTM,False
T6ESC1.RTM,C:\TASPRO7\DBA7\T6ESC1.RTM,T6ESC1.RTM,True
T6ESC2.RTM,C:\TASPRO7\DBA7\T6ESC2.RTM,T6ESC2.RTM,True
T6ESI1.RTM,C:\taspro7\DBA7\t6esi1.RTM,T6ESI1.RTM,True
T6FDICT1.rtm,C:\TASPRO7\DBA7\T6FDICT1.RTM,T6FDICT1.RTM,True
T6FDICT1.rtm,C:\DBAMFG\BKISWCE1.RTM,BKISWCE1.RTM,False
T6FNO.RTM,C:\TASPRO7\DBA7\T6FNO.RTM,T6FNO.RTM,True
T6FOD1.RTM,C:\taspro7\DBA7\t6fod1.RTM,T6FOD1.RTM,True
T6FOE1.RTM,C:\taspro7\DBA7\t6foe1.RTM,T6FOE1.RTM,True
T6GLB.rtm,C:\TASPRO7\DBA7\T6GLB.rtm,T6GLB.RTM,True
T6GLC1.RTM,C:\DBAMFG\T6GLC1.RTM,T6GLC1.RTM,True
T6GLC1.RTM,C:\DBAMFG\BKISWCE1.RTM,BKISWCE1.RTM,False
T6GLC2.RTM,D:\EVOERP\T6GLC2.RTM,T6GLC2.RTM,True
T6GLC2.RTM,C:\DBAMFG\BKISWCE1.RTM,BKISWCE1.RTM,False
T6GLE1.RTM,C:\TASPRO7\DBA7\T6GLE1.RTM,T6GLE1.RTM,True
T6GLE1.RTM,C:\DBAMFG\BKISWCE1.RTM,BKISWCE1.RTM,False
T6GLE1P.rtm,D:\EVOERP\T6GLE1P.RTM,T6GLE1P.RTM,True
T6GLE1P.rtm,C:\DBAMFG\BKISWCE1.RTM,BKISWCE1.RTM,False
T6GLE2.RTM,C:\TASPRO7\DBA7\T6GLE2.RTM,T6GLE2.RTM,True
T6GLE2.RTM,C:\DBAMFG\BKISWCE1.RTM,BKISWCE1.RTM,False
T6GLF1.RTM,C:\TASPRO7\DBA7\T6GLF1.RTM,T6GLF1.RTM,True
T6GLF12.RTM,C:\TASPRO7\DBA7\T6GLF12.RTM,T6GLF12.RTM,True
T6GLF2.RTM,C:\TASPRO7\DBA7\T6GLF2.RTM,T6GLF2.RTM,True
T6GLF3.RTM,C:\TASPRO7\DBA7\T6GLF3.RTM,T6GLF3.RTM,True
T6GLF4.RTM,C:\TASPRO7\DBA7\T6GLF4.RTM,T6GLF4.RTM,True
T6GLG1.RTM,C:\TASPRO7\DBA7\T6GLG1.RTM,T6GLG1.RTM,True
T6GLG1.RTM,C:\DBAMFG\BKISWCE1.RTM,BKISWCE1.RTM,False
T6GLH1.RTM,C:\taspro7\DBA7\T6GLH1.RTM,T6GLH1.RTM,True
T6GLI1.RTM,C:\TASPRO7\DBA7\T6GLI1.RTM,T6GLI1.RTM,True
T6GLI1.RTM,C:\DBAMFG\BKISWCE1.RTM,BKISWCE1.RTM,False
T6GLJ1.RTM,C:\TASPRO7\DBA7\T6GLJ1.RTM,T6GLJ1.RTM,True
T6GLJ1.RTM,C:\DBAMFG\BKISWCE1.RTM,BKISWCE1.RTM,False
T6GLN1.RTM,C:\TASPRO7\dba7\t6gln1.rtm,T6GLN1.RTM,True
T6GLN1P.RTM,C:\TASPRO7\DBA7\T6GLN1PERC.RTM,T6GLN1PERC.RTM,False
T6GLN1PC.RTM,C:\TASPRO7\dba7\t6gln1pc.rtm,T6GLN1PC.RTM,True
T6GLN1PERC.RTM,C:\TASPRO7\DBA7\T6GLN1PERC.RTM,T6GLN1PERC.RTM,True
T6GLN2.RTM,C:\TASPRO7\dba7\t6gln2.rtm,T6GLN2.RTM,True
T6GLN2P.RTM,C:\TASPRO7\DBA7\T6GLN2PERC.RTM,T6GLN2PERC.RTM,False
T6GLN2PC.RTM,C:\TASPRO7\dba7\t6gln2pc.rtm,T6GLN2PC.RTM,True
T6GLN2PERC.RTM,C:\TASPRO7\DBA7\T6GLN2PERC.RTM,T6GLN2PERC.RTM,True
T6GLN3.RTM,C:\TASPRO7\dba7\t6gln3.rtm,T6GLN3.RTM,True
T6GLN3PC.RTM,C:\TASPRO7\dba7\t6gln3pc.rtm,T6GLN3PC.RTM,True
T6GLN3PERC.RTM,C:\TASPRO7\DBA7\T6GLN3PERC.RTM,T6GLN3PERC.RTM,True
T6GLN4.RTM,C:\TASPRO7\dba7\t6gln4.rtm,T6GLN4.RTM,True
T6GLN4PC.RTM,C:\TASPRO7\dba7\T6GLN4PC.RTM,T6GLN4PC.RTM,True
T6GLOOB1.RTM,C:\TASPRO7\DBA7\t6gloob1.rtm,T6GLOOB1.RTM,True
T6GLOOB1.RTM,C:\DBAMFG\BKISWCE1.RTM,BKISWCE1.RTM,False
T6GLS1.RTM,C:\taspro7\DBA7\t6gls1.RTM,T6GLS1.RTM,True
T6GLS1.RTM,C:\DBAMFG\BKISWCE1.RTM,BKISWCE1.RTM,False
T6HHC1.RTM,C:\TASPRO7\DBA7\T6HHC1.RTM,T6HHC1.RTM,True
T6HSOD1.RTM,C:\TASPRO7\DBA7\T6HSOD1.RTM,T6HSOD1.RTM,True
T6HSOD2.RTM,C:\TASPRO7\DBA7\T6HSOD2.RTM,T6HSOD2.RTM,True
T6I2PAC2.RTM,\\I2s109-solidcrm\dbamfg$\T6I2PAC2.RTM,T6I2PAC2.RTM,True
T6I2PAC2.RTM,C:\DBAMFG\BKSOC4.RTM,BKSOC4.RTM,False
T6I2PAC2.RTM,C:\DBAMFG\BKSOC4.RTM,BKSOC4.RTM,False
T6I2PAC2.RTM,C:\DBAMFG\bksoc4.RTM,BKSOC4.RTM,False
T6I2PAC2.RTM,C:\DBAMFG\bksoc4.RTM,BKSOC4.RTM,False
T6I2PAC2.RTM,C:\DBAMFG\bksoc4.RTM,BKSOC4.RTM,False
T6I2SCHB.RTM,\\I2s109-solidcrm\dbamfg$\T6I2SCHB.RTM,T6I2SCHB.RTM,True
T6I2SCHB.RTM,C:\SOURCE\apr99\Bkapha1.rtm,BKAPHA1.RTM,False
T6I2SCHB.RTM,C:\SOURCE\apr99\Bkapha1.rtm,BKAPHA1.RTM,False
T6I2SCHC.RTM,\\I2s109-solidcrm\dbamfg$\T6I2SCHC.RTM,T6I2SCHC.RTM,True
T6I2SCHC.RTM,C:\SOURCE\apr99\Bkapha1.rtm,BKAPHA1.RTM,False
T6I2SCHC.RTM,C:\SOURCE\apr99\Bkapha1.rtm,BKAPHA1.RTM,False
T6I2SCHK.RTM,\\I2s109-solidcrm\dbamfg$\T6I2SCHK.RTM,T6I2SCHK.RTM,True
T6I2SCHK.RTM,C:\SOURCE\apr99\Bkapha1.rtm,BKAPHA1.RTM,False
T6I2SCHK.RTM,C:\SOURCE\apr99\Bkapha1.rtm,BKAPHA1.RTM,False
T6I2SCHKB.RTM,\\I2s109-solidcrm\dbamfg$\T6I2SCHKB.RTM,T6I2SCHKB.RTM,True
T6I2SCHKB.RTM,C:\SOURCE\apr99\Bkapha1.rtm,BKAPHA1.RTM,False
T6I2SCHKB.RTM,C:\SOURCE\apr99\Bkapha1.rtm,BKAPHA1.RTM,False
T6I2SCHKC.RTM,\\I2s109-solidcrm\dbamfg$\T6I2SCHKC.RTM,T6I2SCHKC.RTM,True
T6I2SCHKC.RTM,C:\SOURCE\apr99\Bkapha1.rtm,BKAPHA1.RTM,False
T6I2SCHKC.RTM,C:\SOURCE\apr99\Bkapha1.rtm,BKAPHA1.RTM,False
T6I2SINV.RTM,\\I2s109-solidcrm\dbamfg$\T6I2SINV.RTM,T6I2SINV.RTM,True
T6I2SINV.RTM,C:\SOURCE\RTM\bksof4.rtm,BKSOF4.RTM,False
T6I2SINV.RTM,C:\DBAMFG\BKSOF4.RTM,BKSOF4.RTM,False
T6I2SINV.RTM,C:\DBAMFG\BKSOF4.RTM,BKSOF4.RTM,False
T6I2SINV.RTM,C:\DBAMFG\BKSOF4.RTM,BKSOF4.RTM,False
T6I2SINV.RTM,C:\DBAMFG\BKSOF4.RTM,BKSOF4.RTM,False
T6I2SINV.RTM,C:\DBAMFG\BKSOF4.RTM,BKSOF4.RTM,False
T6I2SPAC.RTM,\\I2s109-solidcrm\dbamfg$\T6I2SPAC.RTM,T6I2SPAC.RTM,True
T6I2SPAC.RTM,C:\DBAMFG\BKSOC4.RTM,BKSOC4.RTM,False
T6I2SPAC.RTM,C:\DBAMFG\BKSOC4.RTM,BKSOC4.RTM,False
T6I2SPAC.RTM,C:\DBAMFG\bksoc4.RTM,BKSOC4.RTM,False
T6I2SPAC.RTM,C:\DBAMFG\bksoc4.RTM,BKSOC4.RTM,False
T6I2SPAC.RTM,C:\DBAMFG\bksoc4.RTM,BKSOC4.RTM,False
T6I2SPAD.RTM,\\I2s109-solidcrm\dbamfg$\T6I2SPAD.RTM,T6I2SPAD.RTM,True
T6I2SPAD.RTM,C:\DBAMFG\BKSOC4.RTM,BKSOC4.RTM,False
T6I2SPAD.RTM,C:\DBAMFG\BKSOC4.RTM,BKSOC4.RTM,False
T6I2SPAD.RTM,C:\DBAMFG\bksoc4.RTM,BKSOC4.RTM,False
T6I2SPAD.RTM,C:\DBAMFG\bksoc4.RTM,BKSOC4.RTM,False
T6I2SPAD.RTM,C:\DBAMFG\bksoc4.RTM,BKSOC4.RTM,False
T6I2SPCB.RTM,T:\T6I2SPCB.RTM,T6I2SPCB.RTM,True
T6I2SPCB.RTM,C:\DBAMFG\BKSOC4.RTM,BKSOC4.RTM,False
T6I2SPCB.RTM,C:\DBAMFG\BKSOC4.RTM,BKSOC4.RTM,False
T6I2SPCB.RTM,C:\DBAMFG\bksoc4.RTM,BKSOC4.RTM,False
T6I2SPCB.RTM,C:\DBAMFG\bksoc4.RTM,BKSOC4.RTM,False
T6I2SPCB.RTM,C:\DBAMFG\bksoc4.RTM,BKSOC4.RTM,False
T6I2SPCC.RTM,T:\T6I2SPCC.RTM,T6I2SPCC.RTM,True
T6I2SPCC.RTM,C:\DBAMFG\BKSOC4.RTM,BKSOC4.RTM,False
T6I2SPCC.RTM,C:\DBAMFG\BKSOC4.RTM,BKSOC4.RTM,False
T6I2SPCC.RTM,C:\DBAMFG\bksoc4.RTM,BKSOC4.RTM,False
T6I2SPCC.RTM,C:\DBAMFG\bksoc4.RTM,BKSOC4.RTM,False
T6I2SPCC.RTM,C:\DBAMFG\bksoc4.RTM,BKSOC4.RTM,False
T6I2SPO1.RTM,\\I2s109-solidcrm\dbamfg$\T6I2SPO1.RTM,T6I2SPO1.RTM,True
T6I2SPO1.RTM,T:\I2SPO1.RTM,I2SPO1.RTM,False
T6I2SPO1.RTM,T:\I2SPO1.RTM,I2SPO1.RTM,False
T6I2SPO1.RTM,T:\I2SPO1.RTM,I2SPO1.RTM,False
T6I2SPO1.RTM,C:\DBAMFG\bkpob4.rtm,BKPOB4.RTM,False
T6I2SQT2.RTM,T:\T6I2SQT2.RTM,T6I2SQT2.RTM,True
T6I2SQT2.RTM,C:\DBAMFG\BKSOPB4.RTM,BKSOPB4.RTM,False
T6I2SQT2.RTM,C:\DBAMFG\BKSOPB4.RTM,BKSOPB4.RTM,False
T6I2SQT2.RTM,C:\DBAMFG\BKSOPB4.RTM,BKSOPB4.RTM,False
T6I2SQT2.RTM,C:\DBAMFG\BKSOPB4.RTM,BKSOPB4.RTM,False
T6I2TPAC.RTM,T:\T6I2TPAC.RTM,T6I2TPAC.RTM,True
T6I2TPAC.RTM,C:\DBAMFG\BKSOC4.RTM,BKSOC4.RTM,False
T6I2TPAC.RTM,C:\DBAMFG\BKSOC4.RTM,BKSOC4.RTM,False
T6I2TPAC.RTM,C:\DBAMFG\bksoc4.RTM,BKSOC4.RTM,False
T6I2TPAC.RTM,C:\DBAMFG\bksoc4.RTM,BKSOC4.RTM,False
T6I2TPAC.RTM,C:\DBAMFG\bksoc4.RTM,BKSOC4.RTM,False
T6IND1.RTM,C:\TASPRO7\dba7\t6ind2.RTM,T6IND2.RTM,False
T6IND1.RTM,C:\DBAMFG\BKISWCE1.RTM,BKISWCE1.RTM,False
T6IND1A.RTM,C:\TASPRO7\dba7\T6IND1A.RTM,T6IND1A.RTM,True
T6IND1A.RTM,C:\DBAMFG\BKISWCE1.RTM,BKISWCE1.RTM,False
T6INDPO1.RTM,C:\TASPRO7\DBA7\T6INDPO1.RTM,T6INDPO1.RTM,True
T6INDPO1.RTM,C:\DBAMFG\BKISWCE1.RTM,BKISWCE1.RTM,False
T6INF3.rtm,C:\TASPRO7\DBA7\T6INF3.RTM,T6INF3.RTM,True
T6INF3.rtm,C:\DBAMFG\BKISWCE1.RTM,BKISWCE1.RTM,False
T6ING1.RTM,C:\TASPRO7\DBA7\T6ING1.RTM,T6ING1.RTM,True
T6ING1L.RTM,\\I2s44-hapi\dbamfg$\T6ING1L.RTM,T6ING1L.RTM,True
T6ING1L2.RTM,D:\EVOERP\T6ING1L2.RTM,T6ING1L2.RTM,True
T6ING1L2r.RTM,T:\T6ING1L2r.RTM,T6ING1L2R.RTM,True
T6ING1L2renee.RTM,T:\T6ING1L2renee.RTM,T6ING1L2RENEE.RTM,True
T6ING1L3.RTM,\\I2s44-hapi\dbamfg$\T6ING1L3.RTM,T6ING1L3.RTM,True
T6ING1L5.RTM,\\I2s44-hapi\dbamfg$\T6ING1L5.RTM,T6ING1L5.RTM,True
T6ING1R3.RTM,T:\T6ING1R3.RTM,T6ING1R3.RTM,True
T6ING2.RTM,C:\TASPRO7\DBA7\T6ING2.RTM,T6ING2.RTM,True
T6ING2b.RTM,T:\T6ING2b.RTM,T6ING2B.RTM,True
T6ING3.RTM,\\I2s44-hapi\dbamfg$\T6ING3.RTM,T6ING3.RTM,True
T6ING3L.RTM,\\I2s44-hapi\dbamfg$\T6ING3L.RTM,T6ING3L.RTM,True
T6ING3U.RTM,\\I2s44-hapi\dbamfg$\T6ING3U.RTM,T6ING3U.RTM,True
T6ING4.rtm,C:\dbamfg\T6ING4.RTM,T6ING4.RTM,True
T6ING42.RTM,C:\TASPRO7\DBA7\T6ING42.RTM,T6ING42.RTM,True
T6ING5.RTM,C:\DBAMFG\T6ING5.RTM,T6ING5.RTM,True
T6INGC1.RTM,C:\TASPRO7\DBA7\T6INGC1.RTM,T6INGC1.RTM,True
T6INGSI1.rtm,C:\dbamfg\T6INGSI1.rtm,T6INGSI1.RTM,True
T6INH2.RTM,C:\TASPRO7\DBA7\t6inh2.RTM,T6INH2.RTM,True
T6INH2.RTM,C:\DBAMFG\BKISWCE1.RTM,BKISWCE1.RTM,False
T6INH3.RTM,C:\TASPRO7\DBA7\t6inh3.RTM,T6INH3.RTM,True
T6INH3.RTM,C:\DBAMFG\BKISWCE1.RTM,BKISWCE1.RTM,False
T6INH4.RTM,C:\TASPRO7\DBA7\T6INH4.RTM,T6INH4.RTM,True
T6INH4.RTM,C:\DBAMFG\BKISWCE1.RTM,BKISWCE1.RTM,False
T6INJ1.RTM,C:\TASPRO7\DBA7\T6INJ1.RTM,T6INJ1.RTM,True
T6INJ1.RTM,C:\DBAMFG\BKISWCE1.RTM,BKISWCE1.RTM,False
T6INJ2.RTM,T:\T6INJ2.RTM,T6INJ2.RTM,True
T6INJ2.RTM,C:\DBAMFG\BKISWCE1.RTM,BKISWCE1.RTM,False
T6INJ3.RTM,T:\T6INJ3.RTM,T6INJ3.RTM,True
T6INJ3.RTM,C:\DBAMFG\BKISWCE1.RTM,BKISWCE1.RTM,False
T6INJ4.RTM,\\I2s109-solidcrm\dbamfg$\T6INJ4.RTM,T6INJ4.RTM,True
T6INJ4.RTM,C:\DBAMFG\BKISWCE1.RTM,BKISWCE1.RTM,False
T6INLE1.RTM,C:\taspro7\DBA7\t6inle1.RTM,T6INLE1.RTM,True
T6INLK1.RTM,T:\T6INLK1.RTM,T6INLK1.RTM,True
T6INLK1.RTM,C:\DBAMFG\BKISWCE1.RTM,BKISWCE1.RTM,False
T6INLL1.RTM,C:\TASPRO7\DBA7\T6INLL1.RTM,T6INLL1.RTM,True
T6INLL1.RTM,C:\DBAMFG\BKISWCE1.RTM,BKISWCE1.RTM,False
T6INLM1.RTM,C:\TASPro6\DBA\T6INLM1.RTM,T6INLM1.RTM,True
T6INLM1.RTM,C:\ISTECH\bkinlj1.rtm,BKINLJ1.RTM,False
T6INLM2.rtm,C:\TASPRO7\DBA7\T6INLM2.RTM,T6INLM2.RTM,True
T6INLM2.rtm,C:\ISTECH\bkinlj1.rtm,BKINLJ1.RTM,False
T6INLO1.rtm,C:\TASPRO7\DBA7\T6INLO1.rtm,T6INLO1.RTM,True
T6INLO1.rtm,C:\DBAMFG\topsale.RTM,TOPSALE.RTM,False
T6INLQ1.rtm,C:\TASPRO7\DBA7\T6INLQ1.RTM,T6INLQ1.RTM,True
T6INLQ1.rtm,C:\DBAMFG\BKISWCE1.RTM,BKISWCE1.RTM,False
T6INLT1.RTM,C:\TASPRO7\DBA7\T6INLT1.RTM,T6INLT1.RTM,True
T6INLT1.RTM,C:\DBAMFG\topsale.RTM,TOPSALE.RTM,False
T6INM2.RTM,C:\TASPRO7\DBA7\t6inm2.RTM,T6INM2.RTM,True
T6INM2.RTM,C:\DBAMFG\BKISWCE1.RTM,BKISWCE1.RTM,False
T6INM3.RTM,C:\TASPRO7\DBA7\t6inm3.RTM,T6INM3.RTM,True
T6INM3.RTM,C:\DBAMFG\BKISWCE1.RTM,BKISWCE1.RTM,False
T6INP4.RTM,C:\TASPRO7\DBA7\T6INP4.RTM,T6INP4.RTM,True
T6INP4.RTM,C:\DBAMFG\bksam1.rtm,BKSAM1.RTM,False
T6ISWCE1.RTM,C:\TASPRO7\DBA7\T6ISWCE1.RTM,T6ISWCE1.RTM,True
T6ISWCE1.RTM,C:\dbamfg\iswce1.rtm,ISWCE1.RTM,False
T6ISWCE1.RTM,C:\dbamfg\iswce1.rtm,ISWCE1.RTM,False
T6ISWCE1.RTM,C:\dbamfg\iswce1.rtm,ISWCE1.RTM,False
T6ISWCE1.RTM,C:\dbamfg\iswce1.rtm,ISWCE1.RTM,False
T6ISWCE1.RTM,C:\dbamfg\iswce1.rtm,ISWCE1.RTM,False
T6ISWCE1.RTM,C:\dbamfg\iswce1.rtm,ISWCE1.RTM,False
T6ISWCE2.RTM,C:\TASPRO7\DBA7\T6ISWCE1.RTM,T6ISWCE1.RTM,False
T6ISWCE2.RTM,C:\DBAMFG\BKISWCE1.RTM,BKISWCE1.RTM,False
T6ISWCE2.RTM,C:\dbamfg\iswce1.rtm,ISWCE1.RTM,False
T6ISWCE2.RTM,C:\DBAMFG\BKISWCE1.RTM,BKISWCE1.RTM,False
T6ISWCE2.RTM,C:\dbamfg\iswce1.rtm,ISWCE1.RTM,False
T6ISWCE2.RTM,C:\DBAMFG\BKISWCE1.RTM,BKISWCE1.RTM,False
T6ISWCE2.RTM,C:\dbamfg\iswce1.rtm,ISWCE1.RTM,False
T6ISWCF1.RTM,C:\TASPRO7\dba7\T6ISWCF1.RTM,T6ISWCF1.RTM,True
T6ISWCF1.RTM,C:\DBAMFG\ISWCF1.RTM,ISWCF1.RTM,False
T6JCB1.RTM,C:\TASPRO7\DBA7\t6jcb1.RTM,T6JCB1.RTM,True
T6JCC1.RTM,C:\TASPRO7\DBA7\T6JCC1.RTM,T6JCC1.RTM,True
T6JCC1.RTM,C:\DBAMFG\BKISWCE1.RTM,BKISWCE1.RTM,False
T6JCC2.rtm,C:\TASPRO7\DBA7\T6JCC2.RTM,T6JCC2.RTM,True
T6JCC2.rtm,C:\DBAMFG\BKISWCE1.RTM,BKISWCE1.RTM,False
T6JCC3.rtm,C:\TASPRO7\DBA7\T6JCC3.RTM,T6JCC3.RTM,True
T6JCC3.rtm,C:\DBAMFG\BKISWCE1.RTM,BKISWCE1.RTM,False
T6JCD1.RTM,C:\TASPRO7\DBA7\T6JCD1.RTM,T6JCD1.RTM,True
T6JCD1.RTM,C:\DBAMFG\BKISWCE1.RTM,BKISWCE1.RTM,False
T6JCE1.RTM,C:\TASPRO7\DBA7\T6JCE1.RTM,T6JCE1.RTM,True
T6JCF1.RTM,C:\TASPRO7\DBA7\t6jcf1.RTM,T6JCF1.RTM,True
T6JCG1.RTM,C:\TASPRO7\DBA7\T6JCG1.RTM,T6JCG1.RTM,True
T6JCG1.RTM,C:\DBAMFG\BKISWCE1.RTM,BKISWCE1.RTM,False
T6JCH1.RTM,C:\TASPRO7\DBA7\t6jch1.RTM,T6JCH1.RTM,True
T6JCI1.RTM,C:\TASPRO7\DBA7\T6JCI1.RTM,T6JCI1.RTM,True
T6JCI1.RTM,C:\DBAMFG\BKISWCE1.RTM,BKISWCE1.RTM,False
T6JCJ1.RTM,C:\TASPRO7\DBA7\T6JCJ1.RTM,T6JCJ1.RTM,True
T6JCJ1.RTM,C:\DBAMFG\BKISWCE1.RTM,BKISWCE1.RTM,False
T6JCK1.RTM,C:\TASPRO7\DBA7\T6JCK1.RTM,T6JCK1.RTM,True
T6JCK1.RTM,C:\DBAMFG\BKISWCE1.RTM,BKISWCE1.RTM,False
T6JCL1.RTM,C:\TASPRO7\DBA7\T6JCL1.RTM,T6JCL1.RTM,True
T6JCL1.RTM,C:\DBAMFG\BKISWCE1.RTM,BKISWCE1.RTM,False
T6JCM1.RTM,C:\TASPRO7\DBA7\T6JCM1.RTM,T6JCM1.RTM,True
T6JCM1.RTM,C:\DBAMFG\BKISWCE1.RTM,BKISWCE1.RTM,False
T6JCN1.RTM,C:\taspro7\DBA7\T6JCN1.RTM,T6JCN1.RTM,True
T6JCO1.RTM,C:\TASPRO7\DBA7\T6JCO1.RTM,T6JCO1.RTM,True
T6JCO1.RTM,C:\DBAMFG\BKISWCE1.RTM,BKISWCE1.RTM,False
T6JCP1.RTM,C:\taspro7\DBA7\T6JCP1.RTM,T6JCP1.RTM,True
T6JCP1.RTM,C:\DBAMFG\BKISWCE1.RTM,BKISWCE1.RTM,False
T6JCQ1.RTM,C:\taspro7\DBA7\T6JCQ1.RTM,T6JCQ1.RTM,True
T6JCQ1.RTM,C:\DBAMFG\BKISWCE1.RTM,BKISWCE1.RTM,False
T6JCR1.RTM,C:\taspro7\DBA7\T6JCR1.RTM,T6JCR1.RTM,True
T6JCR1.RTM,C:\DBAMFG\BKISWCE1.RTM,BKISWCE1.RTM,False
T6JCS1.RTM,C:\TASPRO7\DBA7\T6JCS1.RTM,T6JCS1.RTM,True
T6JCS1.RTM,C:\DBAMFG\BKISWCE1.RTM,BKISWCE1.RTM,False
T6JCS1XL.RTM,C:\TASPRO7\DBA7\T6JCS1XL.RTM,T6JCS1XL.RTM,True
T6JCS1XL.RTM,C:\DBAMFG\BKISWCE1.RTM,BKISWCE1.RTM,False
T6JCS2.RTM,C:\TASPRO7\DBA7\T6JCS2.RTM,T6JCS2.RTM,True
T6JCS2.RTM,C:\DBAMFG\BKISWCE1.RTM,BKISWCE1.RTM,False
T6JCS3.rtm,C:\TASPRO7\DBA7\t6jcs3.rtm,T6JCS3.RTM,True
T6JCS3.rtm,C:\DBAMFG\BKISWCE1.RTM,BKISWCE1.RTM,False
T6JCS4.RTM,C:\TASPRO7\DBA7\T6JCS4.RTM,T6JCS4.RTM,True
T6JCS4.RTM,C:\DBAMFG\BKISWCE1.RTM,BKISWCE1.RTM,False
T6JCT1.RTM,C:\TASPRO7\DBA7\T6JCT1.RTM,T6JCT1.RTM,True
T6JCT1.RTM,C:\DBAMFG\BKISWCE1.RTM,BKISWCE1.RTM,False
T6MIN1.rtm,C:\TASPRO7\DBA7\T6MIN1.RTM,T6MIN1.RTM,True
T6MRB1.RTM,C:\TASPRO7\DBA7\T6MRB1.RTM,T6MRB1.RTM,True
T6MRB1.RTM,C:\DBAMFG\BKISWCE1.RTM,BKISWCE1.RTM,False
T6MRB2.RTM,C:\TASPRO7\DBA7\T6MRB2.RTM,T6MRB2.RTM,True
T6MRB2.RTM,C:\DBAMFG\BKISWCE1.RTM,BKISWCE1.RTM,False
T6MRE1.RTM,C:\TASPRO7\DBA7\T6MRE1.RTM,T6MRE1.RTM,True
T6MRE1.RTM,C:\DBAMFG\bksam1.rtm,BKSAM1.RTM,False
T6MRG1.RTM,C:\TASPRO7\DBA7\T6MRG1.RTM,T6MRG1.RTM,True
T6MRG1.RTM,C:\DBAMFG\BKISWCE1.RTM,BKISWCE1.RTM,False
T6MRH2.RTM,C:\TASPRO7\DBA7\T6MRH2.RTM,T6MRH2.RTM,True
T6MRH2.RTM,C:\DBAMFG\BKISWCE1.RTM,BKISWCE1.RTM,False
T6MRI1.RTM,C:\taspro7\DBA7\t6mri1.RTM,T6MRI1.RTM,True
T6MRJ1.RTM,C:\taspro7\DBA7\t6mrj1.RTM,T6MRJ1.RTM,True
T6MRL1.RTM,C:\taspro7\DBA7\t6mrl1.RTM,T6MRL1.RTM,True
T6MRN1.RTM,C:\TASPRO7\DBA7\T6MRN1.RTM,T6MRN1.RTM,True
T6MRN1.RTM,C:\DBAMFG\BKISWCE1.RTM,BKISWCE1.RTM,False
T6OSO1.rtm,C:\TASPRO7\DBA7\T6OSO1.rtm,T6OSO1.RTM,True
T6OSO1.rtm,C:\DBAMFG\BKISWCE1.RTM,BKISWCE1.RTM,False
T6PFI4.RTM,\\I2s109-solidcrm\dbamfg$\T6PFI4.RTM,T6PFI4.RTM,True
T6PFI4.RTM,C:\SOURCE\RTM\Bksob4.rtm,BKSOB4.RTM,False
T6PIB1.RTM,C:\TASPRO7\DBA7\t6pib1.RTM,T6PIB1.RTM,True
T6PIB1.RTM,C:\DBAMFG\bkpica1.RTM,BKPICA1.RTM,False
T6PID1.RTM,C:\TASPRO7\DBA7\t6pid1.RTM,T6PID1.RTM,True
T6POB1.RTM,C:\TASPRO7\DBA7\T6POB1.RTM,T6POB1.RTM,True
T6POB1.RTM,C:\SOURCE\RTM\Bkpob1.rtm,BKPOB1.RTM,False
T6POB1.RTM,C:\SOURCE\RTM\Bkpob1.rtm,BKPOB1.RTM,False
T6POB1.RTM,C:\SOURCE\RTM\Bkpob1.rtm,BKPOB1.RTM,False
T6POB1.RTM,C:\DBAMFG\bkpob1.RTM,BKPOB1.RTM,False
T6POB1p.rtm,D:\EVOERP\T6POB1p.RTM,T6POB1P.RTM,True
T6POB1p.rtm,C:\SOURCE\RTM\Bkpob4.rtm,BKPOB4.RTM,False
T6POB1p.rtm,C:\DBAMFG\bkpob4.rtm,BKPOB4.RTM,False
T6POB1p.rtm,C:\DBAMFG\bkpob4.rtm,BKPOB4.RTM,False
T6POB1p.rtm,C:\DBAMFG\bkpob4.rtm,BKPOB4.RTM,False
T6POB2.RTM,C:\TASPRO7\DBA7\T6POB2.RTM,T6POB2.RTM,True
T6POB2.RTM,C:\SOURCE\RTM\Bkpob2.rtm,BKPOB2.RTM,False
T6POB2.RTM,C:\DBAMFG\bkpob2.rtm,BKPOB2.RTM,False
T6POB2.RTM,C:\DBAMFG\bkpob2.rtm,BKPOB2.RTM,False
T6POB2.RTM,C:\DBAMFG\bkpob2.rtm,BKPOB2.RTM,False
T6POB3.RTM,\\I2s109-solidcrm\dbamfg$\T6POB3.RTM,T6POB3.RTM,True
T6POB3.RTM,T:\I2SPO1.RTM,I2SPO1.RTM,False
T6POB3.RTM,T:\I2SPO1.RTM,I2SPO1.RTM,False
T6POB3.RTM,T:\I2SPO1.RTM,I2SPO1.RTM,False
T6POB3.RTM,C:\DBAMFG\bkpob4.rtm,BKPOB4.RTM,False
T6POB4.RTM,C:\TASPRO7\DBA7\T6POB4.RTM,T6POB4.RTM,True
T6POB4.RTM,C:\SOURCE\RTM\Bkpob4.rtm,BKPOB4.RTM,False
T6POB4.RTM,C:\DBAMFG\bkpob4.rtm,BKPOB4.RTM,False
T6POB4.RTM,C:\DBAMFG\bkpob4.rtm,BKPOB4.RTM,False
T6POB4.RTM,C:\DBAMFG\bkpob4.rtm,BKPOB4.RTM,False
T6POB4AR.rtm,D:\EVOERP\T6POB4AR.RTM,T6POB4AR.RTM,True
T6POB4AR.rtm,C:\SOURCE\RTM\Bkpob4.rtm,BKPOB4.RTM,False
T6POB4AR.rtm,C:\DBAMFG\bkpob4.rtm,BKPOB4.RTM,False
T6POB4AR.rtm,C:\DBAMFG\bkpob4.rtm,BKPOB4.RTM,False
T6POB4AR.rtm,C:\DBAMFG\bkpob4.rtm,BKPOB4.RTM,False
T6POB4R.RTM,D:\evoerp\T6POB4R.RTM,T6POB4R.RTM,True
T6POB4R.RTM,C:\SOURCE\RTM\Bkpob4.rtm,BKPOB4.RTM,False
T6POB4R.RTM,C:\DBAMFG\bkpob4.rtm,BKPOB4.RTM,False
T6POB4R.RTM,C:\DBAMFG\bkpob4.rtm,BKPOB4.RTM,False
T6POB4R.RTM,C:\DBAMFG\bkpob4.rtm,BKPOB4.RTM,False
T6POB4RA.RTM,C:\dbamfg\T6POB4RA.RTM,T6POB4RA.RTM,True
T6POB4RA.RTM,C:\SOURCE\RTM\Bkpob4.rtm,BKPOB4.RTM,False
T6POB4RA.RTM,C:\DBAMFG\bkpob4.rtm,BKPOB4.RTM,False
T6POB4RA.RTM,C:\DBAMFG\bkpob4.rtm,BKPOB4.RTM,False
T6POB4RA.RTM,C:\DBAMFG\bkpob4.rtm,BKPOB4.RTM,False
T6POB4a.rtm,C:\DBAMFG\T6POB4a.RTM,T6POB4A.RTM,True
T6POB4a.rtm,C:\SOURCE\RTM\Bkpob4.rtm,BKPOB4.RTM,False
T6POB4a.rtm,C:\DBAMFG\bkpob4.rtm,BKPOB4.RTM,False
T6POB4a.rtm,C:\DBAMFG\bkpob4.rtm,BKPOB4.RTM,False
T6POB4a.rtm,C:\DBAMFG\bkpob4.rtm,BKPOB4.RTM,False
T6POB4b.rtm,R:\T6POB4.RTM,T6POB4.RTM,False
T6POB4b.rtm,C:\SOURCE\RTM\Bkpob4.rtm,BKPOB4.RTM,False
T6POB4b.rtm,C:\DBAMFG\bkpob4.rtm,BKPOB4.RTM,False
T6POB4b.rtm,C:\DBAMFG\bkpob4.rtm,BKPOB4.RTM,False
T6POB4b.rtm,C:\DBAMFG\bkpob4.rtm,BKPOB4.RTM,False
T6POB4fl.rtm,C:\TASPRO7\DBA7\T6POB4fl.RTM,T6POB4FL.RTM,True
T6POB4fl.rtm,C:\SOURCE\RTM\Bkpob4.rtm,BKPOB4.RTM,False
T6POB4fl.rtm,C:\DBAMFG\bkpob4.rtm,BKPOB4.RTM,False
T6POB4fl.rtm,C:\DBAMFG\bkpob4.rtm,BKPOB4.RTM,False
T6POB4fl.rtm,C:\DBAMFG\bkpob4.rtm,BKPOB4.RTM,False
T6POCLOT.RTM,C:\TASPRO7\DBA7\J7CCPOC1.RTM,J7CCPOC1.RTM,False
T6POE1.RTM,C:\TASPRO7\DBA7\T6POE1.RTM,T6POE1.RTM,True
T6POE1.RTM,C:\DBAMFG\bkpoe1.RTM,BKPOE1.RTM,False
T6POE1.RTM,C:\DBAMFG\bkpoe1.RTM,BKPOE1.RTM,False
T6POE1.RTM,C:\DBAMFG\bkpoe1.RTM,BKPOE1.RTM,False
T6POE2.RTM,C:\TASPRO7\DBA7\T6POE2.RTM,T6POE2.RTM,True
T6POE2.RTM,C:\DBAMFG\bkpoe2.RTM,BKPOE2.RTM,False
T6POE2.RTM,C:\DBAMFG\bkpoe2.RTM,BKPOE2.RTM,False
T6POE2.RTM,C:\DBAMFG\bkpoe2.RTM,BKPOE2.RTM,False
T6POE3.RTM,T:\T6POE3.RTM,T6POE3.RTM,True
T6POE3.RTM,C:\DBAMFG\bkpoe2.RTM,BKPOE2.RTM,False
T6POE3.RTM,C:\DBAMFG\bkpoe2.RTM,BKPOE2.RTM,False
T6POE3.RTM,C:\DBAMFG\bkpoe2.RTM,BKPOE2.RTM,False
T6POIA3.RTM,C:\TASPRO7\DBA7\t6poia3.RTM,T6POIA3.RTM,True
T6POIA3.RTM,C:\TASPro6\DBA\t6poia1.RTM,T6POIA1.RTM,False
T6POIA3.RTM,C:\TASPro6\DBA\t6poia1.RTM,T6POIA1.RTM,False
T6POIA3.RTM,C:\TASPro6\DBA\t6poie1.rtm,T6POIE1.RTM,False
T6POIA3.RTM,C:\TASPro6\DBA\t6poia1.RTM,T6POIA1.RTM,False
T6POIC.RTM,C:\TASPRO7\DBA7\T6POIC.RTM,T6POIC.RTM,True
T6POID.RTM,C:\TASPRO7\DBA7\T6POID.RTM,T6POID.RTM,True
T6POIH.RTM,C:\TASPRO7\DBA7\T6POIH.RTM,T6POIH.RTM,True
T6POIH1.RTM,C:\TASPRO7\DBA7\T6POIH1.RTM,T6POIH1.RTM,True
T6POII1.RTM,C:\TASPRO7\DBA7\T6POII1.RTM,T6POII1.RTM,True
T6POII1.RTM,C:\DBAMFG\BKISWCE1.RTM,BKISWCE1.RTM,False
T6POIL1.RTM,C:\TASPRO7\DBA7\T6POIL1.RTM,T6POIL1.RTM,True
T6POIL1.RTM,C:\DBAMFG\topsale.RTM,TOPSALE.RTM,False
T6POJD1.RTM,C:\taspro7\DBA7\T6POJD1.RTM,T6POJD1.RTM,True
T6POLP.RTM,C:\ISTECH\T6POLP.RTM,T6POLP.RTM,True
T6PPM1.rtm,C:\taspro7\DBA7\T6PPM1.RTM,T6PPM1.RTM,True
T6PRC1.RTM,C:\taspro7\DBA7\T6PRC1.RTM,T6PRC1.RTM,True
T6PRC2.RTM,C:\TASPRO7\DBA7\T6PRC2.RTM,T6PRC2.RTM,True
T6PRD4.rtm,C:\dbamfg\T6PRD4.RTM,T6PRD4.RTM,True
T6PRE1.RTM,C:\taspro7\DBA7\T6PRE1.RTM,T6PRE1.RTM,True
T6PRG1.RTM,C:\taspro7\DBA7\T6PRG1.RTM,T6PRG1.RTM,True
T6PRI1.RTM,C:\TASPRO7\DBA7\T6PRI1.RTM,T6PRI1.RTM,True
T6PRI1.RTM,C:\DBAMFG\BKISWCE1.RTM,BKISWCE1.RTM,False
T6PRI1n.rtm,\\2008-server\evoerp\T6PRI1n.RTM,T6PRI1N.RTM,True
T6PRI1n.rtm,C:\DBAMFG\BKISWCE1.RTM,BKISWCE1.RTM,False
T6PRK1.RTM,C:\taspro7\DBA7\T6PRK1.RTM,T6PRK1.RTM,True
T6PRK1.RTM,C:\DBAMFG\bksam1.rtm,BKSAM1.RTM,False
T6PRLA1.RTM,C:\taspro7\DBA7\T6PRLA1.RTM,T6PRLA1.RTM,True
T6PRLB1.RTM,C:\taspro7\DBA7\T6PRLB1.RTM,T6PRLB1.RTM,True
T6PRLC1.RTM,C:\taspro7\DBA7\T6PRLC1.RTM,T6PRLC1.RTM,True
T6PRLC2.RTM,C:\TASPRO7\DBA7\T6PRLC2.RTM,T6PRLC2.RTM,True
T6PRLD1.RTM,C:\taspro7\DBA7\T6PRLD1.RTM,T6PRLD1.RTM,True
T6PRLE1.RTM,C:\TASPRO7\DBA7\T6prle1.RTM,T6PRLE1.RTM,True
T6PRLE1.RTM,C:\SOURCE\RTM\Bkprlf1.rtm,BKPRLF1.RTM,False
T6PRLE2.RTM,C:\TASPRO7\DBA7\T6prle2.RTM,T6PRLE2.RTM,True
T6PRLE2.RTM,C:\SOURCE\RTM\Bkprlf1.rtm,BKPRLF1.RTM,False
T6PRLG1.RTM,C:\TASPRO7\DBA7\T6PRLG1.RTM,T6PRLG1.RTM,True
T6PRLG1.RTM,C:\DBAMFG\BKPRLG1.RTM,BKPRLG1.RTM,False
T6PRLG1.RTM,C:\DBAMFG\BKPRLG1.RTM,BKPRLG1.RTM,False
T6PRLG1a.rtm,D:\EVOERP\T6PRLG1a.RTM,T6PRLG1A.RTM,True
T6PRLG1a.rtm,C:\DBAMFG\BKPRLG1.RTM,BKPRLG1.RTM,False
T6PRLG1a.rtm,C:\DBAMFG\BKPRLG1.RTM,BKPRLG1.RTM,False
T6PRLH1.RTM,C:\taspro7\DBA7\t6prlh1.RTM,T6PRLH1.RTM,True
T6PRLI.RTM,C:\DBAMFG\T6PRLI.RTM,T6PRLI.RTM,True
T6PRLI2.RTM,D:\evoerp\T6PRLI2.RTM,T6PRLI2.RTM,True
T6PRLJ1.RTM,C:\taspro7\DBA7\t6prlj1.RTM,T6PRLJ1.RTM,True
T6PRLM1.RTM,C:\taspro7\DBA7\T6PRLM1.RTM,T6PRLM1.RTM,True
T6PRLO1.RTM,C:\TASPRO7\DBA7\T6PRLO1.RTM,T6PRLO1.RTM,True
T6PRLP1.RTM,C:\TASPRO7\DBA7\T6PRLP1.RTM,T6PRLP1.RTM,True
T6PRLP1.RTM,C:\DBAMFG\BKISWCE1.RTM,BKISWCE1.RTM,False
T6PRN1.RTM,C:\taspro7\DBA7\t6prn1.RTM,T6PRN1.RTM,True
T6QCA1.RTM,C:\taspro7\DBA7\T6QCA1.RTM,T6QCA1.RTM,True
T6QCB1.RTM,C:\taspro7\DBA7\T6QCB1.RTM,T6QCB1.RTM,True
T6QCC1.RTM,C:\taspro7\DBA7\T6QCC1.RTM,T6QCC1.RTM,True
T6QCD1.RTM,C:\taspro7\DBA7\T6QCD1.RTM,T6QCD1.RTM,True
T6QCFB2.RTM,C:\TASPRO7\DBA7\t6qcfb2.RTM,T6QCFB2.RTM,True
T6QCFB2.RTM,C:\DBAMFG\bksof3.RTM,BKSOF3.RTM,False
T6QCFF1.RTM,C:\taspro7\DBA7\t6qcff1.RTM,T6QCFF1.RTM,True
T6QCGD1.RTM,C:\taspro7\DBA7\t6qcgd1.RTM,T6QCGD1.RTM,True
T6QCRES1.RTM,C:\TASPRO7\DBA7\T6QCRES1.RTM,T6QCRES1.RTM,True
T6QCRES1.RTM,C:\DBAMFG\BKISWCE1.RTM,BKISWCE1.RTM,False
T6RCOR1.rtm,C:\TASPRO7\DBA7\T6RCOR1.RTM,T6RCOR1.RTM,True
T6RDR1.rtm,C:\TASPRO7\DBA7\T6RDR1.RTM,T6RDR1.RTM,True
T6RECN1.rtm,C:\TASPRO7\DBA7\T6RECN1.RTM,T6RECN1.RTM,True
T6RMG1.RTM,C:\TASPRO7\DBA7\T6RMF1.RTM,T6RMF1.RTM,False
T6RMG1.RTM,C:\DBAMFG\BKISWCE1.RTM,BKISWCE1.RTM,False
T6RMIN1.rtm,C:\TASPRO7\DBA7\T6RMIN1.RTM,T6RMIN1.RTM,True
T6ROB1.RTM,C:\TASPRO7\DBA7\T6ROB1.RTM,T6ROB1.RTM,True
T6ROB1.RTM,C:\DBAMFG\BKISWCE1.RTM,BKISWCE1.RTM,False
T6ROB2.rtm,C:\EvoERP\T6ROB2.RTM,T6ROB2.RTM,True
T6ROB2.rtm,C:\DBAMFG\BKISWCE1.RTM,BKISWCE1.RTM,False
T6ROJA1.RTM,C:\TASPRO7\DBA7\T6ROJA1.RTM,T6ROJA1.RTM,True
T6ROJA1.RTM,C:\DBAMFG\BKISWCE1.RTM,BKISWCE1.RTM,False
T6ROJA2.RTM,C:\TASPRO7\DBA7\T6ROJA2.RTM,T6ROJA2.RTM,True
T6ROJA3.RTM,C:\TASPRO7\DBA7\T6ROJA3.RTM,T6ROJA3.RTM,True
T6ROJA3.RTM,C:\DBAMFG\BKISWCE1.RTM,BKISWCE1.RTM,False
T6ROJA4.RTM,C:\TASPRO7\DBA7\T6ROJA4.RTM,T6ROJA4.RTM,True
T6ROJB1.RTM,C:\TASPRO7\DBA7\T6ROJB1.RTM,T6ROJB1.RTM,True
T6ROJC1.RTM,C:\TASPRO7\DBA7\T6ROJC1.RTM,T6ROJC1.RTM,True
T6ROJD1.RTM,C:\TASPRO7\DBA7\T6ROJD1.RTM,T6ROJD1.RTM,True
T6ROJD1.RTM,C:\DBAMFG\BKISWCE1.RTM,BKISWCE1.RTM,False
T6ROJE1.RTM,C:\TASPRO7\DBA7\T6ROJE1.RTM,T6ROJE1.RTM,True
T6ROJF1.RTM,C:\TASPRO7\DBA7\T6ROJF1.RTM,T6ROJF1.RTM,True
T6ROJG1.RTM,C:\TASPRO7\DBA7\T6ROJG1.RTM,T6ROJG1.RTM,True
T6ROJH1.RTM,C:\TASPRO7\DBA7\T6ROJH1.RTM,T6ROJH1.RTM,True
T6RQUAL1.rtm,C:\TASPRO7\DBA7\T6RQUAL1.RTM,T6RQUAL1.RTM,True
T6RSPR1.rtm,C:\TASPRO7\DBA7\T6RSPR1.RTM,T6RSPR1.RTM,True
T6RTRue.rtm,C:\TASPRO7\DBA7\T6RTRue.RTM,T6RTRUE.RTM,True
T6RVAR1.rtm,C:\TASPRO7\DBA7\T6RVAR1.RTM,T6RVAR1.RTM,True
T6RemRp1.rtm,D:\evoerp\T6RemRp1.rtm,T6REMRP1.RTM,True
T6RemRp1.rtm,C:\DBAMFG\BKISWCE1.RTM,BKISWCE1.RTM,False
T6RemRp2.rtm,C:\TASPRO7\DBA7\T6RemRp2.RTM,T6REMRP2.RTM,True
T6RemRp2.rtm,C:\DBAMFG\BKISWCE1.RTM,BKISWCE1.RTM,False
T6RemRpt.rtm,D:\evoerp\T6RemRpt.rtm,T6REMRPT.RTM,True
T6RemRpt.rtm,C:\DBAMFG\BKISWCE1.RTM,BKISWCE1.RTM,False
T6SAB1.RTM,C:\TASPRO7\DBA7\T6SAB1.RTM,T6SAB1.RTM,True
T6SAB1.RTM,C:\SOURCE\RTM\Bksam1.rtm,BKSAM1.RTM,False
T6SAB1.RTM,C:\SOURCE\RTM\Bksam1.rtm,BKSAM1.RTM,False
T6SAB1.RTM,C:\DBAMFG\bksam1.rtm,BKSAM1.RTM,False
T6SAB1.RTM,C:\DBAMFG\bksam1.rtm,BKSAM1.RTM,False
T6SAB1.RTM,C:\DBAMFG\bksam1.rtm,BKSAM1.RTM,False
T6SAB1.RTM,C:\DBAMFG\bksam1.rtm,BKSAM1.RTM,False
T6SAN2.RTM,C:\DBAMFG\T6SAN2.RTM,T6SAN2.RTM,True
T6SAN2.RTM,D:\My Documents\RTMs\T6san1.rtm,T6SAN1.RTM,False
T6SAN2.RTM,D:\My Documents\RTMs\T6san1.rtm,T6SAN1.RTM,False
T6SAN2.RTM,D:\My Documents\RTMs\T6san1.rtm,T6SAN1.RTM,False
T6SAN2.RTM,D:\My Documents\RTMs\T6san1.rtm,T6SAN1.RTM,False
T6SAN2.RTM,D:\My Documents\RTMs\T6san1.rtm,T6SAN1.RTM,False
T6SAN2.RTM,D:\My Documents\RTMs\T6san1.rtm,T6SAN1.RTM,False
T6SAO1.RTM,C:\TASPRO7\DBA7\jmcrtopn.RTM,JMCRTOPN.RTM,False
T6SAO1.RTM,C:\DBAMFG\bksam1.rtm,BKSAM1.RTM,False
T6SAO2.RTM,C:\TASPRO7\DBA7\jmtopn1.RTM,JMTOPN1.RTM,False
T6SAO2.RTM,C:\DBAMFG\bksam1.rtm,BKSAM1.RTM,False
T6SAO3.RTM,C:\TASPRO7\DBA7\jmtopn2.RTM,JMTOPN2.RTM,False
T6SAO3.RTM,C:\DBAMFG\bksam1.rtm,BKSAM1.RTM,False
T6SAP1.RTM,C:\TASPRO7\DBA7\T6SAP1.RTM,T6SAP1.RTM,True
T6SAP1.RTM,C:\DBAMFG\BKISWCE1.RTM,BKISWCE1.RTM,False
T6SCC1.RTM,C:\TASPRO7\DBA7\T6SCC1.RTM,T6SCC1.RTM,True
T6SCC1.RTM,C:\DBAMFG\bksam1.rtm,BKSAM1.RTM,False
T6SCF1.RTM,C:\TASPRO7\DBA7\T6SCF1.RTM,T6SCF1.RTM,True
T6SCF1.RTM,C:\DBAMFG\ISSCF1.RTM,ISSCF1.RTM,False
T6SCH1.RTM,C:\TASPRO7\DBA7\T6SCH1.RTM,T6SCH1.RTM,True
T6SCH1.RTM,C:\DBAMFG\bksam1.rtm,BKSAM1.RTM,False
T6SHE1.RTM,C:\taspro7\DBA7\t6she1.RTM,T6SHE1.RTM,True
T6SHF1.RTM,C:\taspro7\DBA7\t6SHF1.RTM,T6SHF1.RTM,True
T6SHG1.RTM,C:\TASPRO7\DBA7\T6SHG1.RTM,T6SHG1.RTM,True
T6SHG1.RTM,C:\DBAMFG\BKISWCE1.RTM,BKISWCE1.RTM,False
T6SHH1.RTM,C:\taspro7\DBA7\t6SHH1.RTM,T6SHH1.RTM,True
T6SHI5.RTM,C:\TASPRO7\DBA7\t6shi5.RTM,T6SHI5.RTM,True
T6SHI5.RTM,C:\DBAMFG\BKISWCE1.RTM,BKISWCE1.RTM,False
T6SHI6.rtm,C:\TASPRO7\DBA7\T6SHI6a.RTM,T6SHI6A.RTM,False
T6SHJ1.RTM,C:\taspro7\DBA7\t6shj1.RTM,T6SHJ1.RTM,True
T6SHN1.RTM,C:\taspro7\DBA7\T6SHN1.RTM,T6SHN1.RTM,True
T6SHO1.RTM,C:\taspro7\DBA7\t6sho1.RTM,T6SHO1.RTM,True
T6SHP2.rtm,C:\TASPRO7\DBA7\T6SHP2.RTM,T6SHP2.RTM,True
T6SHP2.rtm,C:\DBAMFG\BKISWCE1.RTM,BKISWCE1.RTM,False
T6SMC1.RTM,C:\TASPRO7\DBA7\t6smc1.RTM,T6SMC1.RTM,True
T6SMC1.RTM,C:\DBAMFG\BKISWCE1.RTM,BKISWCE1.RTM,False
T6SMG1.RTM,C:\ISTECH\T6SMG1.RTM,T6SMG1.RTM,True
T6SMG1.RTM,C:\DBAMFG\BKISWCE1.RTM,BKISWCE1.RTM,False
T6SMG2.RTM,C:\TASPRO7\DBA7\T6SMG2.RTM,T6SMG2.RTM,True
T6SMJA1.RTM,C:\taspro7\DBA7\T6smja1.rtm,T6SMJA1.RTM,True
T6SMJAH.RTM,C:\taspro7\DBA7\t6smjah.RTM,T6SMJAH.RTM,True
T6SMJB1.RTM,C:\taspro7\DBA7\t6smjb1.RTM,T6SMJB1.RTM,True
T6SMJD1.RTM,C:\taspro7\DBA7\T6smjd1.RTM,T6SMJD1.RTM,True
T6SMJE1.RTM,C:\taspro7\DBA7\t6smje1.RTM,T6SMJE1.RTM,True
T6SMJL1.RTM,C:\taspro7\DBA7\T6smjl1.RTM,T6SMJL1.RTM,True
T6SMJM1.RTM,C:\taspro7\DBA7\t6smjm1.RTM,T6SMJM1.RTM,True
T6SMJN1.RTM,C:\taspro7\DBA7\t6smjn1.RTM,T6SMJN1.RTM,True
T6SMJQ1.RTM,C:\taspro7\DBA7\t6smjq1.RTM,T6SMJQ1.RTM,True
T6SMJV1.RTM,C:\taspro7\DBA7\t6SMJV1.RTM,T6SMJV1.RTM,True
T6SMO1.RTM,C:\TASPRO7\DBA7\T6SMO1.RTM,T6SMO1.RTM,True
T6SMO1.RTM,C:\DBAMFG\BKISWCE1.RTM,BKISWCE1.RTM,False
T6SMPH1.RTM,C:\TASPRO7\DBA7\T6SMPH1.RTM,T6SMPH1.RTM,True
T6SMPH1.RTM,C:\DBAMFG\BKISWCE1.RTM,BKISWCE1.RTM,False
T6SMSB1.RTM,C:\TASPRO7\DBA7\t6smsb1.RTM,T6SMSB1.RTM,True
T6SMU1.RTM,C:\TASPRO7\DBA7\T6SMU1.RTM,T6SMU1.RTM,True
T6SMU1.RTM,C:\DBAMFG\BKISWCE1.RTM,BKISWCE1.RTM,False
T6SOB1.RTM,C:\TASPRO7\DBA7\T6SOB1.RTM,T6SOB1.RTM,True
T6SOB1.RTM,C:\SOURCE\RTM\Bksob1.rtm,BKSOB1.RTM,False
T6SOB1.RTM,C:\DBAMFG\bksob1.RTM,BKSOB1.RTM,False
T6SOB2.RTM,C:\TASPRO7\DBA7\T6SOB2.RTM,T6SOB2.RTM,True
T6SOB2.RTM,C:\SOURCE\RTM\Bksob2.rtm,BKSOB2.RTM,False
T6SOB3.RTM,\\I2s109-solidcrm\dbamfg$\T6SOB3.RTM,T6SOB3.RTM,True
T6SOB3.RTM,C:\SOURCE\RTM\Bksob4.rtm,BKSOB4.RTM,False
T6SOB4.RTM,\\I2s109-solidcrm\dbamfg$\T6SOB4.RTM,T6SOB4.RTM,True
T6SOB4.RTM,C:\SOURCE\RTM\Bksob4.rtm,BKSOB4.RTM,False
T6SOB4d.rtm,E:\HOLD\T6SOB4.RTM,T6SOB4.RTM,False
T6SOB4d.rtm,C:\SOURCE\RTM\Bksob4.rtm,BKSOB4.RTM,False
T6SOB4j.rtm,\\Asisvr\apps\dbamfg\T6SOB4.RTM,T6SOB4.RTM,False
T6SOB4j.rtm,C:\SOURCE\RTM\Bksob4.rtm,BKSOB4.RTM,False
T6SOB4q.rtm,C:\DBAMFG\T6SOB4.RTM,T6SOB4.RTM,False
T6SOB4q.rtm,C:\SOURCE\RTM\Bksob4.rtm,BKSOB4.RTM,False
T6SOB4r.rtm,\\Seconsvr01\dbamfg$\T6SOB4.RTM,T6SOB4.RTM,False
T6SOB4r.rtm,C:\SOURCE\RTM\Bksob4.rtm,BKSOB4.RTM,False
T6SOB4s.rtm,O:\T6SOB4.RTM,T6SOB4.RTM,False
T6SOB4s.rtm,C:\SOURCE\RTM\Bksob4.rtm,BKSOB4.RTM,False
T6SOC1.RTM,C:\DBAMFG\T6SOC1.RTM,T6SOC1.RTM,True
T6SOC1.RTM,C:\DBAMFG\Bksoc1.rtm,BKSOC1.RTM,False
T6SOC1.RTM,C:\DBAMFG\Bksoc1.rtm,BKSOC1.RTM,False
T6SOC1.RTM,C:\DBAMFG\Bksoc1.rtm,BKSOC1.RTM,False
T6SOC1.RTM,C:\DBAMFG\Bksoc1.rtm,BKSOC1.RTM,False
T6SOC1.RTM,C:\DBAMFG\Bksoc1.rtm,BKSOC1.RTM,False
T6SOC1.RTM,C:\DBAMFG\bksoc1.RTM,BKSOC1.RTM,False
T6SOC1T.RTM,C:\TASPRO7\dba7\t6soc1.rtm,T6SOC1.RTM,False
T6SOC1T.RTM,C:\DBAMFG\Bksoc1.rtm,BKSOC1.RTM,False
T6SOC1T.RTM,C:\DBAMFG\Bksoc1.rtm,BKSOC1.RTM,False
T6SOC1T.RTM,C:\DBAMFG\Bksoc1.rtm,BKSOC1.RTM,False
T6SOC1T.RTM,C:\DBAMFG\Bksoc1.rtm,BKSOC1.RTM,False
T6SOC1T.RTM,C:\DBAMFG\Bksoc1.rtm,BKSOC1.RTM,False
T6SOC1T.RTM,C:\DBAMFG\bksoc1.RTM,BKSOC1.RTM,False
T6SOC2.RTM,C:\DBAMFG\T6SOC2.RTM,T6SOC2.RTM,True
T6SOC2.RTM,C:\DBAMFG\Bksoc2.rtm,BKSOC2.RTM,False
T6SOC2.RTM,C:\DBAMFG\bksoc2.RTM,BKSOC2.RTM,False
T6SOC2.RTM,C:\DBAMFG\bksoc2.RTM,BKSOC2.RTM,False
T6SOC2.RTM,C:\DBAMFG\bksoc2.RTM,BKSOC2.RTM,False
T6SOC2.RTM,C:\DBAMFG\bksoc2.RTM,BKSOC2.RTM,False
T6SOC2.RTM,C:\DBAMFG\bksoc2.RTM,BKSOC2.RTM,False
T6SOC2T.RTM,C:\TASPRO7\dba7\t6soc2.rtm,T6SOC2.RTM,False
T6SOC2T.RTM,C:\DBAMFG\Bksoc2.rtm,BKSOC2.RTM,False
T6SOC2T.RTM,C:\DBAMFG\bksoc2.RTM,BKSOC2.RTM,False
T6SOC2T.RTM,C:\DBAMFG\bksoc2.RTM,BKSOC2.RTM,False
T6SOC2T.RTM,C:\DBAMFG\bksoc2.RTM,BKSOC2.RTM,False
T6SOC2T.RTM,C:\DBAMFG\bksoc2.RTM,BKSOC2.RTM,False
T6SOC2T.RTM,C:\DBAMFG\bksoc2.RTM,BKSOC2.RTM,False
T6SOC3.RTM,T:\T6SOC3.RTM,T6SOC3.RTM,True
T6SOC3.RTM,C:\DBAMFG\BKSOC4.RTM,BKSOC4.RTM,False
T6SOC3.RTM,C:\DBAMFG\BKSOC4.RTM,BKSOC4.RTM,False
T6SOC3.RTM,C:\DBAMFG\bksoc4.RTM,BKSOC4.RTM,False
T6SOC3.RTM,C:\DBAMFG\bksoc4.RTM,BKSOC4.RTM,False
T6SOC3.RTM,C:\DBAMFG\bksoc4.RTM,BKSOC4.RTM,False
T6SOC3E.RTM,C:\TASPRO7\DBA7\T6SOC3E.RTM,T6SOC3E.RTM,True
T6SOC3E.RTM,C:\DBAMFG\Bksoc3.rtm,BKSOC3.RTM,False
T6SOC3E.RTM,C:\DBAMFG\bksoc3.RTM,BKSOC3.RTM,False
T6SOC3E.RTM,C:\DBAMFG\bksoc3.RTM,BKSOC3.RTM,False
T6SOC3T.RTM,C:\TASPRO7\dba7\t6soc3.rtm,T6SOC3.RTM,False
T6SOC3T.RTM,C:\DBAMFG\Bksoc3.rtm,BKSOC3.RTM,False
T6SOC3T.RTM,C:\DBAMFG\bksoc3.RTM,BKSOC3.RTM,False
T6SOC3T.RTM,C:\DBAMFG\bksoc3.RTM,BKSOC3.RTM,False
T6SOC3c.rtm,\\Cpt-app\dbamfg\T6SOC3.RTM,T6SOC3.RTM,False
T6SOC3c.rtm,C:\DBAMFG\Bksoc3.rtm,BKSOC3.RTM,False
T6SOC3c.rtm,C:\DBAMFG\bksoc3.RTM,BKSOC3.RTM,False
T6SOC3c.rtm,C:\DBAMFG\bksoc3.RTM,BKSOC3.RTM,False
T6SOC4.RTM,T:\T6SOC4.RTM,T6SOC4.RTM,True
T6SOC4.RTM,C:\DBAMFG\BKSOC4.RTM,BKSOC4.RTM,False
T6SOC4.RTM,C:\DBAMFG\BKSOC4.RTM,BKSOC4.RTM,False
T6SOC4.RTM,C:\DBAMFG\bksoc4.RTM,BKSOC4.RTM,False
T6SOC4.RTM,C:\DBAMFG\bksoc4.RTM,BKSOC4.RTM,False
T6SOC4.RTM,C:\DBAMFG\bksoc4.RTM,BKSOC4.RTM,False
T6SOC4T - Copy.RTM,\\I2s109-solidcrm\dbamfg$\T6SOC4T.RTM,T6SOC4T.RTM,False
T6SOC4T - Copy.RTM,C:\DBAMFG\Bksoc4.rtm,BKSOC4.RTM,False
T6SOC4T - Copy.RTM,C:\DBAMFG\bksoc4.RTM,BKSOC4.RTM,False
T6SOC4T - Copy.RTM,C:\DBAMFG\bksoc4.RTM,BKSOC4.RTM,False
T6SOC4T.RTM,\\I2s109-solidcrm\dbamfg$\T6SOC4T.RTM,T6SOC4T.RTM,True
T6SOC4T.RTM,C:\DBAMFG\Bksoc4.rtm,BKSOC4.RTM,False
T6SOC4T.RTM,C:\DBAMFG\bksoc4.RTM,BKSOC4.RTM,False
T6SOC4T.RTM,C:\DBAMFG\bksoc4.RTM,BKSOC4.RTM,False
T6SOC4fl.rtm,C:\TASPRO7\DBA7\T6SOC4fl.RTM,T6SOC4FL.RTM,True
T6SOC4fl.rtm,C:\DBAMFG\Bksoc4.rtm,BKSOC4.RTM,False
T6SOC4fl.rtm,C:\DBAMFG\bksoc4.RTM,BKSOC4.RTM,False
T6SOC4fl.rtm,C:\DBAMFG\bksoc4.RTM,BKSOC4.RTM,False
T6SOC4tp.rtm,P:\DBAMFG\T6SOC4T.RTM,T6SOC4T.RTM,False
T6SOC4tp.rtm,C:\DBAMFG\Bksoc4.rtm,BKSOC4.RTM,False
T6SOC4tp.rtm,C:\DBAMFG\bksoc4.RTM,BKSOC4.RTM,False
T6SOC4tp.rtm,C:\DBAMFG\bksoc4.RTM,BKSOC4.RTM,False
T6SOCCNF.RTM,C:\dbamfg\T6SOCCNF.RTM,T6SOCCNF.RTM,True
T6SOCCNF.RTM,C:\DBAMFG\BKISWCE1.RTM,BKISWCE1.RTM,False
T6SOCCOO.RTM,C:\TASPRO7\DBA7\T6SOCCOO.RTM,T6SOCCOO.RTM,True
T6SOCOC1.RTM,C:\TASPRO7\DBA7\T6SOCOC1.RTM,T6SOCOC1.RTM,True
T6SODD1.RTM,C:\TASPRO7\DBA7\T6SODD1.RTM,T6SODD1.RTM,True
T6SODD1P.rtm,D:\EVOERP\T6SODD1P.RTM,T6SODD1P.RTM,True
T6SODD1m.rtm,D:\EVOERP\T6SODD1m.RTM,T6SODD1M.RTM,True
T6SODD2.RTM,C:\TASPRO7\DBA7\T6SODD2.RTM,T6SODD2.RTM,True
T6SODH1.RTM,C:\TASPro6\DBA\T6SODH1.RTM,T6SODH1.RTM,True
T6SODH2.RTM,C:\TASPro6\DBA\T6SODH2.RTM,T6SODH2.RTM,True
T6SODH3.rtm,D:\EVOERP\T6SODH3.RTM,T6SODH3.RTM,True
T6SOF1.rtm,C:\TASPRO7\DBA7\T6SOF1.RTM,T6SOF1.RTM,True
T6SOF1.rtm,C:\SOURCE\RTM\Bksof1.rtm,BKSOF1.RTM,False
T6SOF1.rtm,C:\DBAMFG\bksof1.RTM,BKSOF1.RTM,False
T6SOF1.rtm,C:\DBAMFG\bksof1.RTM,BKSOF1.RTM,False
T6SOF1.rtm,C:\DBAMFG\bksof1.RTM,BKSOF1.RTM,False
T6SOF1.rtm,C:\DBAMFG\bksof1.RTM,BKSOF1.RTM,False
T6SOF1.rtm,C:\DBAMFG\bksof1.RTM,BKSOF1.RTM,False
T6SOF1s.rtm,O:\T6SOF1.rtm,T6SOF1.RTM,False
T6SOF1s.rtm,C:\SOURCE\RTM\Bksof1.rtm,BKSOF1.RTM,False
T6SOF1s.rtm,C:\DBAMFG\bksof1.RTM,BKSOF1.RTM,False
T6SOF1s.rtm,C:\DBAMFG\bksof1.RTM,BKSOF1.RTM,False
T6SOF1s.rtm,C:\DBAMFG\bksof1.RTM,BKSOF1.RTM,False
T6SOF1s.rtm,C:\DBAMFG\bksof1.RTM,BKSOF1.RTM,False
T6SOF1s.rtm,C:\DBAMFG\bksof1.RTM,BKSOF1.RTM,False
T6SOF2.rtm,C:\TASPRO7\DBA7\T6SOF2.RTM,T6SOF2.RTM,True
T6SOF2.rtm,C:\SOURCE\RTM\bksof2.rtm,BKSOF2.RTM,False
T6SOF2.rtm,C:\DBAMFG\bksof2.RTM,BKSOF2.RTM,False
T6SOF2.rtm,C:\DBAMFG\bksof2.RTM,BKSOF2.RTM,False
T6SOF2.rtm,C:\DBAMFG\bksof2.RTM,BKSOF2.RTM,False
T6SOF2.rtm,C:\DBAMFG\bksof2.RTM,BKSOF2.RTM,False
T6SOF3.rtm,\\I2s109-solidcrm\dbamfg$\T6SOF3.rtm,T6SOF3.RTM,True
T6SOF3.rtm,C:\SOURCE\RTM\bksof4.rtm,BKSOF4.RTM,False
T6SOF3.rtm,C:\DBAMFG\BKSOF4.RTM,BKSOF4.RTM,False
T6SOF3.rtm,C:\DBAMFG\BKSOF4.RTM,BKSOF4.RTM,False
T6SOF3.rtm,C:\DBAMFG\BKSOF4.RTM,BKSOF4.RTM,False
T6SOF3.rtm,C:\DBAMFG\BKSOF4.RTM,BKSOF4.RTM,False
T6SOF3.rtm,C:\DBAMFG\BKSOF4.RTM,BKSOF4.RTM,False
T6SOF3D.RTM,\\I2s109-solidcrm\dbamfg$\T6SOF3D.RTM,T6SOF3D.RTM,True
T6SOF3D.RTM,C:\SOURCE\RTM\bksof4.rtm,BKSOF4.RTM,False
T6SOF3D.RTM,C:\DBAMFG\BKSOF4.RTM,BKSOF4.RTM,False
T6SOF3D.RTM,C:\DBAMFG\BKSOF4.RTM,BKSOF4.RTM,False
T6SOF3D.RTM,C:\DBAMFG\BKSOF4.RTM,BKSOF4.RTM,False
T6SOF3D.RTM,C:\DBAMFG\BKSOF4.RTM,BKSOF4.RTM,False
T6SOF3D.RTM,C:\DBAMFG\BKSOF4.RTM,BKSOF4.RTM,False
T6SOF4.rtm,\\I2s109-solidcrm\dbamfg$\T6SOF4.rtm,T6SOF4.RTM,True
T6SOF4.rtm,C:\SOURCE\RTM\bksof4.rtm,BKSOF4.RTM,False
T6SOF4.rtm,C:\DBAMFG\BKSOF4.RTM,BKSOF4.RTM,False
T6SOF4.rtm,C:\DBAMFG\BKSOF4.RTM,BKSOF4.RTM,False
T6SOF4.rtm,C:\DBAMFG\BKSOF4.RTM,BKSOF4.RTM,False
T6SOF4.rtm,C:\DBAMFG\BKSOF4.RTM,BKSOF4.RTM,False
T6SOF4.rtm,C:\DBAMFG\BKSOF4.RTM,BKSOF4.RTM,False
T6SOF4A.rtm,\\I2s109-solidcrm\dbamfg$\T6SOF4A.rtm,T6SOF4A.RTM,True
T6SOF4A.rtm,C:\SOURCE\RTM\bksof4.rtm,BKSOF4.RTM,False
T6SOF4A.rtm,C:\DBAMFG\BKSOF4.RTM,BKSOF4.RTM,False
T6SOF4A.rtm,C:\DBAMFG\BKSOF4.RTM,BKSOF4.RTM,False
T6SOF4B.rtm,\\I2s109-solidcrm\dbamfg$\T6SOF4B.rtm,T6SOF4B.RTM,True
T6SOF4B.rtm,C:\SOURCE\RTM\bksof4.rtm,BKSOF4.RTM,False
T6SOF4B.rtm,C:\DBAMFG\BKSOF4.RTM,BKSOF4.RTM,False
T6SOF4B.rtm,C:\DBAMFG\BKSOF4.RTM,BKSOF4.RTM,False
T6SOF4B.rtm,C:\DBAMFG\BKSOF4.RTM,BKSOF4.RTM,False
T6SOF4B.rtm,C:\DBAMFG\BKSOF4.RTM,BKSOF4.RTM,False
T6SOF4B.rtm,C:\DBAMFG\BKSOF4.RTM,BKSOF4.RTM,False
T6SOF4C.RTM,\\I2s109-solidcrm\dbamfg$\T6SOF4C.RTM,T6SOF4C.RTM,True
T6SOF4C.RTM,C:\SOURCE\RTM\bksof4.rtm,BKSOF4.RTM,False
T6SOF4C.RTM,C:\DBAMFG\BKSOF4.RTM,BKSOF4.RTM,False
T6SOF4C.RTM,C:\DBAMFG\BKSOF4.RTM,BKSOF4.RTM,False
T6SOF4C.RTM,C:\DBAMFG\BKSOF4.RTM,BKSOF4.RTM,False
T6SOF4C.RTM,C:\DBAMFG\BKSOF4.RTM,BKSOF4.RTM,False
T6SOF4C.RTM,C:\DBAMFG\BKSOF4.RTM,BKSOF4.RTM,False
T6SOF4D.rtm,\\I2s109-solidcrm\dbamfg$\T6SOF4D.rtm,T6SOF4D.RTM,True
T6SOF4D.rtm,C:\SOURCE\RTM\bksof4.rtm,BKSOF4.RTM,False
T6SOF4D.rtm,C:\DBAMFG\BKSOF4.RTM,BKSOF4.RTM,False
T6SOF4D.rtm,C:\DBAMFG\BKSOF4.RTM,BKSOF4.RTM,False
T6SOF4D.rtm,C:\DBAMFG\BKSOF4.RTM,BKSOF4.RTM,False
T6SOF4D.rtm,C:\DBAMFG\BKSOF4.RTM,BKSOF4.RTM,False
T6SOF4D.rtm,C:\DBAMFG\BKSOF4.RTM,BKSOF4.RTM,False
T6SOF4X.RTM,C:\TASPRO7\DBA7\T6SOF4X.RTM,T6SOF4X.RTM,True
T6SOF4X.RTM,C:\SOURCE\RTM\bksof4.rtm,BKSOF4.RTM,False
T6SOF4X.RTM,C:\DBAMFG\BKSOF4.RTM,BKSOF4.RTM,False
T6SOF4X.RTM,C:\DBAMFG\BKSOF4.RTM,BKSOF4.RTM,False
T6SOF4X.RTM,C:\DBAMFG\BKSOF4.RTM,BKSOF4.RTM,False
T6SOF4X.RTM,C:\DBAMFG\BKSOF4.RTM,BKSOF4.RTM,False
T6SOF4X.RTM,C:\DBAMFG\BKSOF4.RTM,BKSOF4.RTM,False
T6SOF4_WITH_BANK_INFO.rtm,\\I2s109-solidcrm\dbamfg$\T6SOF4_WITH_BANK_INFO.rtm,T6SOF4_WITH_BANK_INFO.RTM,True
T6SOF4_WITH_BANK_INFO.rtm,C:\SOURCE\RTM\bksof4.rtm,BKSOF4.RTM,False
T6SOF4_WITH_BANK_INFO.rtm,C:\DBAMFG\BKSOF4.RTM,BKSOF4.RTM,False
T6SOF4_WITH_BANK_INFO.rtm,C:\DBAMFG\BKSOF4.RTM,BKSOF4.RTM,False
T6SOF4_WITH_BANK_INFO.rtm,C:\DBAMFG\BKSOF4.RTM,BKSOF4.RTM,False
T6SOF4_WITH_BANK_INFO.rtm,C:\DBAMFG\BKSOF4.RTM,BKSOF4.RTM,False
T6SOF4_WITH_BANK_INFO.rtm,C:\DBAMFG\BKSOF4.RTM,BKSOF4.RTM,False
T6SOF4fl.rtm,C:\TASPRO7\DBA7\T6SOF4fl.RTM,T6SOF4FL.RTM,True
T6SOF4fl.rtm,C:\SOURCE\RTM\bksof4.rtm,BKSOF4.RTM,False
T6SOF4fl.rtm,C:\DBAMFG\BKSOF4.RTM,BKSOF4.RTM,False
T6SOF4fl.rtm,C:\DBAMFG\BKSOF4.RTM,BKSOF4.RTM,False
T6SOF4fl.rtm,C:\DBAMFG\BKSOF4.RTM,BKSOF4.RTM,False
T6SOF4fl.rtm,C:\DBAMFG\BKSOF4.RTM,BKSOF4.RTM,False
T6SOF4fl.rtm,C:\DBAMFG\BKSOF4.RTM,BKSOF4.RTM,False
T6SOGCG1.RTM,C:\TASPRO7\DBA7\T6SOGCG1.RTM,T6SOGCG1.RTM,True
T6SOGCG1.RTM,C:\DBAMFG\BKISWCE1.RTM,BKISWCE1.RTM,False
T6SOGCM1.RTM,C:\TASPRO7\DBA7\T6SOGCM1.RTM,T6SOGCM1.RTM,True
T6SOGCM1.RTM,C:\DBAMFG\BKISWCE1.RTM,BKISWCE1.RTM,False
T6SON1.RTM,C:\TASPRO7\DBA7\T6SON1.RTM,T6SON1.RTM,True
T6SON1.RTM,C:\DBAMFG\BKISWCE1.RTM,BKISWCE1.RTM,False
T6SON2.RTM,C:\TASPRO7\DBA7\T6SON2.RTM,T6SON2.RTM,True
T6SON2.RTM,C:\DBAMFG\BKISWCE1.RTM,BKISWCE1.RTM,False
T6SOOA1.RTM,T:\T6SOOA1.RTM,T6SOOA1.RTM,True
T6SOOA1.RTM,C:\DBAMFG\BKISWCE1.RTM,BKISWCE1.RTM,False
T6SOOA2.RTM,C:\TASPRO7\DBA7\T6SOOA2.RTM,T6SOOA2.RTM,True
T6SOOA2.RTM,C:\DBAMFG\BKISWCE1.RTM,BKISWCE1.RTM,False
T6SOOA3.RTM,C:\TASPRO7\DBA7\T6SOOA3.RTM,T6SOOA3.RTM,True
T6SOOA3.RTM,C:\DBAMFG\BKISWCE1.RTM,BKISWCE1.RTM,False
T6SOOB1.RTM,C:\TASPRO7\DBA7\T6SOOB1.RTM,T6SOOB1.RTM,True
T6SOOB1.RTM,C:\DBAMFG\BKISWCE1.RTM,BKISWCE1.RTM,False
T6SOOB2.RTM,C:\dbamfg\T6SOOB2.RTM,T6SOOB2.RTM,True
T6SOOB2.RTM,C:\DBAMFG\BKISWCE1.RTM,BKISWCE1.RTM,False
T6SOOD1.RTM,C:\TASPRO7\DBA7\T6SOOD1.RTM,T6SOOD1.RTM,True
T6SOOD1.RTM,C:\DBAMFG\BKISWCE1.RTM,BKISWCE1.RTM,False
T6SOOD2.RTM,C:\TASPRO7\DBA7\T6SOOD2.RTM,T6SOOD2.RTM,True
T6SOOD2.RTM,C:\DBAMFG\BKISWCE1.RTM,BKISWCE1.RTM,False
T6SOOE1.RTM,T:\T6SOOEB.RTM,T6SOOEB.RTM,False
T6SOOE1.RTM,C:\DBAMFG\BKISWCE1.RTM,BKISWCE1.RTM,False
T6SOOE2.rtm,C:\TASPRO7\DBA7\T6SOOE2.RTM,T6SOOE2.RTM,True
T6SOOE2.rtm,C:\DBAMFG\BKISWCE1.RTM,BKISWCE1.RTM,False
T6SOOE3.RTM,C:\TASPRO7\DBA7\T6SOOE3.RTM,T6SOOE3.RTM,True
T6SOOE3.RTM,C:\DBAMFG\BKISWCE1.RTM,BKISWCE1.RTM,False
T6SOOE4.RTM,C:\TASPRO7\DBA7\T6SOOE4.RTM,T6SOOE4.RTM,True
T6SOOE4.RTM,C:\DBAMFG\BKISWCE1.RTM,BKISWCE1.RTM,False
T6SOOE5.rtm,C:\TASPRO7\DBA7\T6SOOE5.RTM,T6SOOE5.RTM,True
T6SOOE5.rtm,C:\DBAMFG\BKISWCE1.RTM,BKISWCE1.RTM,False
T6SOOE6.RTM,C:\TASPRO7\DBA7\T6SOOE6.RTM,T6SOOE6.RTM,True
T6SOOE6.RTM,C:\DBAMFG\BKISWCE1.RTM,BKISWCE1.RTM,False
T6SOOE7.RTM,\\I2s109-solidcrm\dbamfg$\T6SOOE7.RTM,T6SOOE7.RTM,True
T6SOOE7.RTM,C:\DBAMFG\BKISWCE1.RTM,BKISWCE1.RTM,False
T6SOOEC.RTM,C:\TASPRO7\DBA7\T6SOOE1.RTM,T6SOOE1.RTM,False
T6SOOEC.RTM,C:\DBAMFG\BKISWCE1.RTM,BKISWCE1.RTM,False
T6SOOG1.RTM,C:\TASPRO7\DBA7\T6SOOG1.RTM,T6SOOG1.RTM,True
T6SOOG1.RTM,C:\DBAMFG\BKISWCE1.RTM,BKISWCE1.RTM,False
T6SOOH1.rtm,C:\TASPRO7\DBA7\T6SOOH1.rtm,T6SOOH1.RTM,True
T6SOOH1.rtm,C:\DBAMFG\BKISWCE1.RTM,BKISWCE1.RTM,False
T6SOOH1C.rtm,D:\EVOERP\T6SOOH1C.RTM,T6SOOH1C.RTM,True
T6SOOH1C.rtm,C:\DBAMFG\BKISWCE1.RTM,BKISWCE1.RTM,False
T6SOOI1.RTM,C:\TASPRO7\DBA7\T6SOOI1.RTM,T6SOOI1.RTM,True
T6SOOI1.RTM,C:\DBAMFG\BKISWCE1.RTM,BKISWCE1.RTM,False
T6SOOI2.RTM,C:\TASPRO7\DBA7\T6SOOI2.RTM,T6SOOI2.RTM,True
T6SOOI2.RTM,C:\DBAMFG\BKISWCE1.RTM,BKISWCE1.RTM,False
T6SOOI3.rtm,C:\TASPRO7\DBA7\T6SOOI3.RTM,T6SOOI3.RTM,True
T6SOOI3.rtm,C:\DBAMFG\BKISWCE1.RTM,BKISWCE1.RTM,False
T6SOOJ1.RTM,C:\DBAMFG\T6SOOJ1.RTM,T6SOOJ1.RTM,True
T6SOOJ1.RTM,C:\DBAMFG\bksooj1.RTM,BKSOOJ1.RTM,False
T6SOOJ1.RTM,C:\DBAMFG\bksooj1.RTM,BKSOOJ1.RTM,False
T6SOOJ1.RTM,C:\DBAMFG\bksooj1.RTM,BKSOOJ1.RTM,False
T6SOOJ1.RTM,C:\DBAMFG\bksooj1.RTM,BKSOOJ1.RTM,False
T6SOOJ1.RTM,C:\DBAMFG\bksooj1.RTM,BKSOOJ1.RTM,False
T6SOOJ1.RTM,C:\DBAMFG\bksooj1.RTM,BKSOOJ1.RTM,False
T6SOOJ1L.RTM,C:\TASPro6\DBA\T6SOOJ1L.RTM,T6SOOJ1L.RTM,True
T6SOOJ1L.RTM,C:\DBAMFG\bksooj1l.RTM,BKSOOJ1L.RTM,False
T6SOOJ1L.RTM,C:\DBAMFG\bksooj1l.RTM,BKSOOJ1L.RTM,False
T6SOOJ1L.RTM,C:\DBAMFG\bksooj1l.RTM,BKSOOJ1L.RTM,False
T6SOOJ1L.RTM,C:\DBAMFG\bksooj1l.RTM,BKSOOJ1L.RTM,False
T6SOOJ1L.RTM,C:\DBAMFG\bksooj1l.RTM,BKSOOJ1L.RTM,False
T6SOOJ1L.RTM,C:\DBAMFG\BKSOOJ1L.RTM,BKSOOJ1L.RTM,False
T6SOOJ1R.RTM,D:\Apps\dbamfg\T6SOOJ1R.RTM,T6SOOJ1R.RTM,True
T6SOOJ1R.RTM,C:\DBAMFG\bksooj1.RTM,BKSOOJ1.RTM,False
T6SOOJ1R.RTM,C:\DBAMFG\bksooj1.RTM,BKSOOJ1.RTM,False
T6SOOJ1R.RTM,C:\DBAMFG\bksooj1.RTM,BKSOOJ1.RTM,False
T6SOOJ1R.RTM,C:\DBAMFG\bksooj1.RTM,BKSOOJ1.RTM,False
T6SOOJ1R.RTM,C:\DBAMFG\bksooj1.RTM,BKSOOJ1.RTM,False
T6SOOJ1R.RTM,C:\DBAMFG\bksooj1.RTM,BKSOOJ1.RTM,False
T6SOOJ3.RTM,T:\T6SOOJ3.RTM,T6SOOJ3.RTM,True
T6SOOJ3.RTM,C:\DBAMFG\bksooj1.RTM,BKSOOJ1.RTM,False
T6SOOJ3.RTM,C:\DBAMFG\bksooj1.RTM,BKSOOJ1.RTM,False
T6SOOJ3.RTM,C:\DBAMFG\bksooj1.RTM,BKSOOJ1.RTM,False
T6SOOJ3.RTM,C:\DBAMFG\bksooj1.RTM,BKSOOJ1.RTM,False
T6SOOJ3.RTM,C:\DBAMFG\bksooj1.RTM,BKSOOJ1.RTM,False
T6SOOJ3.RTM,C:\DBAMFG\bksooj1.RTM,BKSOOJ1.RTM,False
T6SOOTM.RTM,T:\T6SOOTM.RTM,T6SOOTM.RTM,True
T6SOOTM.RTM,C:\DBAMFG\BKISWCE1.RTM,BKISWCE1.RTM,False
T6SOPB1.RTM,C:\TASPRO7\DBA7\T6SOPB1.RTM,T6SOPB1.RTM,True
T6SOPB1.RTM,C:\DBAMFG\bksopb1.RTM,BKSOPB1.RTM,False
T6SOPB1.RTM,C:\DBAMFG\bksopb1.RTM,BKSOPB1.RTM,False
T6SOPB1.RTM,C:\DBAMFG\bksopb1.RTM,BKSOPB1.RTM,False
T6SOPB1.RTM,C:\DBAMFG\bksopb1.RTM,BKSOPB1.RTM,False
T6SOPB2.RTM,C:\TASPRO7\DBA7\T6SOPB2.RTM,T6SOPB2.RTM,True
T6SOPB2.RTM,C:\DBAMFG\bksopb2.RTM,BKSOPB2.RTM,False
T6SOPB3.RTM,T:\T6SOPB3.RTM,T6SOPB3.RTM,True
T6SOPB3.RTM,C:\DBAMFG\BKSOPB4.RTM,BKSOPB4.RTM,False
T6SOPB3.RTM,C:\DBAMFG\BKSOPB4.RTM,BKSOPB4.RTM,False
T6SOPB3.RTM,C:\DBAMFG\BKSOPB4.RTM,BKSOPB4.RTM,False
T6SOPB3.RTM,C:\DBAMFG\BKSOPB4.RTM,BKSOPB4.RTM,False
T6SOPB4.RTM,\\I2s109-solidcrm\dbamfg$\T6SOPB4.RTM,T6SOPB4.RTM,True
T6SOPB4.RTM,C:\DBAMFG\BKSOPB4.RTM,BKSOPB4.RTM,False
T6SOPB4.RTM,C:\DBAMFG\BKSOPB4.RTM,BKSOPB4.RTM,False
T6SOPB4.RTM,C:\DBAMFG\BKSOPB4.RTM,BKSOPB4.RTM,False
T6SOPB4.RTM,C:\DBAMFG\BKSOPB4.RTM,BKSOPB4.RTM,False
T6SOPB42.RTM,\\I2s109-solidcrm\dbamfg$\T6SOPB42.RTM,T6SOPB42.RTM,True
T6SOPB42.RTM,C:\DBAMFG\BKSOPB4.RTM,BKSOPB4.RTM,False
T6SOPB42.RTM,C:\DBAMFG\BKSOPB4.RTM,BKSOPB4.RTM,False
T6SOPB42.RTM,C:\DBAMFG\BKSOPB4.RTM,BKSOPB4.RTM,False
T6SOPB42.RTM,C:\DBAMFG\BKSOPB4.RTM,BKSOPB4.RTM,False
T6SOPB4A.RTM,\\I2s109-solidcrm\dbamfg$\T6SOPB4A.RTM,T6SOPB4A.RTM,True
T6SOPB4A.RTM,C:\DBAMFG\BKSOPB4.RTM,BKSOPB4.RTM,False
T6SOPB4A.RTM,C:\DBAMFG\BKSOPB4.RTM,BKSOPB4.RTM,False
T6SOPB4A.RTM,C:\DBAMFG\BKSOPB4.RTM,BKSOPB4.RTM,False
T6SOPB4A.RTM,C:\DBAMFG\BKSOPB4.RTM,BKSOPB4.RTM,False
T6SOPB5.rtm,D:\EVOERP\T6SOPB5.RTM,T6SOPB5.RTM,True
T6SOPB5.rtm,C:\DBAMFG\bksopb3.RTM,BKSOPB3.RTM,False
T6SOPC4.RTM,\\I2s109-solidcrm\dbamfg$\T6SOPC4.RTM,T6SOPC4.RTM,True
T6SOPC4.RTM,C:\DBAMFG\BKSOPB4.RTM,BKSOPB4.RTM,False
T6SOPC4.RTM,C:\DBAMFG\BKSOPB4.RTM,BKSOPB4.RTM,False
T6SOPC4.RTM,C:\DBAMFG\BKSOPB4.RTM,BKSOPB4.RTM,False
T6SOPC4.RTM,C:\DBAMFG\BKSOPB4.RTM,BKSOPB4.RTM,False
T6SOPCA1.RTM,C:\TASPRO7\DBA7\T6SOPCA1.RTM,T6SOPCA1.RTM,True
T6SOPCA1.RTM,C:\DBAMFG\BKISWCE1.RTM,BKISWCE1.RTM,False
T6SOPD1.RTM,C:\TASPro6\DBA\T6SOPD1.RTM,T6SOPD1.RTM,True
T6SOPD1.RTM,C:\DBAMFG\bksopd1.RTM,BKSOPD1.RTM,False
T6SOPD1.RTM,C:\DBAMFG\bksopd1.RTM,BKSOPD1.RTM,False
T6SOPD1.RTM,C:\DBAMFG\bksopd1.RTM,BKSOPD1.RTM,False
T6SOPD1.RTM,C:\DBAMFG\bksopd1.RTM,BKSOPD1.RTM,False
T6SOPD1.RTM,C:\DBAMFG\bksopd1.RTM,BKSOPD1.RTM,False
T6SOPD1.RTM,C:\DBAMFG\bksopd1.RTM,BKSOPD1.RTM,False
T6SOPD1L.RTM,C:\TASPro6\DBA\T6SOPD1L.RTM,T6SOPD1L.RTM,True
T6SOPD1L.RTM,C:\DBAMFG\BKSOpd1l.RTM,BKSOPD1L.RTM,False
T6SOPD1L.RTM,C:\DBAMFG\BKSOpd1l.RTM,BKSOPD1L.RTM,False
T6SOPD1L.RTM,C:\DBAMFG\BKSOpd1l.RTM,BKSOPD1L.RTM,False
T6SOPD1L.RTM,C:\DBAMFG\BKSOpd1l.RTM,BKSOPD1L.RTM,False
T6SOPD1L.RTM,C:\DBAMFG\BKSOpd1l.RTM,BKSOPD1L.RTM,False
T6SOPD1L.RTM,C:\DBAMFG\BKSOpd1l.RTM,BKSOPD1L.RTM,False
T6SOPL1 - Copy.RTM,C:\TASPRO7\DBA7\T6SOPL1.RTM,T6SOPL1.RTM,False
T6SOPL1 - Copy.RTM,C:\DBAMFG\BKISWCE1.RTM,BKISWCE1.RTM,False
T6SOPL1.RTM,C:\TASPRO7\DBA7\T6SOPL1.RTM,T6SOPL1.RTM,True
T6SOPL1.RTM,C:\DBAMFG\BKISWCE1.RTM,BKISWCE1.RTM,False
T6SOPM1.RTM,C:\TASPRO7\DBA7\T6SOPM1.RTM,T6SOPM1.RTM,True
T6SOPM1.RTM,C:\DBAMFG\BKISWCE1.RTM,BKISWCE1.RTM,False
T6SOPO1.RTM,C:\taspro7\DBA7\T6SOPO1.RTM,T6SOPO1.RTM,True
T6SOPO1.RTM,C:\DBAMFG\BKISWCE1.RTM,BKISWCE1.RTM,False
T6SOQI2.RTM,C:\taspro7\DBA7\t6soqi2.RTM,T6SOQI2.RTM,True
T6SOQI2.RTM,C:\DBAMFG\BKISWCE1.RTM,BKISWCE1.RTM,False
T6SPC1.rtm,C:\taspro7\DBA7\T6SPC1.RTM,T6SPC1.RTM,True
T6SPC2.rtm,M:\DBAMFG\T6SPC2.RTM,T6SPC2.RTM,True
T6SPC3.rtm,C:\TASPRO7\DBA7\T6SPC3.RTM,T6SPC3.RTM,True
T6SPC3x.rtm,C:\TASPRO7\DBA7\T6SPC3x.RTM,T6SPC3X.RTM,True
T6SPC4.rtm,C:\taspro7\DBA7\T6SPC4.RTM,T6SPC4.RTM,True
T6SPC5.rtm,C:\taspro7\DBA7\T6SPC5.RTM,T6SPC5.RTM,True
T6SPR1.rtm,C:\TASPRO7\DBA7\T6SPR1.RTM,T6SPR1.RTM,True
T6UTH1.RTM,C:\taspro7\DBA7\t6uth1.RTM,T6UTH1.RTM,True
T6UTKF1.rtm,C:\TASPRO7\DBA7\T6UTKF1.RTM,T6UTKF1.RTM,True
T6UTKF1.rtm,C:\DBAMFG\BKISWCE1.RTM,BKISWCE1.RTM,False
T6UTKG1.RTM,C:\TASPRO7\DBA7\T6UTKG1.RTM,T6UTKG1.RTM,True
T6UTKG1.RTM,C:\DBAMFG\BKISWCE1.RTM,BKISWCE1.RTM,False
T6UTKH1.RTM,C:\taspro7\DBA7\t6utkh1.rtm,T6UTKH1.RTM,True
T6UTKH1.RTM,C:\DBAMFG\BKISWCE1.RTM,BKISWCE1.RTM,False
T6VAR1.rtm,C:\TASPRO7\DBA7\T6VAR1.RTM,T6VAR1.RTM,True
T6WCH1.RTM,C:\TASPRO7\DBA7\T6WCH1.RTM,T6WCH1.RTM,True
T6WOB2.RTM,C:\TASPRO7\DBA7\T6WOB2.RTM,T6WOB2.RTM,True
T6WOB2.RTM,C:\DBAMFG\BKISWCE1.RTM,BKISWCE1.RTM,False
T6WOC4.RTM,\\I2s44-hapi\dbamfg$\T6WOC4.RTM,T6WOC4.RTM,True
T6WOC4.RTM,C:\DBAMFG\BKwoc2.RTM,BKWOC2.RTM,False
T6WOC4.RTM,C:\DBAMFG\BKwoc2.RTM,BKWOC2.RTM,False
T6WOC4.RTM,C:\DBAMFG\BKwoc2.RTM,BKWOC2.RTM,False
T6WOC4.RTM,C:\DBAMFG\BKwoc2.RTM,BKWOC2.RTM,False
T6WOC4.RTM,C:\DBAMFG\BKwoc2.RTM,BKWOC2.RTM,False
T6WOC4.RTM,C:\DBAMFG\BKWOC2.RTM,BKWOC2.RTM,False
T6WOC4.RTM,C:\DBAMFG\bkwoc2.RTM,BKWOC2.RTM,False
T6WOC4.RTM,C:\DBAMFG\BKAWC2.RTM,BKAWC2.RTM,False
T6WOC4.RTM,C:\DBAMFG\BKAWC2.RTM,BKAWC2.RTM,False
T6WOC42.RTM,\\I2s44-hapi\dbamfg$\T6WOC42.RTM,T6WOC42.RTM,True
T6WOC42.RTM,C:\DBAMFG\BKwoc2.RTM,BKWOC2.RTM,False
T6WOC42.RTM,C:\DBAMFG\BKwoc2.RTM,BKWOC2.RTM,False
T6WOC42.RTM,C:\DBAMFG\BKwoc2.RTM,BKWOC2.RTM,False
T6WOC42.RTM,C:\DBAMFG\BKwoc2.RTM,BKWOC2.RTM,False
T6WOC42.RTM,C:\DBAMFG\BKwoc2.RTM,BKWOC2.RTM,False
T6WOC42.RTM,C:\DBAMFG\BKWOC2.RTM,BKWOC2.RTM,False
T6WOC42.RTM,C:\DBAMFG\bkwoc2.RTM,BKWOC2.RTM,False
T6WOC42.RTM,C:\DBAMFG\BKAWC2.RTM,BKAWC2.RTM,False
T6WOC42.RTM,C:\DBAMFG\BKAWC2.RTM,BKAWC2.RTM,False
T6WOC43.RTM,\\I2s44-hapi\dbamfg$\T6WOC43.RTM,T6WOC43.RTM,True
T6WOC43.RTM,C:\DBAMFG\BKwoc2.RTM,BKWOC2.RTM,False
T6WOC43.RTM,C:\DBAMFG\BKwoc2.RTM,BKWOC2.RTM,False
T6WOC43.RTM,C:\DBAMFG\BKwoc2.RTM,BKWOC2.RTM,False
T6WOC43.RTM,C:\DBAMFG\BKwoc2.RTM,BKWOC2.RTM,False
T6WOC43.RTM,C:\DBAMFG\BKwoc2.RTM,BKWOC2.RTM,False
T6WOC43.RTM,C:\DBAMFG\BKWOC2.RTM,BKWOC2.RTM,False
T6WOC43.RTM,C:\DBAMFG\bkwoc2.RTM,BKWOC2.RTM,False
T6WOC43.RTM,C:\DBAMFG\BKAWC2.RTM,BKAWC2.RTM,False
T6WOC43.RTM,C:\DBAMFG\BKAWC2.RTM,BKAWC2.RTM,False
T6WOD2.RTM,C:\TASPRO7\DBA7\t6wod2.RTM,T6WOD2.RTM,True
T6WOD2.RTM,C:\DBAMFG\BKISWCE1.RTM,BKISWCE1.RTM,False
T6WOE1.RTM,C:\TASPRO7\dba7\T6WOE1.RTM,T6WOE1.RTM,True
T6WOE2.RTM,C:\TASPRO7\dba7\T6WOE2.RTM,T6WOE2.RTM,True
T6WOFA1.rtm,C:\TASPRO7\DBA7\T6WOFA1.RTM,T6WOFA1.RTM,True
T6WOFA1.rtm,C:\DBAMFG\BKISWCE1.RTM,BKISWCE1.RTM,False
T6WOG1.RTM,C:\TASPRO7\DBA7\T6WOG1.RTM,T6WOG1.RTM,True
T6WOG1.RTM,C:\DBAMFG\BKISWCE1.RTM,BKISWCE1.RTM,False
T6WOJ1.RTM,C:\TASPRO7\DBA7\T6WOJ2.RTM,T6WOJ2.RTM,False
T6WOJ1.RTM,C:\DBAMFG\BKISWCE1.RTM,BKISWCE1.RTM,False
T6WOKJ1.RTM,C:\TASPRO7\DBA7\T7WOKJ1.RTM,T7WOKJ1.RTM,False
T6WOKJ1.RTM,C:\DBAMFG\BKISWCE1.RTM,BKISWCE1.RTM,False
T6WOKS1.RTM,C:\TASPRO7\DBA7\T6WOKS1.RTM,T6WOKS1.RTM,True
T6WOKS1.RTM,C:\DBAMFG\BKISWCE1.RTM,BKISWCE1.RTM,False
T6WOLB1.RTM,\\I2s44-hapi\dbamfg$\T6WOLB1.RTM,T6WOLB1.RTM,True
T6WOLB1.RTM,C:\DBAMFG\BKISWCE1.RTM,BKISWCE1.RTM,False
T6WOLB2.RTM,C:\EvoERP\T6WOLB2.RTM,T6WOLB2.RTM,True
T6WOLB2.RTM,C:\DBAMFG\BKISWCE1.RTM,BKISWCE1.RTM,False
T6WOLC4.RTM,C:\TASPRO7\DBA7\t6wolc4.RTM,T6WOLC4.RTM,True
T6WOLC4.RTM,C:\DBAMFG\BKISWCE1.RTM,BKISWCE1.RTM,False
T6WOLE1.RTM,C:\TASPRO7\DBA7\t6wole1.RTM,T6WOLE1.RTM,True
T6WOLE1.RTM,C:\DBAMFG\BKISWCE1.RTM,BKISWCE1.RTM,False
T6WOLG1.RTM,C:\TASPRO7\DBA7\t6wolg1.RTM,T6WOLG1.RTM,True
T6WOLG1.RTM,C:\DBAMFG\BKISWCE1.RTM,BKISWCE1.RTM,False
T6WOLH1.RTM,C:\TASPRO7\DBA7\t6wolh1.RTM,T6WOLH1.RTM,True
T6WOLH1.RTM,C:\DBAMFG\BKISWCE1.RTM,BKISWCE1.RTM,False
T6WOLH1.RTM,C:\DBAMFG\BKISWCE1.RTM,BKISWCE1.RTM,False
T6WOLI1.RTM,C:\TASPRO7\DBA7\T6WOLI1.RTM,T6WOLI1.RTM,True
T6WOLI1.RTM,C:\DBAMFG\BKISWCE1.RTM,BKISWCE1.RTM,False
T6WOLI2.RTM,C:\TASPRO7\DBA7\T6WOLI2.RTM,T6WOLI2.RTM,True
T6WOLI2.RTM,C:\DBAMFG\BKISWCE1.RTM,BKISWCE1.RTM,False
T6WOLI3.RTM,C:\TASPRO7\DBA7\T6WOLI3.RTM,T6WOLI3.RTM,True
T6WOLI3.RTM,C:\DBAMFG\BKISWCE1.RTM,BKISWCE1.RTM,False
T6WOLJ1.RTM,C:\TASPRO7\DBA7\T6WOLJ1.RTM,T6WOLJ1.RTM,True
T6WOLJ1.RTM,C:\DBAMFG\iswolj1.RTM,ISWOLJ1.RTM,False
T6WOLJ1.RTM,C:\DBAMFG\bkwolj1.rtm,BKWOLJ1.RTM,False
T6WOLJ2.RTM,D:\EVOERP\T6WOLJ2.RTM,T6WOLJ2.RTM,True
T6WOLJ2.RTM,C:\DBAMFG\iswolj1.RTM,ISWOLJ1.RTM,False
T6WOLJ2.RTM,C:\DBAMFG\bkwolj1.rtm,BKWOLJ1.RTM,False
T6WOLK1.RTM,C:\TASPRO7\DBA7\T6WOLK1.RTM,T6WOLK1.RTM,True
T6WOLL1.RTM,C:\TASPRO7\DBA7\J7WOLL1.RTM,J7WOLL1.RTM,False
T6WOLM1.RTM,C:\TASPRO7\DBA7\T6WOLM1.RTM,T6WOLM1.RTM,True
T6WOLM1.RTM,C:\DBAMFG\BKISWCE1.RTM,BKISWCE1.RTM,False
T6WOLN1.RTM,C:\TASPRO7\DBA7\T6WOLN1.RTM,T6WOLN1.RTM,True
T6WOLN1.RTM,C:\DBAMFG\BKISWCE1.RTM,BKISWCE1.RTM,False
T6WOP1.RTM,C:\taspro7\DBA7\T6WOP1.RTM,T6WOP1.RTM,True
T6WOPO1.RTM,C:\taspro7\DBA7\T6WOPO1.RTM,T6WOPO1.RTM,True
T6WOPO1.RTM,C:\DBAMFG\BKISWCE1.RTM,BKISWCE1.RTM,False
T6WOS1.RTM,C:\TASPRO7\DBA7\T6WOS1.RTM,T6WOS1.RTM,True
T6WOS1E.rtm,D:\EVOERP\T6WOS1E.RTM,T6WOS1E.RTM,True
T6WOS1RT.rtm,D:\EVOERP\T6WOS1RT.RTM,T6WOS1RT.RTM,True
T6WOS4.rtm,C:\TASPRO7\DBA7\T6WOS4.RTM,T6WOS4.RTM,True
T6preq1.rtm,C:\TASPRO7\DBA7\T6preq1.RTM,T6PREQ1.RTM,True
T6prlf1.RTM,C:\TASPro6\DBA\T6prlf1.RTM,T6PRLF1.RTM,True
T6prlf1.RTM,C:\SOURCE\RTM\Bkprlf1.rtm,BKPRLF1.RTM,False
T6prlk1.RTM,C:\TASPRO7\DBA7\T6prlk1.RTM,T6PRLK1.RTM,True
T6prln1.RTM,C:\TASPRO7\DBA7\T6prln1.RTM,T6PRLN1.RTM,True
T6prln1.RTM,C:\SOURCE\RTM\Bkprlf1.rtm,BKPRLF1.RTM,False
T6san1.rtm,E:\DBAMFG\T6san1.rtm,T6SAN1.RTM,True
T6san1.rtm,D:\My Documents\RTMs\T6san1.rtm,T6SAN1.RTM,True
T6san1.rtm,D:\My Documents\RTMs\T6san1.rtm,T6SAN1.RTM,True
T6san1.rtm,D:\My Documents\RTMs\T6san1.rtm,T6SAN1.RTM,True
T6san1.rtm,D:\My Documents\RTMs\T6san1.rtm,T6SAN1.RTM,True
T6san1.rtm,D:\My Documents\RTMs\T6san1.rtm,T6SAN1.RTM,True
T6san1.rtm,D:\My Documents\RTMs\T6san1.rtm,T6SAN1.RTM,True
T6san1R.RTM,D:\Apps\dbamfg\T6san1R.RTM,T6SAN1R.RTM,True
T6san1R.RTM,D:\My Documents\RTMs\T6san1.rtm,T6SAN1.RTM,False
T6san1R.RTM,D:\My Documents\RTMs\T6san1.rtm,T6SAN1.RTM,False
T6san1R.RTM,D:\My Documents\RTMs\T6san1.rtm,T6SAN1.RTM,False
T6san1R.RTM,D:\My Documents\RTMs\T6san1.rtm,T6SAN1.RTM,False
T6san1R.RTM,D:\My Documents\RTMs\T6san1.rtm,T6SAN1.RTM,False
T6san1R.RTM,D:\My Documents\RTMs\T6san1.rtm,T6SAN1.RTM,False
T6san3.RTM,C:\TASPRO7\DBA7\T6san3.RTM,T6SAN3.RTM,True
T6san3.RTM,D:\My Documents\RTMs\T6san1.rtm,T6SAN1.RTM,False
T6san3.RTM,D:\My Documents\RTMs\T6san1.rtm,T6SAN1.RTM,False
T6san3.RTM,D:\My Documents\RTMs\T6san1.rtm,T6SAN1.RTM,False
T6san3.RTM,D:\My Documents\RTMs\T6san1.rtm,T6SAN1.RTM,False
T6san3.RTM,D:\My Documents\RTMs\T6san1.rtm,T6SAN1.RTM,False
T6san3.RTM,D:\My Documents\RTMs\T6san1.rtm,T6SAN1.RTM,False
T6sook1.rtm,C:\TASPRO7\dba7\T6SOOK1.RTM,T6SOOK1.RTM,True
T6sook1.rtm,D:\My Documents\RTMs\T6sook1.rtm,T6SOOK1.RTM,True
T6sook1.rtm,D:\My Documents\RTMs\T6sook1.rtm,T6SOOK1.RTM,True
T6sook1.rtm,D:\My Documents\RTMs\T6sook1.rtm,T6SOOK1.RTM,True
T6sook1.rtm,D:\My Documents\RTMs\T6sook1.rtm,T6SOOK1.RTM,True
T6sook1.rtm,D:\My Documents\RTMs\T6sook1.rtm,T6SOOK1.RTM,True
T6sook1.rtm,D:\My Documents\RTMs\T6sook1.rtm,T6SOOK1.RTM,True
T6sook1R.RTM,D:\Apps\dbamfg\T6sook1R.RTM,T6SOOK1R.RTM,True
T6sook1R.RTM,D:\My Documents\RTMs\T6sook1.rtm,T6SOOK1.RTM,False
T6sook1R.RTM,D:\My Documents\RTMs\T6sook1.rtm,T6SOOK1.RTM,False
T6sook1R.RTM,D:\My Documents\RTMs\T6sook1.rtm,T6SOOK1.RTM,False
T6sook1R.RTM,D:\My Documents\RTMs\T6sook1.rtm,T6SOOK1.RTM,False
T6sook1R.RTM,D:\My Documents\RTMs\T6sook1.rtm,T6SOOK1.RTM,False
T6sook1R.RTM,D:\My Documents\RTMs\T6sook1.rtm,T6SOOK1.RTM,False
T6sope1.rtm,C:\TASPRO7\dba7\T6SOPE1.RTM,T6SOPE1.RTM,True
T6sope1.rtm,D:\My Documents\RTMs\T6sope1.rtm,T6SOPE1.RTM,True
T6sope1.rtm,D:\My Documents\RTMs\T6sope1.rtm,T6SOPE1.RTM,True
T6sope1.rtm,D:\My Documents\RTMs\T6sope1.rtm,T6SOPE1.RTM,True
T6sope1.rtm,D:\My Documents\RTMs\T6sope1.rtm,T6SOPE1.RTM,True
T6sope1.rtm,D:\My Documents\RTMs\T6sope1.rtm,T6SOPE1.RTM,True
T6sope1.rtm,D:\My Documents\RTMs\T6sope1.rtm,T6SOPE1.RTM,True
T6sosb4.rtm,C:\TASPro6\DBA\T6sosb4.rtm,T6SOSB4.RTM,True
T6sosb4.rtm,C:\jal\TEST221\DMsopb4.rtm,DMSOPB4.RTM,False
T6sosb4.rtm,C:\jal\TEST221\DMsopb4.rtm,DMSOPB4.RTM,False
T6sosb4.rtm,C:\jal\TEST221\DMsopb4.rtm,DMSOPB4.RTM,False
T6sosb4.rtm,C:\jal\TEST221\DMsopb4.rtm,DMSOPB4.RTM,False
T6woc2g.rtm,N:\DBAMFG\T6woc2.rtm,T6WOC2.RTM,False
T6woc2g.rtm,C:\DBAMFG\BKwoc2.RTM,BKWOC2.RTM,False
T6woc2g.rtm,C:\DBAMFG\BKwoc2.RTM,BKWOC2.RTM,False
T6woc2g.rtm,C:\DBAMFG\BKwoc2.RTM,BKWOC2.RTM,False
T6woc2g.rtm,C:\DBAMFG\BKwoc2.RTM,BKWOC2.RTM,False
T6woc2g.rtm,C:\DBAMFG\BKwoc2.RTM,BKWOC2.RTM,False
T6woc2g.rtm,C:\DBAMFG\BKWOC2.RTM,BKWOC2.RTM,False
T6woc2g.rtm,C:\DBAMFG\bkwoc2.RTM,BKWOC2.RTM,False
T6woc2g.rtm,C:\DBAMFG\BKAWC2.RTM,BKAWC2.RTM,False
T6woc2g.rtm,C:\DBAMFG\BKAWC2.RTM,BKAWC2.RTM,False
T7APE1.RTM,C:\TASPRO7\DBA7\T7APE1.RTM,T7APE1.RTM,True
T7APE1.RTM,C:\DBAMFG\bksam1.rtm,BKSAM1.RTM,False
T7APE2.RTM,C:\TASPRO7\DBA7\T7APE2.RTM,T7APE2.RTM,True
T7APE2.RTM,C:\DBAMFG\bksam1.rtm,BKSAM1.RTM,False
T7APG1.RTM,C:\TASPRO7\DBA7\T7APG1.RTM,T7APG1.RTM,True
T7APG1.RTM,C:\DBAMFG\bksam1.rtm,BKSAM1.RTM,False
T7APJ1.RTM,C:\TASPRO7\dba7\T7APJ1.RTM,T7APJ1.RTM,True
T7APJ1.RTM,C:\DBAMFG\bksam1.rtm,BKSAM1.RTM,False
T7APK1.RTM,C:\TASPRO7\dba7\T7APK1.RTM,T7APK1.RTM,True
T7APK1.RTM,C:\DBAMFG\bksam1.rtm,BKSAM1.RTM,False
T7APL1.RTM,C:\TASPRO7\dba7\T7APL1.RTM,T7APL1.RTM,True
T7APL1.RTM,C:\DBAMFG\bksam1.rtm,BKSAM1.RTM,False
T7APR1.RTM,C:\TASPRO7\DBA7\T7APR1.RTM,T7APR1.RTM,True
T7APR1.RTM,C:\DBAMFG\bksam1.rtm,BKSAM1.RTM,False
T7BSPrint.RTM,C:\TASPRO7\DBA7\EvoBSPrint.RTM,EVOBSPRINT.RTM,False
T7DRILL.RTM,C:\TASPRO7\DBA7\T7DRILL.RTM,T7DRILL.RTM,True
T7ENote.RTM,C:\TASPRO7\DBA7\T7ENote.RTM,T7ENOTE.RTM,True
T7HLAB1.RTM,C:\TASPRO7\DBA7\T7HLAB1.RTM,T7HLAB1.RTM,True
T7HSOE1.RTM,C:\TASPRO7\DBA7\T7HSOE1.RTM,T7HSOE1.RTM,True
T7HSOE2.RTM,C:\TASPRO7\DBA7\T7HSOE2.RTM,T7HSOE2.RTM,True
T7PSE.RTM,C:\TASPRO7\DBA7\T7PSE.RTM,T7PSE.RTM,True
T7PSF.RTM,C:\TASPRO7\DBA7\T7PSF.RTM,T7PSF.RTM,True
T7ccr1.rtm,C:\TASPRO7\DBA7\T7ccr1.rtm,T7CCR1.RTM,True
T8SOB4.RTM,\\I2s109-solidcrm\dbamfg$\T8SOB4.RTM,T8SOB4.RTM,True
T8SOB4.RTM,C:\SOURCE\RTM\Bksob4.rtm,BKSOB4.RTM,False
TS12SQT2.RTM,T:\T6SOPB4.RTM,T6SOPB4.RTM,False
TS12SQT2.RTM,C:\DBAMFG\BKSOPB4.RTM,BKSOPB4.RTM,False
TS12SQT2.RTM,C:\DBAMFG\BKSOPB4.RTM,BKSOPB4.RTM,False
TS12SQT2.RTM,C:\DBAMFG\BKSOPB4.RTM,BKSOPB4.RTM,False
TS12SQT2.RTM,C:\DBAMFG\BKSOPB4.RTM,BKSOPB4.RTM,False
WPLAIN.rtm,P:\WPLAIN.RTM,WPLAIN.RTM,True
acT6WOS2.rtm,C:\TASPRO7\DBA7\acT6WOS2.RTM,ACT6WOS2.RTM,True
act6lbl1.rtm,C:\TASPRO7\DBA7\act6lbl1.RTM,ACT6LBL1.RTM,True
act6wlbl.rtm,C:\TASPRO7\DBA7\act6wlbl.RTM,ACT6WLBL.RTM,True
act6wlbl1.rtm,C:\TASPRO7\DBA7\act6wlbl1.RTM,ACT6WLBL1.RTM,True
archinv.rtm,\\I2s109-solidcrm\dbamfg$\T6SOF4.rtm,T6SOF4.RTM,False
archinv.rtm,C:\SOURCE\RTM\bksof4.rtm,BKSOF4.RTM,False
archinv.rtm,C:\DBAMFG\BKSOF4.RTM,BKSOF4.RTM,False
archinv.rtm,C:\DBAMFG\BKSOF4.RTM,BKSOF4.RTM,False
archinv.rtm,C:\DBAMFG\BKSOF4.RTM,BKSOF4.RTM,False
archinv.rtm,C:\DBAMFG\BKSOF4.RTM,BKSOF4.RTM,False
archinv.rtm,C:\DBAMFG\BKSOF4.RTM,BKSOF4.RTM,False
barcode1.rtm,C:\ISTECH\barcode1.rtm,BARCODE1.RTM,True
bkaphar1.rtm,C:\DBAMFG\bkaphar1.rtm,BKAPHAR1.RTM,True
bkaphar1.rtm,C:\DBAMFG\bkaphar1.rtm,BKAPHAR1.RTM,True
bkaps2.rtm,C:\SOURCE\apr99\bkaps2.rtm,BKAPS2.RTM,True
bkawc3.rtm,F:\dbamfg\bkawc3.rtm,BKAWC3.RTM,True
bkawc3.rtm,C:\dbamfg\bkawc1.rtm,BKAWC1.RTM,False
bkawc3.rtm,F:\dbamfg\bkawc1.rtm,BKAWC1.RTM,False
bkawc3.rtm,C:\dbamfg\bkawc1.rtm,BKAWC1.RTM,False
bkawc3.rtm,C:\dbamfg\bkawc1.rtm,BKAWC1.RTM,False
bkawc3.rtm,F:\dbamfg\bkawc1.rtm,BKAWC1.RTM,False
bkawc3.rtm,F:\dbamfg\bkawc1.rtm,BKAWC1.RTM,False
bkawc3.rtm,C:\DBAMFG\BKAWC1.RTM,BKAWC1.RTM,False
bkawc3.rtm,C:\DBAMFG\BKAWC1.RTM,BKAWC1.RTM,False
bking43.RTM,C:\DBAMFG\bking43.RTM,BKING43.RTM,True
bkinlj1.rtm,C:\DBAMFG\bkinlj1.rtm,BKINLJ1.RTM,True
bkinlj1.rtm,C:\DBAMFG\bkinlj1.rtm,BKINLJ1.RTM,True
bkpica1.RTM,C:\DBAMFG\bkpica1.RTM,BKPICA1.RTM,True
bkpica1.RTM,C:\DBAMFG\bkpica1.RTM,BKPICA1.RTM,True
bkpoia1.RTM,C:\dbamfg\bkpoia1.RTM,BKPOIA1.RTM,True
bkpoia1.RTM,C:\dbamfg\bkpoia1.RTM,BKPOIA1.RTM,True
bkpoia1.RTM,C:\dbamfg\bkpoia1.RTM,BKPOIA1.RTM,True
bkpoia1.RTM,C:\dbamfg\bkpoia1.RTM,BKPOIA1.RTM,True
bkpoia1.RTM,C:\dbamfg\bkpoia1.RTM,BKPOIA1.RTM,True
bkpoia2.RTM,C:\dbamfg\bkpoia2.RTM,BKPOIA2.RTM,True
bkpoia2.RTM,C:\DBAMFG\bkpoia2.RTM,BKPOIA2.RTM,True
bkpoia2.RTM,C:\dbamfg\bkpoia2.RTM,BKPOIA2.RTM,True
bkpoia2.RTM,C:\dbamfg\bkpoie1.RTM,BKPOIE1.RTM,False
bkpoia2.RTM,C:\DBAMFG\bkpoia2.RTM,BKPOIA2.RTM,True
bkpoib1.RTM,C:\DBAMFG\bkpoib1.RTM,BKPOIB1.RTM,True
bkpoib1.RTM,C:\DBAMFG\bkpoib1.RTM,BKPOIB1.RTM,True
bkpoib1.RTM,C:\DBAMFG\bkpoib1.RTM,BKPOIB1.RTM,True
bkpoib1.RTM,C:\DBAMFG\bkpoib1.RTM,BKPOIB1.RTM,True
bkpoib2.RTM,C:\DBAMFG\bkpoib2.RTM,BKPOIB2.RTM,True
bkpoib2.RTM,C:\DBAMFG\bkpoib2.RTM,BKPOIB2.RTM,True
bkpoib2.RTM,C:\DBAMFG\bkpoib2.RTM,BKPOIB2.RTM,True
bkpoib2.RTM,C:\DBAMFG\bkpoib2.RTM,BKPOIB2.RTM,True
bkpoie1.RTM,C:\DBAMFG\bkpoie1.RTM,BKPOIE1.RTM,True
bkpoie1.RTM,C:\DBAMFG\bkpoie1.RTM,BKPOIE1.RTM,True
bkpoie1.RTM,C:\DBAMFG\bkpoie1.RTM,BKPOIE1.RTM,True
bkpoie1.RTM,C:\DBAMFG\bkpoie1.rtm,BKPOIE1.RTM,True
bkpoie1.RTM,C:\DBAMFG\bkpoie1.RTM,BKPOIE1.RTM,True
bkpoie1v.RTM,C:\DBAMFG\bkpoie1v.RTM,BKPOIE1V.RTM,True
bkpoie1v.RTM,C:\SOURCE\RTM\bkpoie1.rtm,BKPOIE1.RTM,False
bkpoie1v.RTM,C:\SOURCE\RTM\bkpoie1.rtm,BKPOIE1.RTM,False
bkpoie1v.RTM,C:\DBAMFG\bkpoie1v.RTM,BKPOIE1V.RTM,True
bkpoie1v.RTM,C:\DBAMFG\bkpoie1v.RTM,BKPOIE1V.RTM,True
bkpoie2.RTM,C:\DBAMFG\bkpoie2.RTM,BKPOIE2.RTM,True
bkpoie2.RTM,C:\DBAMFG\bkpoie2.RTM,BKPOIE2.RTM,True
bkpoie2.RTM,C:\DBAMFG\bkpoie2.RTM,BKPOIE2.RTM,True
bkpoie2.RTM,C:\DBAMFG\bkpoie2.RTM,BKPOIE2.RTM,True
bkpoie2.RTM,C:\DBAMFG\bkpoie2.RTM,BKPOIE2.RTM,True
bkpoif1.RTM,C:\DBAMFG\bkpoif1.RTM,BKPOIF1.RTM,True
bkpoif1.RTM,C:\DBAMFG\bkpoif1.RTM,BKPOIF1.RTM,True
bkpoif1.RTM,C:\DBAMFG\bkpoif1.RTM,BKPOIF1.RTM,True
bkpoif1.RTM,C:\DBAMFG\bkpoif1.RTM,BKPOIF1.RTM,True
bkpoif1.RTM,C:\DBAMFG\bkpoif1.RTM,BKPOIF1.RTM,True
bkpoif1.RTM,C:\DBAMFG\bkpoif1.RTM,BKPOIF1.RTM,True
bkpoif2.RTM,C:\DBAMFG\bkpoif2.RTM,BKPOIF2.RTM,True
bkpoif2.RTM,C:\DBAMFG\bkpoif2.RTM,BKPOIF2.RTM,True
bkpoif2.RTM,C:\DBAMFG\bkpoif2.RTM,BKPOIF2.RTM,True
bkpoif2.RTM,C:\DBAMFG\bkpoif2.RTM,BKPOIF2.RTM,True
bkpoif2.RTM,C:\DBAMFG\bkpoif2.RTM,BKPOIF2.RTM,True
bkpoif2.RTM,C:\DBAMFG\bkpoif2.RTM,BKPOIF2.RTM,True
bksooj1.rtm,C:\DBAMFG\bksooj2.rtm,BKSOOJ2.RTM,False
bksooj1.rtm,C:\DBAMFG\BKSOOJ1.RTM,BKSOOJ1.RTM,True
bksooj1.rtm,C:\DBAMFG\BKSOOJ1.RTM,BKSOOJ1.RTM,True
bksooj1.rtm,C:\DBAMFG\BKSOOJ1.RTM,BKSOOJ1.RTM,True
bksooj1.rtm,C:\DBAMFG\BKSOOJ1.RTM,BKSOOJ1.RTM,True
bksooj1.rtm,C:\DBAMFG\bksooj2.rtm,BKSOOJ2.RTM,False
bksooj1.rtm,C:\DBAMFG\BKSOOJ1.RTM,BKSOOJ1.RTM,True
bksooj2.rtm,C:\DBAMFG\bksooj1.rtm,BKSOOJ1.RTM,False
bksooj2.rtm,C:\DBAMFG\BKSOOJ1.RTM,BKSOOJ1.RTM,False
bksooj2.rtm,C:\DBAMFG\BKSOOJ1.RTM,BKSOOJ1.RTM,False
bksooj2.rtm,C:\DBAMFG\BKSOOJ1.RTM,BKSOOJ1.RTM,False
bksooj2.rtm,C:\DBAMFG\bksooj1.rtm,BKSOOJ1.RTM,False
bksooj2.rtm,C:\DBAMFG\bksooj1.rtm,BKSOOJ1.RTM,False
bksooj2.rtm,C:\DBAMFG\BKSOOJ1.RTM,BKSOOJ1.RTM,False
bksrb1.rtm,C:\DBAMFG\bksrb1.rtm,BKSRB1.RTM,True
bksrb1.rtm,C:\DBAMFG\bksrb1.rtm,BKSRB1.RTM,True
bksrb1.rtm,C:\DBAMFG\bksrb4.rtm,BKSRB4.RTM,False
bksrb1.rtm,C:\DBAMFG\bksrb4.rtm,BKSRB4.RTM,False
bksrb1.rtm,C:\DBAMFG\bksob1.RTM,BKSOB1.RTM,False
bksrb2.rtm,C:\DBAMFG\bksrb2.rtm,BKSRB2.RTM,True
bksrb2.rtm,C:\DBAMFG\bksrb2.rtm,BKSRB2.RTM,True
bksrb2.rtm,C:\DBAMFG\bksrb4.rtm,BKSRB4.RTM,False
bksrb2.rtm,C:\DBAMFG\bksrb4.rtm,BKSRB4.RTM,False
bksrb3.rtm,C:\DBAMFG\bksrb3.rtm,BKSRB3.RTM,True
bksrb3.rtm,C:\DBAMFG\bksrb3.rtm,BKSRB3.RTM,True
bksrb3.rtm,C:\SOURCE\RTM\Bksrb3.rtm,BKSRB3.RTM,True
bksrb3.rtm,C:\DBAMFG\bksrb4.rtm,BKSRB4.RTM,False
bksrb3.rtm,C:\DBAMFG\bksrb4.rtm,BKSRB4.RTM,False
bksrb3.rtm,C:\SOURCE\RTM\Bksrb3.rtm,BKSRB3.RTM,True
bksrb3.rtm,C:\SOURCE\RTM\Bksrb3.rtm,BKSRB3.RTM,True
bksrb4.rtm,C:\DBAMFG\bksrb4.rtm,BKSRB4.RTM,True
bksrb4.rtm,C:\DBAMFG\bksrb4.rtm,BKSRB4.RTM,True
bksrb4.rtm,C:\DBAMFG\bksrb4.rtm,BKSRB4.RTM,True
bksrb4.rtm,C:\DBAMFG\bksrb4.rtm,BKSRB4.RTM,True
bksrb4.rtm,C:\DBAMFG\bksrb4.rtm,BKSRB4.RTM,True
bksrb4.rtm,C:\DBAMFG\bksrb4.rtm,BKSRB4.RTM,True
bksrb4.rtm,C:\DBAMFG\bksrb4.rtm,BKSRB4.RTM,True
bksrf1.rtm,C:\ISTECH\bksrf1.rtm,BKSRF1.RTM,True
bksrf1.rtm,C:\SOURCE\RTM\Bksof1.rtm,BKSOF1.RTM,False
bksrf1.rtm,C:\DBAMFG\bksof1.RTM,BKSOF1.RTM,False
bksrf1.rtm,C:\DBAMFG\bksof1.RTM,BKSOF1.RTM,False
bksrf1.rtm,C:\DBAMFG\bksof1.RTM,BKSOF1.RTM,False
bksrf1.rtm,C:\DBAMFG\bksof1.RTM,BKSOF1.RTM,False
bksrf1.rtm,C:\DBAMFG\bksof1.RTM,BKSOF1.RTM,False
bksrf2.rtm,C:\ISTECH\bksrf2.rtm,BKSRF2.RTM,True
bksrf2.rtm,C:\SOURCE\RTM\bksof2.rtm,BKSOF2.RTM,False
bksrf2.rtm,C:\DBAMFG\bksof2.RTM,BKSOF2.RTM,False
bksrf2.rtm,C:\DBAMFG\bksof2.RTM,BKSOF2.RTM,False
bksrf2.rtm,C:\DBAMFG\bksof2.RTM,BKSOF2.RTM,False
bksrf2.rtm,C:\DBAMFG\bksof2.RTM,BKSOF2.RTM,False
bksrf3.rtm,C:\ISTECH\bksrf3.rtm,BKSRF3.RTM,True
bksrf3.rtm,C:\DBAMFG\Bksof3.RTM,BKSOF3.RTM,False
bksrf3.rtm,C:\DBAMFG\BKSOF3.RTM,BKSOF3.RTM,False
bksrf3.rtm,C:\DBAMFG\BKSOF3.RTM,BKSOF3.RTM,False
bksrf3.rtm,C:\DBAMFG\BKSOF3.RTM,BKSOF3.RTM,False
bksrf3.rtm,C:\DBAMFG\BKSOF3.RTM,BKSOF3.RTM,False
bksrf3.rtm,C:\DBAMFG\BKSOF3.RTM,BKSOF3.RTM,False
bksrf4.rtm,C:\ISTECH\bksrf4.rtm,BKSRF4.RTM,True
bksrf4.rtm,C:\SOURCE\RTM\bksof4.rtm,BKSOF4.RTM,False
bksrf4.rtm,C:\DBAMFG\BKSOF4.RTM,BKSOF4.RTM,False
bksrf4.rtm,C:\DBAMFG\BKSOF4.RTM,BKSOF4.RTM,False
bksrf4.rtm,C:\DBAMFG\BKSOF4.RTM,BKSOF4.RTM,False
bksrf4.rtm,C:\DBAMFG\BKSOF4.RTM,BKSOF4.RTM,False
bksrf4.rtm,C:\DBAMFG\BKSOF4.RTM,BKSOF4.RTM,False
bksrf6.rtm,C:\DBAMFG\bksof6.RTM,BKSOF6.RTM,False
bksrf6.rtm,C:\DBAMFG\bksof6.RTM,BKSOF6.RTM,False
bksrf6.rtm,C:\DBAMFG\bksof6.RTM,BKSOF6.RTM,False
bksrf6.rtm,C:\DBAMFG\bksof6.RTM,BKSOF6.RTM,False
bksrf6.rtm,C:\DBAMFG\bksof6.RTM,BKSOF6.RTM,False
bksrf6.rtm,C:\DBAMFG\bksof6.RTM,BKSOF6.RTM,False
bksrf6.rtm,C:\DBAMFG\bksof6.RTM,BKSOF6.RTM,False
bksrf7.rtm,C:\DBAMFG\bksof7.RTM,BKSOF7.RTM,False
bksrf7.rtm,C:\DBAMFG\bksof7.RTM,BKSOF7.RTM,False
bksrf7.rtm,C:\DBAMFG\bksof7.RTM,BKSOF7.RTM,False
bksrf7.rtm,C:\DBAMFG\bksof7.RTM,BKSOF7.RTM,False
bksrf7.rtm,C:\DBAMFG\bksof7.RTM,BKSOF7.RTM,False
bksrf7.rtm,C:\DBAMFG\bksof7.RTM,BKSOF7.RTM,False
bksrf7.rtm,C:\DBAMFG\bksof7.RTM,BKSOF7.RTM,False
bkwoc3.rtm,C:\DBAMFG\bkwoc3.RTM,BKWOC3.RTM,True
bkwoc3.rtm,C:\DBAMFG\BKwoc1.RTM,BKWOC1.RTM,False
bkwoc3.rtm,C:\DBAMFG\BKwoc1.RTM,BKWOC1.RTM,False
bkwoc3.rtm,C:\DBAMFG\BKwoc1.RTM,BKWOC1.RTM,False
bkwoc3.rtm,C:\SOURCE\RTM\BKwoc1.rtm,BKWOC1.RTM,False
bkwoc3.rtm,C:\SOURCE\RTM\BKwoc1.rtm,BKWOC1.RTM,False
bkwoc3.rtm,C:\DBAMFG\BKWOC1.RTM,BKWOC1.RTM,False
bkwoc3.rtm,C:\DBAMFG\bkwoc3.RTM,BKWOC3.RTM,True
bkwoc3.rtm,C:\DBAMFG\BKWOC1.RTM,BKWOC1.RTM,False
bkwoc3.rtm,C:\DBAMFG\BKWOC1.RTM,BKWOC1.RTM,False
bkwoc4.RTM,C:\DBAMFG\bkwoc4.RTM,BKWOC4.RTM,True
bkwoc4.RTM,C:\DBAMFG\BKwoc2.RTM,BKWOC2.RTM,False
bkwoc4.RTM,C:\DBAMFG\BKwoc2.RTM,BKWOC2.RTM,False
bkwoc4.RTM,C:\DBAMFG\BKwoc2.RTM,BKWOC2.RTM,False
bkwoc4.RTM,C:\DBAMFG\BKwoc2.RTM,BKWOC2.RTM,False
bkwoc4.RTM,C:\DBAMFG\BKwoc2.RTM,BKWOC2.RTM,False
bkwoc4.RTM,C:\DBAMFG\BKWOC2.RTM,BKWOC2.RTM,False
bkwoc4.RTM,C:\DBAMFG\bkwoc4.RTM,BKWOC4.RTM,True
bkwoc4.RTM,C:\DBAMFG\BKAWC2.RTM,BKAWC2.RTM,False
bkwoc4.RTM,C:\DBAMFG\BKAWC2.RTM,BKAWC2.RTM,False
bkwolj1.rtm,C:\DBAMFG\bkwolj1.rtm,BKWOLJ1.RTM,True
bkwolj1.rtm,C:\DBAMFG\bkwolj1.rtm,BKWOLJ1.RTM,True
bkwolj1.rtm,C:\DBAMFG\bkwolj1.rtm,BKWOLJ1.RTM,True
cashin.rtm,P:\cashin.rtm,CASHIN.RTM,True
cashin.rtm,C:\DBAMFG\bksam1.rtm,BKSAM1.RTM,False
cenwoc1.rtm,C:\DBAMFG\cenwoc1.rtm,CENWOC1.RTM,True
cenwoc1.rtm,C:\DBAMFG\BKwoc1.RTM,BKWOC1.RTM,False
cenwoc1.rtm,C:\DBAMFG\BKwoc1.RTM,BKWOC1.RTM,False
cenwoc1.rtm,C:\DBAMFG\BKwoc1.RTM,BKWOC1.RTM,False
cenwoc1.rtm,C:\SOURCE\RTM\BKwoc1.rtm,BKWOC1.RTM,False
cenwoc1.rtm,C:\SOURCE\RTM\BKwoc1.rtm,BKWOC1.RTM,False
cenwoc1.rtm,C:\DBAMFG\BKWOC1.RTM,BKWOC1.RTM,False
cenwoc1.rtm,C:\DBAMFG\bkwoc1.rtm,BKWOC1.RTM,False
cenwoc1.rtm,C:\DBAMFG\BKWOC1.RTM,BKWOC1.RTM,False
cenwoc1.rtm,C:\DBAMFG\BKWOC1.RTM,BKWOC1.RTM,False
ct6woc1.rtm,F:\DBAMFG\t6woc1.rtm,T6WOC1.RTM,False
ct6woc1.rtm,C:\DBAMFG\BKwoc1.RTM,BKWOC1.RTM,False
ct6woc1.rtm,C:\DBAMFG\BKwoc1.RTM,BKWOC1.RTM,False
ct6woc1.rtm,C:\DBAMFG\BKwoc1.RTM,BKWOC1.RTM,False
ct6woc1.rtm,C:\SOURCE\RTM\BKwoc1.rtm,BKWOC1.RTM,False
ct6woc1.rtm,C:\SOURCE\RTM\BKwoc1.rtm,BKWOC1.RTM,False
ct6woc1.rtm,C:\DBAMFG\BKWOC1.RTM,BKWOC1.RTM,False
ct6woc1.rtm,C:\DBAMFG\bkwoc1.rtm,BKWOC1.RTM,False
ct6woc1.rtm,C:\DBAMFG\BKWOC1.RTM,BKWOC1.RTM,False
ct6woc1.rtm,C:\DBAMFG\BKWOC1.RTM,BKWOC1.RTM,False
enARE1.RTM,C:\ISTECH\t6are1.RTM,T6ARE1.RTM,False
enARE1.RTM,C:\DBAMFG\bkare1.RTM,BKARE1.RTM,False
enARE1.RTM,C:\DBAMFG\bkare1.RTM,BKARE1.RTM,False
enESB1.RTM,C:\TASPRO7\DBA7\enESB1.RTM,ENESB1.RTM,True
enESB1.RTM,C:\SOURCE\RTM\Bksob4.rtm,BKSOB4.RTM,False
enESD1.RTM,C:\ISTECH\t6ESD1.RTM,T6ESD1.RTM,False
enESD1.RTM,C:\DBAMFG\bkesd1.RTM,BKESD1.RTM,False
enESD1.RTM,C:\DBAMFG\bkesd1.RTM,BKESD1.RTM,False
enESD2.rtm,D:\rtm\t6esd2.rtm,T6ESD2.RTM,False
enESD2.rtm,C:\DBAMFG\bkesd2.RTM,BKESD2.RTM,False
enESD2.rtm,C:\DBAMFG\bkesd2.RTM,BKESD2.RTM,False
enESD2M.rtm,C:\ISTECH\enESD2M.RTM,ENESD2M.RTM,True
enESD2M.rtm,C:\DBAMFG\bkesd2.RTM,BKESD2.RTM,False
enESD2M.rtm,C:\DBAMFG\bkesd2.RTM,BKESD2.RTM,False
enESD3.rtm,D:\rtm\t6esd3.rtm,T6ESD3.RTM,False
enESD3.rtm,C:\DBAMFG\bkesd3.RTM,BKESD3.RTM,False
enESD3.rtm,C:\DBAMFG\bkesd3.RTM,BKESD3.RTM,False
enESD4.rtm,D:\rtm\t6esd4.rtm,T6ESD4.RTM,False
enESD4.rtm,C:\DBAMFG\bkesd4.RTM,BKESD4.RTM,False
enESD4.rtm,C:\DBAMFG\bkesd2.RTM,BKESD2.RTM,False
enPOB1.rtm,C:\DBAMFG\enPOB1.rtm,ENPOB1.RTM,True
enPOB1.rtm,C:\SOURCE\RTM\Bkpob1.rtm,BKPOB1.RTM,False
enPOB1.rtm,C:\SOURCE\RTM\Bkpob1.rtm,BKPOB1.RTM,False
enPOB1.rtm,C:\SOURCE\RTM\Bkpob1.rtm,BKPOB1.RTM,False
enPOB1.rtm,C:\DBAMFG\bkpob1.RTM,BKPOB1.RTM,False
enPOB1L.rtm,Z:\EVOERP\enPOB1L.RTM,ENPOB1L.RTM,True
enPOB1L.rtm,C:\SOURCE\RTM\Bkpob1.rtm,BKPOB1.RTM,False
enPOB1L.rtm,C:\SOURCE\RTM\Bkpob1.rtm,BKPOB1.RTM,False
enPOB1L.rtm,C:\SOURCE\RTM\Bkpob1.rtm,BKPOB1.RTM,False
enPOB1L.rtm,C:\DBAMFG\bkpob1.RTM,BKPOB1.RTM,False
enPOB2.rtm,C:\DBAMFG\enPOB2.rtm,ENPOB2.RTM,True
enPOB2.rtm,C:\SOURCE\RTM\Bkpob2.rtm,BKPOB2.RTM,False
enPOB2.rtm,C:\DBAMFG\bkpob2.rtm,BKPOB2.RTM,False
enPOB2.rtm,C:\DBAMFG\bkpob2.rtm,BKPOB2.RTM,False
enPOB2.rtm,C:\DBAMFG\bkpob2.rtm,BKPOB2.RTM,False
enPOB3.rtm,T:\enPOB3.rtm,ENPOB3.RTM,True
enPOB3.rtm,T:\I2SPO1.RTM,I2SPO1.RTM,False
enPOB3.rtm,T:\I2SPO1.RTM,I2SPO1.RTM,False
enPOB3.rtm,T:\I2SPO1.RTM,I2SPO1.RTM,False
enPOB3.rtm,C:\DBAMFG\bkpob4.rtm,BKPOB4.RTM,False
enPOB3B.RTM,\\I2s109-solidcrm\dbamfg$\enPOB3B.RTM,ENPOB3B.RTM,True
enPOB3B.RTM,T:\I2SPO1.RTM,I2SPO1.RTM,False
enPOB3B.RTM,T:\I2SPO1.RTM,I2SPO1.RTM,False
enPOB3B.RTM,T:\I2SPO1.RTM,I2SPO1.RTM,False
enPOB3B.RTM,C:\DBAMFG\bkpob4.rtm,BKPOB4.RTM,False
enPOB4.rtm,C:\TASPRO7\DBA7\enPOB4.rtm,ENPOB4.RTM,True
enPOB4.rtm,C:\SOURCE\RTM\Bkpob4.rtm,BKPOB4.RTM,False
enPOB4.rtm,C:\DBAMFG\bkpob4.rtm,BKPOB4.RTM,False
enPOB4.rtm,C:\DBAMFG\bkpob4.rtm,BKPOB4.RTM,False
enPOB4.rtm,C:\DBAMFG\bkpob4.rtm,BKPOB4.RTM,False
enPOB4B.RTM,\\I2s109-solidcrm\dbamfg$\enPOB4B.RTM,ENPOB4B.RTM,True
enPOB4B.RTM,T:\I2SPO1.RTM,I2SPO1.RTM,False
enPOB4B.RTM,T:\I2SPO1.RTM,I2SPO1.RTM,False
enPOB4B.RTM,T:\I2SPO1.RTM,I2SPO1.RTM,False
enPOB4B.RTM,C:\DBAMFG\bkpob4.rtm,BKPOB4.RTM,False
enPOB4R.rtm,C:\Users\Bob\Desktop\RTMs3\T6POB4R.rtm,T6POB4R.RTM,False
enPOB4R.rtm,C:\SOURCE\RTM\Bkpob4.rtm,BKPOB4.RTM,False
enPOB4R.rtm,C:\DBAMFG\bkpob4.rtm,BKPOB4.RTM,False
enPOB4R.rtm,C:\DBAMFG\bkpob4.rtm,BKPOB4.RTM,False
enPOB4R.rtm,C:\DBAMFG\bkpob4.rtm,BKPOB4.RTM,False
enPOB4v.rtm,C:\DBAMFG\enPOB4.rtm,ENPOB4.RTM,False
enPOB4v.rtm,C:\SOURCE\RTM\Bkpob4.rtm,BKPOB4.RTM,False
enPOB4v.rtm,C:\DBAMFG\bkpob4.rtm,BKPOB4.RTM,False
enPOB4v.rtm,C:\DBAMFG\bkpob4.rtm,BKPOB4.RTM,False
enPOB4v.rtm,C:\DBAMFG\bkpob4.rtm,BKPOB4.RTM,False
enPOE1.RTM,T:\enPOE1.RTM,ENPOE1.RTM,True
enPOE1.RTM,C:\DBAMFG\bkpoe2.RTM,BKPOE2.RTM,False
enPOE1.RTM,C:\DBAMFG\bkpoe2.RTM,BKPOE2.RTM,False
enPOE1.RTM,C:\DBAMFG\bkpoe2.RTM,BKPOE2.RTM,False
enPOE2.RTM,T:\enPOE2.RTM,ENPOE2.RTM,True
enPOE2.RTM,C:\DBAMFG\bkpoe2.RTM,BKPOE2.RTM,False
enPOE2.RTM,C:\DBAMFG\bkpoe2.RTM,BKPOE2.RTM,False
enPOE2.RTM,C:\DBAMFG\bkpoe2.RTM,BKPOE2.RTM,False
enPOE2R.rtm,C:\EvoERP8\enPOE2R.RTM,ENPOE2R.RTM,True
enPOE2R.rtm,C:\DBAMFG\bkpoe2.RTM,BKPOE2.RTM,False
enPOE2R.rtm,C:\DBAMFG\bkpoe2.RTM,BKPOE2.RTM,False
enPOE2R.rtm,C:\DBAMFG\bkpoe2.RTM,BKPOE2.RTM,False
enPOE2v.rtm,D:\EVOERP\enPOE2v.rtm,ENPOE2V.RTM,True
enPOE2v.rtm,C:\DBAMFG\bkpoe2.RTM,BKPOE2.RTM,False
enPOE2v.rtm,C:\DBAMFG\bkpoe2.RTM,BKPOE2.RTM,False
enPOE2v.rtm,C:\DBAMFG\bkpoe2.RTM,BKPOE2.RTM,False
enPOE5.RTM,T:\enPOE5.RTM,ENPOE5.RTM,True
enPOE5.RTM,C:\DBAMFG\bkpoe2.RTM,BKPOE2.RTM,False
enPOE5.RTM,C:\DBAMFG\bkpoe2.RTM,BKPOE2.RTM,False
enPOE5.RTM,C:\DBAMFG\bkpoe2.RTM,BKPOE2.RTM,False
enSOB1.RTM,C:\TASPRO7\DBA7\ENSOB1.RTM,ENSOB1.RTM,True
enSOB1.RTM,C:\SOURCE\RTM\Bksob1.rtm,BKSOB1.RTM,False
enSOB1.RTM,C:\DBAMFG\bksob1.RTM,BKSOB1.RTM,False
enSOB2.rtm,C:\TASPRO7\DBA7\enSOB2.rtm,ENSOB2.RTM,True
enSOB2.rtm,C:\SOURCE\RTM\Bksob2.rtm,BKSOB2.RTM,False
enSOB3.rtm,T:\enSOB3.rtm,ENSOB3.RTM,True
enSOB3.rtm,C:\SOURCE\RTM\Bksob4.rtm,BKSOB4.RTM,False
enSOB3B.RTM,\\I2s109-solidcrm\dbamfg$\enSOB3B.RTM,ENSOB3B.RTM,True
enSOB3B.RTM,C:\SOURCE\RTM\Bksob4.rtm,BKSOB4.RTM,False
enSOB4.rtm,C:\TASPRO7\DBA7\enSOB4.rtm,ENSOB4.RTM,True
enSOB4.rtm,C:\SOURCE\RTM\Bksob4.rtm,BKSOB4.RTM,False
enSOB4M.rtm,F:\DBAMFG\enSOB4m.RTM,ENSOB4M.RTM,True
enSOB4M.rtm,C:\SOURCE\RTM\Bksob4.rtm,BKSOB4.RTM,False
enSOB4a.rtm,P:\ensob4A.RTM,ENSOB4A.RTM,True
enSOB4a.rtm,C:\SOURCE\RTM\Bksob4.rtm,BKSOB4.RTM,False
enSOF1.RTM,C:\TASPRO7\DBA7\ENSOF1.RTM,ENSOF1.RTM,True
enSOF1.RTM,C:\SOURCE\RTM\Bksof1.rtm,BKSOF1.RTM,False
enSOF1.RTM,C:\DBAMFG\bksof1.RTM,BKSOF1.RTM,False
enSOF1.RTM,C:\DBAMFG\bksof1.RTM,BKSOF1.RTM,False
enSOF1.RTM,C:\DBAMFG\bksof1.RTM,BKSOF1.RTM,False
enSOF1.RTM,C:\DBAMFG\bksof1.RTM,BKSOF1.RTM,False
enSOF1.RTM,C:\DBAMFG\bksof1.RTM,BKSOF1.RTM,False
enSOF1A.rtm,D:\EVOERP\enSOF1A.RTM,ENSOF1A.RTM,True
enSOF1A.rtm,C:\SOURCE\RTM\bksof4.rtm,BKSOF4.RTM,False
enSOF1A.rtm,C:\DBAMFG\BKSOF4.RTM,BKSOF4.RTM,False
enSOF1A.rtm,C:\DBAMFG\BKSOF4.RTM,BKSOF4.RTM,False
enSOF1A.rtm,C:\DBAMFG\BKSOF4.RTM,BKSOF4.RTM,False
enSOF1A.rtm,C:\DBAMFG\BKSOF4.RTM,BKSOF4.RTM,False
enSOF1A.rtm,C:\DBAMFG\BKSOF4.RTM,BKSOF4.RTM,False
enSOF1M.rtm,D:\evoerp\ensof1m.RTM,ENSOF1M.RTM,True
enSOF1M.rtm,C:\SOURCE\RTM\bksof4.rtm,BKSOF4.RTM,False
enSOF1M.rtm,C:\DBAMFG\BKSOF4.RTM,BKSOF4.RTM,False
enSOF1M.rtm,C:\DBAMFG\BKSOF4.RTM,BKSOF4.RTM,False
enSOF1M.rtm,C:\DBAMFG\BKSOF4.RTM,BKSOF4.RTM,False
enSOF1M.rtm,C:\DBAMFG\BKSOF4.RTM,BKSOF4.RTM,False
enSOF1M.rtm,C:\DBAMFG\BKSOF4.RTM,BKSOF4.RTM,False
enSOF1b.rtm,D:\EVOERP\enSOF1b.RTM,ENSOF1B.RTM,True
enSOF1b.rtm,C:\SOURCE\RTM\bksof4.rtm,BKSOF4.RTM,False
enSOF1b.rtm,C:\DBAMFG\BKSOF4.RTM,BKSOF4.RTM,False
enSOF1b.rtm,C:\DBAMFG\BKSOF4.RTM,BKSOF4.RTM,False
enSOF1b.rtm,C:\DBAMFG\BKSOF4.RTM,BKSOF4.RTM,False
enSOF1b.rtm,C:\DBAMFG\BKSOF4.RTM,BKSOF4.RTM,False
enSOF1b.rtm,C:\DBAMFG\BKSOF4.RTM,BKSOF4.RTM,False
enSOF1e.rtm,D:\EVOERP\enSOF3.rtm,ENSOF3.RTM,False
enSOF1e.rtm,C:\SOURCE\RTM\Bksof3.rtm,BKSOF3.RTM,False
enSOF1e.rtm,C:\DBAMFG\bksof3.RTM,BKSOF3.RTM,False
enSOF1e.rtm,C:\DBAMFG\bksof3.RTM,BKSOF3.RTM,False
enSOF1e.rtm,C:\DBAMFG\bksof3.RTM,BKSOF3.RTM,False
enSOF1e.rtm,C:\DBAMFG\bksof3.RTM,BKSOF3.RTM,False
enSOF1e.rtm,C:\DBAMFG\bksof3.RTM,BKSOF3.RTM,False
enSOF1g.rtm,D:\EVOERP\enSOF1g.RTM,ENSOF1G.RTM,True
enSOF1g.rtm,C:\SOURCE\RTM\bksof4.rtm,BKSOF4.RTM,False
enSOF1g.rtm,C:\DBAMFG\BKSOF4.RTM,BKSOF4.RTM,False
enSOF1g.rtm,C:\DBAMFG\BKSOF4.RTM,BKSOF4.RTM,False
enSOF1g.rtm,C:\DBAMFG\BKSOF4.RTM,BKSOF4.RTM,False
enSOF1g.rtm,C:\DBAMFG\BKSOF4.RTM,BKSOF4.RTM,False
enSOF1g.rtm,C:\DBAMFG\BKSOF4.RTM,BKSOF4.RTM,False
enSOF1j.rtm,D:\EVOERP\enSOF1j.RTM,ENSOF1J.RTM,True
enSOF1j.rtm,C:\SOURCE\RTM\bksof4.rtm,BKSOF4.RTM,False
enSOF1j.rtm,C:\DBAMFG\BKSOF4.RTM,BKSOF4.RTM,False
enSOF1j.rtm,C:\DBAMFG\BKSOF4.RTM,BKSOF4.RTM,False
enSOF1j.rtm,C:\DBAMFG\BKSOF4.RTM,BKSOF4.RTM,False
enSOF1j.rtm,C:\DBAMFG\BKSOF4.RTM,BKSOF4.RTM,False
enSOF1j.rtm,C:\DBAMFG\BKSOF4.RTM,BKSOF4.RTM,False
enSOF1p.rtm,D:\EVOERP\enSOF1p.RTM,ENSOF1P.RTM,True
enSOF1p.rtm,C:\SOURCE\RTM\bksof4.rtm,BKSOF4.RTM,False
enSOF1p.rtm,C:\DBAMFG\BKSOF4.RTM,BKSOF4.RTM,False
enSOF1p.rtm,C:\DBAMFG\BKSOF4.RTM,BKSOF4.RTM,False
enSOF1p.rtm,C:\DBAMFG\BKSOF4.RTM,BKSOF4.RTM,False
enSOF1p.rtm,C:\DBAMFG\BKSOF4.RTM,BKSOF4.RTM,False
enSOF1p.rtm,C:\DBAMFG\BKSOF4.RTM,BKSOF4.RTM,False
enSOF1q.rtm,D:\EVOERP\enSOF1q.RTM,ENSOF1Q.RTM,True
enSOF1q.rtm,C:\SOURCE\RTM\bksof4.rtm,BKSOF4.RTM,False
enSOF1q.rtm,C:\DBAMFG\BKSOF4.RTM,BKSOF4.RTM,False
enSOF1q.rtm,C:\DBAMFG\BKSOF4.RTM,BKSOF4.RTM,False
enSOF1q.rtm,C:\DBAMFG\BKSOF4.RTM,BKSOF4.RTM,False
enSOF1q.rtm,C:\DBAMFG\BKSOF4.RTM,BKSOF4.RTM,False
enSOF1q.rtm,C:\DBAMFG\BKSOF4.RTM,BKSOF4.RTM,False
enSOF2.rtm,C:\TASPRO7\DBA7\enSOF2.rtm,ENSOF2.RTM,True
enSOF2.rtm,C:\SOURCE\RTM\bksof2.rtm,BKSOF2.RTM,False
enSOF2.rtm,C:\DBAMFG\bksof2.RTM,BKSOF2.RTM,False
enSOF2.rtm,C:\DBAMFG\bksof2.RTM,BKSOF2.RTM,False
enSOF2.rtm,C:\DBAMFG\bksof2.RTM,BKSOF2.RTM,False
enSOF2.rtm,C:\DBAMFG\bksof2.RTM,BKSOF2.RTM,False
enSOF3.rtm,T:\enSOF3.rtm,ENSOF3.RTM,True
enSOF3.rtm,C:\SOURCE\RTM\bksof4.rtm,BKSOF4.RTM,False
enSOF3.rtm,C:\DBAMFG\BKSOF4.RTM,BKSOF4.RTM,False
enSOF3.rtm,C:\DBAMFG\BKSOF4.RTM,BKSOF4.RTM,False
enSOF3.rtm,C:\DBAMFG\BKSOF4.RTM,BKSOF4.RTM,False
enSOF3.rtm,C:\DBAMFG\BKSOF4.RTM,BKSOF4.RTM,False
enSOF3.rtm,C:\DBAMFG\BKSOF4.RTM,BKSOF4.RTM,False
enSOF3B.RTM,\\I2s109-solidcrm\dbamfg$\enSOF3B.RTM,ENSOF3B.RTM,True
enSOF3B.RTM,C:\SOURCE\RTM\bksof4.rtm,BKSOF4.RTM,False
enSOF3B.RTM,C:\DBAMFG\BKSOF4.RTM,BKSOF4.RTM,False
enSOF3B.RTM,C:\DBAMFG\BKSOF4.RTM,BKSOF4.RTM,False
enSOF3B.RTM,C:\DBAMFG\BKSOF4.RTM,BKSOF4.RTM,False
enSOF3B.RTM,C:\DBAMFG\BKSOF4.RTM,BKSOF4.RTM,False
enSOF3B.RTM,C:\DBAMFG\BKSOF4.RTM,BKSOF4.RTM,False
enSOF3q.rtm,D:\EVOERP\enSOF3q.RTM,ENSOF3Q.RTM,True
enSOF3q.rtm,C:\SOURCE\RTM\Bksof3.rtm,BKSOF3.RTM,False
enSOF3q.rtm,C:\DBAMFG\bksof3.RTM,BKSOF3.RTM,False
enSOF3q.rtm,C:\DBAMFG\bksof3.RTM,BKSOF3.RTM,False
enSOF3q.rtm,C:\DBAMFG\bksof3.RTM,BKSOF3.RTM,False
enSOF3q.rtm,C:\DBAMFG\bksof3.RTM,BKSOF3.RTM,False
enSOF3q.rtm,C:\DBAMFG\bksof3.RTM,BKSOF3.RTM,False
enSOF4.rtm,C:\TASPRO7\DBA7\enSOF4.rtm,ENSOF4.RTM,True
enSOF4.rtm,C:\SOURCE\RTM\bksof4.rtm,BKSOF4.RTM,False
enSOF4.rtm,C:\DBAMFG\BKSOF4.RTM,BKSOF4.RTM,False
enSOF4.rtm,C:\DBAMFG\BKSOF4.RTM,BKSOF4.RTM,False
enSOF4.rtm,C:\DBAMFG\BKSOF4.RTM,BKSOF4.RTM,False
enSOF4.rtm,C:\DBAMFG\BKSOF4.RTM,BKSOF4.RTM,False
enSOF4.rtm,C:\DBAMFG\BKSOF4.RTM,BKSOF4.RTM,False
enSOF4B.RTM,\\I2s109-solidcrm\dbamfg$\enSOF4B.RTM,ENSOF4B.RTM,True
enSOF4B.RTM,C:\SOURCE\RTM\bksof4.rtm,BKSOF4.RTM,False
enSOF4B.RTM,C:\DBAMFG\BKSOF4.RTM,BKSOF4.RTM,False
enSOF4B.RTM,C:\DBAMFG\BKSOF4.RTM,BKSOF4.RTM,False
enSOF4B.RTM,C:\DBAMFG\BKSOF4.RTM,BKSOF4.RTM,False
enSOF4B.RTM,C:\DBAMFG\BKSOF4.RTM,BKSOF4.RTM,False
enSOF4B.RTM,C:\DBAMFG\BKSOF4.RTM,BKSOF4.RTM,False
enSOF4M.rtm,C:\Users\Bob\Desktop\RTM's\enSOF4m.rtm,ENSOF4M.RTM,True
enSOF4M.rtm,C:\SOURCE\RTM\bksof4.rtm,BKSOF4.RTM,False
enSOF4M.rtm,C:\DBAMFG\BKSOF4.RTM,BKSOF4.RTM,False
enSOF4M.rtm,C:\DBAMFG\BKSOF4.RTM,BKSOF4.RTM,False
enSOF4M.rtm,C:\DBAMFG\BKSOF4.RTM,BKSOF4.RTM,False
enSOF4M.rtm,C:\DBAMFG\BKSOF4.RTM,BKSOF4.RTM,False
enSOF4M.rtm,C:\DBAMFG\BKSOF4.RTM,BKSOF4.RTM,False
enSOF4r.rtm,R:\enSOF4.rtm,ENSOF4.RTM,False
enSOF4r.rtm,C:\DBAMFG\BKSOF4.RTM,BKSOF4.RTM,False
enSOF4r.rtm,C:\SOURCE\RTM\bksof4.rtm,BKSOF4.RTM,False
enSOF4r.rtm,C:\DBAMFG\BKSOF4.RTM,BKSOF4.RTM,False
enSOF4r.rtm,C:\DBAMFG\BKSOF4.RTM,BKSOF4.RTM,False
enSOF4r.rtm,C:\DBAMFG\BKSOF4.RTM,BKSOF4.RTM,False
enSOF4r.rtm,C:\DBAMFG\BKSOF4.RTM,BKSOF4.RTM,False
enSOF4r1.rtm,D:\EVOERP\enSOF4r1.RTM,ENSOF4R1.RTM,True
enSOF4r1.rtm,C:\SOURCE\RTM\bksof4.rtm,BKSOF4.RTM,False
enSOF4r1.rtm,C:\DBAMFG\BKSOF4.RTM,BKSOF4.RTM,False
enSOF4r1.rtm,C:\DBAMFG\BKSOF4.RTM,BKSOF4.RTM,False
enSOF4r1.rtm,C:\DBAMFG\BKSOF4.RTM,BKSOF4.RTM,False
enSOF4r1.rtm,C:\DBAMFG\BKSOF4.RTM,BKSOF4.RTM,False
enSOF4r1.rtm,C:\DBAMFG\BKSOF4.RTM,BKSOF4.RTM,False
enSOF4u.rtm,C:\DBAMFG\enSOF4.RTM,ENSOF4.RTM,False
enSOF4u.rtm,C:\SOURCE\RTM\Bksof3.rtm,BKSOF3.RTM,False
enSOF4u.rtm,C:\DBAMFG\bksof3.RTM,BKSOF3.RTM,False
enSOF4u.rtm,C:\DBAMFG\bksof3.RTM,BKSOF3.RTM,False
enSOF4u.rtm,C:\DBAMFG\bksof3.RTM,BKSOF3.RTM,False
enSOF4u.rtm,C:\DBAMFG\bksof3.RTM,BKSOF3.RTM,False
enSOF4u.rtm,C:\DBAMFG\bksof3.RTM,BKSOF3.RTM,False
enSOPB1.RTM,C:\TASPRO7\DBA7\enSOPB1.RTM,ENSOPB1.RTM,True
enSOPB1.RTM,C:\DBAMFG\bksopb1.RTM,BKSOPB1.RTM,False
enSOPB1.RTM,C:\DBAMFG\bksopb1.RTM,BKSOPB1.RTM,False
enSOPB1.RTM,C:\DBAMFG\bksopb1.RTM,BKSOPB1.RTM,False
enSOPB1.RTM,C:\DBAMFG\bksopb1.RTM,BKSOPB1.RTM,False
enSOPB2.rtm,C:\TASPRO7\DBA7\enSOPB2.rtm,ENSOPB2.RTM,True
enSOPB2.rtm,C:\DBAMFG\bksopb2.RTM,BKSOPB2.RTM,False
enSOPB3.rtm,T:\enSOPB3.rtm,ENSOPB3.RTM,True
enSOPB3.rtm,C:\DBAMFG\BKSOPB4.RTM,BKSOPB4.RTM,False
enSOPB3.rtm,C:\DBAMFG\BKSOPB4.RTM,BKSOPB4.RTM,False
enSOPB3.rtm,C:\DBAMFG\BKSOPB4.RTM,BKSOPB4.RTM,False
enSOPB3.rtm,C:\DBAMFG\BKSOPB4.RTM,BKSOPB4.RTM,False
enSOPB3B.RTM,\\I2s109-solidcrm\dbamfg$\enSOPB3B.RTM,ENSOPB3B.RTM,True
enSOPB3B.RTM,C:\DBAMFG\BKSOPB4.RTM,BKSOPB4.RTM,False
enSOPB3B.RTM,C:\DBAMFG\BKSOPB4.RTM,BKSOPB4.RTM,False
enSOPB3B.RTM,C:\DBAMFG\BKSOPB4.RTM,BKSOPB4.RTM,False
enSOPB3B.RTM,C:\DBAMFG\BKSOPB4.RTM,BKSOPB4.RTM,False
enSOPB3C.RTM,\\I2s109-solidcrm\dbamfg$\enSOPB3C.RTM,ENSOPB3C.RTM,True
enSOPB3C.RTM,C:\DBAMFG\BKSOPB4.RTM,BKSOPB4.RTM,False
enSOPB3C.RTM,C:\DBAMFG\BKSOPB4.RTM,BKSOPB4.RTM,False
enSOPB3C.RTM,C:\DBAMFG\BKSOPB4.RTM,BKSOPB4.RTM,False
enSOPB3C.RTM,C:\DBAMFG\BKSOPB4.RTM,BKSOPB4.RTM,False
enSOPB3F.rtm,D:\EVOERP\enSOPB3F.RTM,ENSOPB3F.RTM,True
enSOPB3F.rtm,C:\DBAMFG\bksopb4.RTM,BKSOPB4.RTM,False
enSOPB3d.rtm,D:\EVOERP\enSOPB3d.RTM,ENSOPB3D.RTM,True
enSOPB3d.rtm,C:\DBAMFG\bksopb4.RTM,BKSOPB4.RTM,False
enSOPB3n.rtm,D:\EVOERP\enSOPB3n.RTM,ENSOPB3N.RTM,True
enSOPB3n.rtm,C:\DBAMFG\bksopb4.RTM,BKSOPB4.RTM,False
enSOPB3q.rtm,D:\evoerp\enSOPB3q.RTM,ENSOPB3Q.RTM,True
enSOPB3q.rtm,C:\DBAMFG\bksopb4.RTM,BKSOPB4.RTM,False
enSOPB4.rtm,C:\TASPRO7\DBA7\enSOPB4.rtm,ENSOPB4.RTM,True
enSOPB4.rtm,C:\DBAMFG\bksopb4.RTM,BKSOPB4.RTM,False
enSOPB4B.RTM,\\I2s109-solidcrm\dbamfg$\enSOPB4B.RTM,ENSOPB4B.RTM,True
enSOPB4B.RTM,C:\DBAMFG\BKSOPB4.RTM,BKSOPB4.RTM,False
enSOPB4B.RTM,C:\DBAMFG\BKSOPB4.RTM,BKSOPB4.RTM,False
enSOPB4B.RTM,C:\DBAMFG\BKSOPB4.RTM,BKSOPB4.RTM,False
enSOPB4B.RTM,C:\DBAMFG\BKSOPB4.RTM,BKSOPB4.RTM,False
enSOPB4C.RTM,\\I2s109-solidcrm\dbamfg$\enSOPB4C.RTM,ENSOPB4C.RTM,True
enSOPB4C.RTM,C:\DBAMFG\BKSOPB4.RTM,BKSOPB4.RTM,False
enSOPB4C.RTM,C:\DBAMFG\BKSOPB4.RTM,BKSOPB4.RTM,False
enSOPB4C.RTM,C:\DBAMFG\BKSOPB4.RTM,BKSOPB4.RTM,False
enSOPB4C.RTM,C:\DBAMFG\BKSOPB4.RTM,BKSOPB4.RTM,False
enSOPB4m.rtm,C:\Share\dbamfg\enSOPB4.rtm,ENSOPB4.RTM,False
enSOPB4m.rtm,C:\DBAMFG\bksopb4.RTM,BKSOPB4.RTM,False
enare2.RTM,C:\Documents and Settings\Bob\Desktop\enare2.RTM,ENARE2.RTM,True
enare2.RTM,C:\DBAMFG\bkare1.RTM,BKARE1.RTM,False
enare2.RTM,C:\DBAMFG\bkare1.RTM,BKARE1.RTM,False
enare2a.rtm,D:\evoerp\enare2a.rtm,ENARE2A.RTM,True
enare2a.rtm,C:\DBAMFG\bkare1.RTM,BKARE1.RTM,False
enare2a.rtm,C:\DBAMFG\bkare1.RTM,BKARE1.RTM,False
enare3.RTM,C:\Documents and Settings\Bob\Desktop\enare3.RTM,ENARE3.RTM,True
enare3.RTM,C:\DBAMFG\bkare1.RTM,BKARE1.RTM,False
enare3.RTM,C:\DBAMFG\bkare1.RTM,BKARE1.RTM,False
enare4.RTM,C:\ISTECH\t6are4.RTM,T6ARE4.RTM,False
enare4.RTM,C:\ISTECH\Bkare4.rtm,BKARE4.RTM,False
enare4.RTM,C:\ISTECH\Bkare4.rtm,BKARE4.RTM,False
enare4.RTM,C:\ISTECH\Bkare4.rtm,BKARE4.RTM,False
enare4e.rtm,D:\EVOERP\enare4e.RTM,ENARE4E.RTM,True
enare4e.rtm,C:\ISTECH\Bkare4.rtm,BKARE4.RTM,False
enare4e.rtm,C:\ISTECH\Bkare4.rtm,BKARE4.RTM,False
enare4e.rtm,C:\ISTECH\Bkare4.rtm,BKARE4.RTM,False
enare4ep.rtm,D:\EVOERP\enare4ep.RTM,ENARE4EP.RTM,True
enare4ep.rtm,C:\ISTECH\Bkare4.rtm,BKARE4.RTM,False
enare4ep.rtm,C:\ISTECH\Bkare4.rtm,BKARE4.RTM,False
enare4ep.rtm,C:\ISTECH\Bkare4.rtm,BKARE4.RTM,False
enare4is.rtm,D:\evoerp\enare4is.RTM,ENARE4IS.RTM,True
enare4is.rtm,C:\ISTECH\Bkare4.rtm,BKARE4.RTM,False
enare4is.rtm,C:\ISTECH\Bkare4.rtm,BKARE4.RTM,False
enare4is.rtm,C:\ISTECH\Bkare4.rtm,BKARE4.RTM,False
enare4pd.rtm,D:\evoerp\enare4pd.RTM,ENARE4PD.RTM,True
enare4pd.rtm,C:\ISTECH\Bkare4.rtm,BKARE4.RTM,False
enare4pd.rtm,C:\ISTECH\Bkare4.rtm,BKARE4.RTM,False
enare4pd.rtm,C:\ISTECH\Bkare4.rtm,BKARE4.RTM,False
enarf4.RTM,C:\TASPRO7\DBA7\enarf4.RTM,ENARF4.RTM,True
enarf4.RTM,C:\DBAMFG\bksam1.rtm,BKSAM1.RTM,False
enmrg1.rtm,C:\TASPRO7\DBA7\enmrg1.rtm,ENMRG1.RTM,True
enmrg1.rtm,C:\DBAMFG\BKISWCE1.RTM,BKISWCE1.RTM,False
enpob4L.RTM,C:\Users\Bob\Desktop\RTMs3\T6POB4.rtm,T6POB4.RTM,False
enpob4L.RTM,C:\SOURCE\RTM\Bkpob4.rtm,BKPOB4.RTM,False
enpob4L.RTM,C:\DBAMFG\bkpob4.rtm,BKPOB4.RTM,False
enpob4L.RTM,C:\DBAMFG\bkpob4.rtm,BKPOB4.RTM,False
enpob4L.RTM,C:\DBAMFG\bkpob4.rtm,BKPOB4.RTM,False
ensob3n.rtm,D:\evoerp\ensob3n.RTM,ENSOB3N.RTM,True
ensob3n.rtm,C:\SOURCE\RTM\Bksob3.rtm,BKSOB3.RTM,False
ensob3n.rtm,C:\SOURCE\apr99\Bksob3.rtm,BKSOB3.RTM,False
ensob3n.rtm,C:\SOURCE\apr99\Bksob3.rtm,BKSOB3.RTM,False
ensob3n.rtm,C:\SOURCE\apr99\Bksob3.rtm,BKSOB3.RTM,False
ensoc4p.rtm,D:\EVOERP\ensoc4p.RTM,ENSOC4P.RTM,True
ensoc4p.rtm,C:\DBAMFG\Bksoc4.rtm,BKSOC4.RTM,False
ensoc4p.rtm,C:\DBAMFG\bksoc4.RTM,BKSOC4.RTM,False
ensoc4p.rtm,C:\DBAMFG\bksoc4.RTM,BKSOC4.RTM,False
ensoc4p1.rtm,D:\EVOERP\ensoc4p1.RTM,ENSOC4P1.RTM,True
ensoc4p1.rtm,C:\DBAMFG\Bksoc4.rtm,BKSOC4.RTM,False
ensop3.rtm,T:\ensop3.rtm,ENSOP3.RTM,True
ensop3.rtm,C:\SOURCE\RTM\bksof4.rtm,BKSOF4.RTM,False
ensop3.rtm,C:\DBAMFG\BKSOF4.RTM,BKSOF4.RTM,False
ensop3.rtm,C:\DBAMFG\BKSOF4.RTM,BKSOF4.RTM,False
ensop3.rtm,C:\DBAMFG\BKSOF4.RTM,BKSOF4.RTM,False
ensop3.rtm,C:\DBAMFG\BKSOF4.RTM,BKSOF4.RTM,False
ensop3.rtm,C:\DBAMFG\BKSOF4.RTM,BKSOF4.RTM,False
ensopb4n.rtm,D:\evoerp\ensopb4n.RTM,ENSOPB4N.RTM,True
ensopb4n.rtm,C:\DBAMFG\bksopb4.RTM,BKSOPB4.RTM,False
ensrb1.rtm,C:\DBAMFG\ensrb1.rtm,ENSRB1.RTM,True
ensrb1.rtm,C:\SOURCE\RTM\Bksob1.rtm,BKSOB1.RTM,False
ensrb1.rtm,C:\DBAMFG\bksrb4.rtm,BKSRB4.RTM,False
ensrb1.rtm,C:\DBAMFG\bksrb4.rtm,BKSRB4.RTM,False
ensrb1.rtm,C:\DBAMFG\bksob1.RTM,BKSOB1.RTM,False
ensrb2.rtm,C:\DBAMFG\ensrb2.rtm,ENSRB2.RTM,True
ensrb2.rtm,C:\SOURCE\RTM\Bksob2.rtm,BKSOB2.RTM,False
ensrb2.rtm,C:\DBAMFG\bksrb4.rtm,BKSRB4.RTM,False
ensrb2.rtm,C:\DBAMFG\bksrb4.rtm,BKSRB4.RTM,False
ensrb3.rtm,C:\DBAMFG\ensrb3.rtm,ENSRB3.RTM,True
ensrb3.rtm,C:\SOURCE\RTM\Bksob3.rtm,BKSOB3.RTM,False
ensrb3.rtm,C:\SOURCE\apr99\Bksob3.rtm,BKSOB3.RTM,False
ensrb3.rtm,C:\DBAMFG\bksrb4.rtm,BKSRB4.RTM,False
ensrb3.rtm,C:\DBAMFG\bksrb4.rtm,BKSRB4.RTM,False
ensrb3.rtm,C:\SOURCE\apr99\Bksob3.rtm,BKSOB3.RTM,False
ensrb3.rtm,C:\SOURCE\apr99\Bksob3.rtm,BKSOB3.RTM,False
ensrb4.rtm,C:\DBAMFG\ensrb4.rtm,ENSRB4.RTM,True
ensrb4.rtm,C:\SOURCE\RTM\Bksob4.rtm,BKSOB4.RTM,False
ensrb4.rtm,C:\DBAMFG\bksrb4.rtm,BKSRB4.RTM,False
ensrb4.rtm,C:\DBAMFG\bksrb4.rtm,BKSRB4.RTM,False
ensrd1.rtm,C:\ISTECH\t6srd1.RTM,T6SRD1.RTM,False
ensrd1.rtm,C:\DBAMFG\Bksoc1.rtm,BKSOC1.RTM,False
ensrd1.rtm,C:\DBAMFG\Bksoc1.rtm,BKSOC1.RTM,False
ensrd1.rtm,C:\DBAMFG\Bksoc1.rtm,BKSOC1.RTM,False
ensrd1.rtm,C:\DBAMFG\Bksoc1.rtm,BKSOC1.RTM,False
ensrd1.rtm,C:\DBAMFG\Bksoc1.rtm,BKSOC1.RTM,False
ensrd1.rtm,C:\DBAMFG\bksoc1.RTM,BKSOC1.RTM,False
ensrd1t.rtm,C:\Users\Bob\Desktop\RTMs3\t6srd1t.rtm,T6SRD1T.RTM,False
ensrd1t.rtm,C:\DBAMFG\Bksoc1.rtm,BKSOC1.RTM,False
ensrd1t.rtm,C:\DBAMFG\Bksoc1.rtm,BKSOC1.RTM,False
ensrd1t.rtm,C:\DBAMFG\Bksoc1.rtm,BKSOC1.RTM,False
ensrd1t.rtm,C:\DBAMFG\Bksoc1.rtm,BKSOC1.RTM,False
ensrd1t.rtm,C:\DBAMFG\Bksoc1.rtm,BKSOC1.RTM,False
ensrd1t.rtm,C:\DBAMFG\bksoc1.RTM,BKSOC1.RTM,False
ensrd2.rtm,C:\Users\Bob\Desktop\RTMs3\t6srd2.rtm,T6SRD2.RTM,False
ensrd2.rtm,C:\DBAMFG\Bksoc2.rtm,BKSOC2.RTM,False
ensrd2.rtm,C:\DBAMFG\bksoc2.RTM,BKSOC2.RTM,False
ensrd2.rtm,C:\DBAMFG\bksoc2.RTM,BKSOC2.RTM,False
ensrd2.rtm,C:\DBAMFG\bksoc2.RTM,BKSOC2.RTM,False
ensrd2.rtm,C:\DBAMFG\bksoc2.RTM,BKSOC2.RTM,False
ensrd2.rtm,C:\DBAMFG\bksoc2.RTM,BKSOC2.RTM,False
ensrd2g.rtm,N:\dbamfg\ensrd2.rtm,ENSRD2.RTM,False
ensrd2g.rtm,C:\DBAMFG\Bksoc2.rtm,BKSOC2.RTM,False
ensrd2g.rtm,C:\DBAMFG\bksoc2.RTM,BKSOC2.RTM,False
ensrd2g.rtm,C:\DBAMFG\bksoc2.RTM,BKSOC2.RTM,False
ensrd2g.rtm,C:\DBAMFG\bksoc2.RTM,BKSOC2.RTM,False
ensrd2g.rtm,C:\DBAMFG\bksoc2.RTM,BKSOC2.RTM,False
ensrd2g.rtm,C:\DBAMFG\bksoc2.RTM,BKSOC2.RTM,False
ensrd2t.rtm,C:\Users\Bob\Desktop\RTMs3\t6srd2t.rtm,T6SRD2T.RTM,False
ensrd2t.rtm,C:\DBAMFG\Bksoc2.rtm,BKSOC2.RTM,False
ensrd2t.rtm,C:\DBAMFG\bksoc2.RTM,BKSOC2.RTM,False
ensrd2t.rtm,C:\DBAMFG\bksoc2.RTM,BKSOC2.RTM,False
ensrd2t.rtm,C:\DBAMFG\bksoc2.RTM,BKSOC2.RTM,False
ensrd2t.rtm,C:\DBAMFG\bksoc2.RTM,BKSOC2.RTM,False
ensrd2t.rtm,C:\DBAMFG\bksoc2.RTM,BKSOC2.RTM,False
ensrd3.rtm,C:\Users\Bob\Desktop\RTMs3\t6srd3.rtm,T6SRD3.RTM,False
ensrd3.rtm,C:\DBAMFG\Bksoc3.rtm,BKSOC3.RTM,False
ensrd3.rtm,C:\DBAMFG\bksoc3.RTM,BKSOC3.RTM,False
ensrd3.rtm,C:\DBAMFG\bksoc3.RTM,BKSOC3.RTM,False
ensrd3t.rtm,C:\Users\Bob\Desktop\RTMs3\t6srd3t.rtm,T6SRD3T.RTM,False
ensrd3t.rtm,C:\DBAMFG\Bksoc3.rtm,BKSOC3.RTM,False
ensrd3t.rtm,C:\DBAMFG\bksoc3.RTM,BKSOC3.RTM,False
ensrd3t.rtm,C:\DBAMFG\bksoc3.RTM,BKSOC3.RTM,False
ensrd4.rtm,C:\Users\Bob\Desktop\RTMs3\t6srd4.rtm,T6SRD4.RTM,False
ensrd4.rtm,C:\DBAMFG\Bksoc4.rtm,BKSOC4.RTM,False
ensrd4.rtm,C:\DBAMFG\bksoc4.RTM,BKSOC4.RTM,False
ensrd4.rtm,C:\DBAMFG\bksoc4.RTM,BKSOC4.RTM,False
ensrd4t.rtm,C:\Users\Bob\Desktop\RTMs3\t6srd4t.rtm,T6SRD4T.RTM,False
ensrd4t.rtm,C:\DBAMFG\Bksoc4.rtm,BKSOC4.RTM,False
ensrd4t.rtm,C:\DBAMFG\bksoc4.RTM,BKSOC4.RTM,False
ensrd4t.rtm,C:\DBAMFG\bksoc4.RTM,BKSOC4.RTM,False
ensrf1.rtm,C:\ISTECH\t6srf1.rtm,T6SRF1.RTM,False
ensrf1.rtm,C:\SOURCE\RTM\Bksof1.rtm,BKSOF1.RTM,False
ensrf1.rtm,C:\DBAMFG\bksof1.RTM,BKSOF1.RTM,False
ensrf1.rtm,C:\DBAMFG\bksof1.RTM,BKSOF1.RTM,False
ensrf1.rtm,C:\DBAMFG\bksof1.RTM,BKSOF1.RTM,False
ensrf1.rtm,C:\DBAMFG\bksof1.RTM,BKSOF1.RTM,False
ensrf1.rtm,C:\DBAMFG\bksof1.RTM,BKSOF1.RTM,False
ensrf2.rtm,C:\DBAMFG\ensrf2.rtm,ENSRF2.RTM,True
ensrf2.rtm,C:\SOURCE\RTM\bksof2.rtm,BKSOF2.RTM,False
ensrf2.rtm,C:\DBAMFG\bksof2.RTM,BKSOF2.RTM,False
ensrf2.rtm,C:\DBAMFG\bksof2.RTM,BKSOF2.RTM,False
ensrf2.rtm,C:\DBAMFG\bksof2.RTM,BKSOF2.RTM,False
ensrf2.rtm,C:\DBAMFG\bksof2.RTM,BKSOF2.RTM,False
ensrf3.rtm,C:\DBAMFG\ensrf3.rtm,ENSRF3.RTM,True
ensrf3.rtm,C:\SOURCE\RTM\Bksof3.rtm,BKSOF3.RTM,False
ensrf3.rtm,C:\DBAMFG\bksof3.RTM,BKSOF3.RTM,False
ensrf3.rtm,C:\DBAMFG\bksof3.RTM,BKSOF3.RTM,False
ensrf3.rtm,C:\DBAMFG\bksof3.RTM,BKSOF3.RTM,False
ensrf3.rtm,C:\DBAMFG\bksof3.RTM,BKSOF3.RTM,False
ensrf3.rtm,C:\DBAMFG\bksof3.RTM,BKSOF3.RTM,False
ensrf4.rtm,C:\Users\Bob\Desktop\RTMs3\t6srf4.rtm,T6SRF4.RTM,False
ensrf4.rtm,C:\SOURCE\RTM\bksof4.rtm,BKSOF4.RTM,False
ensrf4.rtm,C:\DBAMFG\BKSOF4.RTM,BKSOF4.RTM,False
ensrf4.rtm,C:\DBAMFG\BKSOF4.RTM,BKSOF4.RTM,False
ensrf4.rtm,C:\DBAMFG\BKSOF4.RTM,BKSOF4.RTM,False
ensrf4.rtm,C:\DBAMFG\BKSOF4.RTM,BKSOF4.RTM,False
ensrf4.rtm,C:\DBAMFG\BKSOF4.RTM,BKSOF4.RTM,False
enwola1.RTM,C:\TASPRO7\DBA7\enwola1.RTM,ENWOLA1.RTM,True
enwola1.RTM,C:\DBAMFG\bksam1.rtm,BKSAM1.RTM,False
enwola2.RTM,C:\TASPRO7\DBA7\enwola2.RTM,ENWOLA2.RTM,True
enwola2.RTM,C:\DBAMFG\bksam1.rtm,BKSAM1.RTM,False
enwola3.RTM,C:\TASPRO7\DBA7\enwola3.RTM,ENWOLA3.RTM,True
enwola3.RTM,C:\DBAMFG\bksam1.rtm,BKSAM1.RTM,False
esteetag.RTM,C:\TASPRO7\dba7\esteetag.RTM,ESTEETAG.RTM,True
esteetag2.RTM,C:\ISTECH\esteetag2.RTM,ESTEETAG2.RTM,True
esttag2.RTM,C:\ISTECH\esttag2.RTM,ESTTAG2.RTM,True
iBkapb3.RTM,C:\SOURCE\apr99\iBkapb3.RTM,IBKAPB3.RTM,True
iBkapb3.RTM,C:\SOURCE\apr99\iBkarb3.RTM,IBKARB3.RTM,False
iBkarb3.RTM,C:\ISIS-SOURCE\iBkarb3.RTM,IBKARB3.RTM,True
iBkarb3.RTM,C:\ISIS-SOURCE\iBkarb3.RTM,IBKARB3.RTM,True
iBking1.rtm,C:\dbamfg\iBking1.rtm,IBKING1.RTM,True
iBking2.rtm,C:\dbamfg\iBking2.RTM,IBKING2.RTM,True
iBking3.rtm,C:\SOURCE\apr99\iBking3.rtm,IBKING3.RTM,True
iT6esb1.RTM,C:\TASPRO7\DBA7\iT6esb1.RTM,IT6ESB1.RTM,True
iT6esb1.RTM,C:\SOURCE\RTM\iBksob4.rtm,IBKSOB4.RTM,False
iT6sob1.RTM,C:\TASPRO7\DBA7\iT6sob1.RTM,IT6SOB1.RTM,True
iT6sob1.RTM,C:\SOURCE\RTM\Bksob1.rtm,BKSOB1.RTM,False
iT6sob1.RTM,C:\DBAMFG\bksob1.RTM,BKSOB1.RTM,False
iT6sob2.RTM,C:\TASPRO7\DBA7\iT6sob2.RTM,IT6SOB2.RTM,True
iT6sob2.RTM,C:\SOURCE\RTM\iBksob2.rtm,IBKSOB2.RTM,False
iT6sob4.RTM,C:\TASPRO7\DBA7\iT6sob4.RTM,IT6SOB4.RTM,True
iT6sob4.RTM,C:\SOURCE\RTM\iBksob4.rtm,IBKSOB4.RTM,False
iT6sob4.al.rtm,C:\TASPro6\dba\iT6sob4.RTM,IT6SOB4.RTM,False
iT6sob4.al.rtm,C:\SOURCE\RTM\iBksob4.rtm,IBKSOB4.RTM,False
ibkrma1.rtm,C:\DBAMFG\ibkrma1.rtm,IBKRMA1.RTM,True
ibkrma1.rtm,C:\DBAMFG\ibkrma1.rtm,IBKRMA1.RTM,True
ibkrma1.rtm,C:\DBAMFG\bksrb4.rtm,BKSRB4.RTM,False
ibkrma1.rtm,C:\DBAMFG\bksrb4.rtm,BKSRB4.RTM,False
ibksrb1.rtm,C:\DBAMFG\ibksrb1.rtm,IBKSRB1.RTM,True
ibksrb1.rtm,C:\DBAMFG\ibksrb1.rtm,IBKSRB1.RTM,True
ibksrb1.rtm,C:\DBAMFG\ibksob1.RTM,IBKSOB1.RTM,False
ibksrb1.rtm,C:\DBAMFG\bksrb4.rtm,BKSRB4.RTM,False
ibksrb1.rtm,C:\DBAMFG\bksrb4.rtm,BKSRB4.RTM,False
ibksrb1.rtm,C:\DBAMFG\bksopb1.RTM,BKSOPB1.RTM,False
ibksrb1.rtm,C:\DBAMFG\bksopb1.RTM,BKSOPB1.RTM,False
ibksrb2.rtm,C:\DBAMFG\ibksrb2.rtm,IBKSRB2.RTM,True
ibksrb2.rtm,C:\DBAMFG\ibksrb2.rtm,IBKSRB2.RTM,True
ibksrb2.rtm,C:\DBAMFG\bksrb4.rtm,BKSRB4.RTM,False
ibksrb2.rtm,C:\DBAMFG\bksrb4.rtm,BKSRB4.RTM,False
ibksrb3.rtm,C:\DBAMFG\ibksrb3.rtm,IBKSRB3.RTM,True
ibksrb3.rtm,C:\DBAMFG\ibksrb3.rtm,IBKSRB3.RTM,True
ibksrb3.rtm,C:\DBAMFG\ibksob3.rtm,IBKSOB3.RTM,False
ibksrb3.rtm,C:\DBAMFG\bksrb4.rtm,BKSRB4.RTM,False
ibksrb3.rtm,C:\DBAMFG\bksrb4.rtm,BKSRB4.RTM,False
ibksrb3.rtm,C:\DBAMFG\ibksob3.rtm,IBKSOB3.RTM,False
ibksrb4.rtm,C:\DBAMFG\ibksrb4.rtm,IBKSRB4.RTM,True
ibksrb4.rtm,C:\DBAMFG\ibksrb4.rtm,IBKSRB4.RTM,True
ibksrb4.rtm,C:\DBAMFG\bksrb4.rtm,BKSRB4.RTM,False
ibksrb4.rtm,C:\DBAMFG\bksrb4.rtm,BKSRB4.RTM,False
ibksrf1.rtm,C:\ISTECH\ibksrf1.rtm,IBKSRF1.RTM,True
ibksrf1.rtm,C:\SOURCE\RTM\ibksof1.rtm,IBKSOF1.RTM,False
ibksrf1.rtm,C:\DBAMFG\bksof1.RTM,BKSOF1.RTM,False
ibksrf1.rtm,C:\DBAMFG\bksof1.RTM,BKSOF1.RTM,False
ibksrf1.rtm,C:\DBAMFG\bksof1.RTM,BKSOF1.RTM,False
ibksrf1.rtm,C:\DBAMFG\bksof1.RTM,BKSOF1.RTM,False
ibksrf1.rtm,C:\DBAMFG\bksof1.RTM,BKSOF1.RTM,False
ibksrf2.rtm,C:\ISTECH\ibksrf2.rtm,IBKSRF2.RTM,True
ibksrf2.rtm,C:\SOURCE\RTM\iBksof2.RTM,IBKSOF2.RTM,False
ibksrf2.rtm,C:\DBAMFG\bksof2.RTM,BKSOF2.RTM,False
ibksrf2.rtm,C:\DBAMFG\bksof2.RTM,BKSOF2.RTM,False
ibksrf2.rtm,C:\DBAMFG\bksof2.RTM,BKSOF2.RTM,False
ibksrf2.rtm,C:\DBAMFG\bksof2.RTM,BKSOF2.RTM,False
ibksrf3.rtm,C:\ISTECH\ibksrf3.rtm,IBKSRF3.RTM,True
ibksrf3.rtm,C:\SOURCE\RTM\iBksof3.rtm,IBKSOF3.RTM,False
ibksrf3.rtm,C:\SOURCE\apr99\iBksof3.RTM,IBKSOF3.RTM,False
ibksrf3.rtm,C:\SOURCE\apr99\iBksof3.RTM,IBKSOF3.RTM,False
ibksrf3.rtm,C:\SOURCE\apr99\iBksof3.RTM,IBKSOF3.RTM,False
ibksrf3.rtm,C:\SOURCE\apr99\iBksof3.RTM,IBKSOF3.RTM,False
ibksrf3.rtm,C:\SOURCE\apr99\iBksof3.RTM,IBKSOF3.RTM,False
ibksrf4.rtm,C:\ISTECH\ibksrf4.rtm,IBKSRF4.RTM,True
ibksrf4.rtm,C:\SOURCE\RTM\iBksof4.rtm,IBKSOF4.RTM,False
ibksrf4.rtm,C:\SOURCE\apr99\iBksof4.rtm,IBKSOF4.RTM,False
ibksrf4.rtm,C:\SOURCE\apr99\iBksof4.rtm,IBKSOF4.RTM,False
ibksrf4.rtm,C:\SOURCE\apr99\iBksof4.rtm,IBKSOF4.RTM,False
ibksrf4.rtm,C:\SOURCE\apr99\iBksof4.rtm,IBKSOF4.RTM,False
ibksrf4.rtm,C:\DBAMFG\BKSOF4.RTM,BKSOF4.RTM,False
ienPOB1.rtm,C:\DBAMFG\ienPOB1.rtm,IENPOB1.RTM,True
ienPOB1.rtm,C:\SOURCE\RTM\iBkpob1.rtm,IBKPOB1.RTM,False
ienPOB1.rtm,C:\DBAMFG\bkpob1.RTM,BKPOB1.RTM,False
ienPOB1.rtm,C:\DBAMFG\bkpob1.RTM,BKPOB1.RTM,False
ienPOB1.rtm,C:\DBAMFG\bkpob1.RTM,BKPOB1.RTM,False
ienPOB2.RTM,C:\DBAMFG\ienPOB2.RTM,IENPOB2.RTM,True
ienPOB2.RTM,C:\SOURCE\RTM\iBkpob2.rtm,IBKPOB2.RTM,False
ienPOB2.RTM,C:\DBAMFG\IBKPOB2a.RTM,IBKPOB2A.RTM,False
ienPOB2.RTM,C:\DBAMFG\IBKPOB2a.RTM,IBKPOB2A.RTM,False
ienPOB2.RTM,C:\DBAMFG\IBKPOB2a.RTM,IBKPOB2A.RTM,False
ienPOB3.rtm,C:\DBAMFG\ienPOB3.rtm,IENPOB3.RTM,True
ienPOB3.rtm,C:\SOURCE\RTM\iBkpob3.rtm,IBKPOB3.RTM,False
ienPOB4.rtm,C:\DBAMFG\ienPOB4.rtm,IENPOB4.RTM,True
ienPOB4.rtm,C:\SOURCE\RTM\iBkpob4.rtm,IBKPOB4.RTM,False
ienPOB4.rtm,C:\DBAMFG\IBKPOB4.RTM,IBKPOB4.RTM,False
ienPOB4.rtm,C:\DBAMFG\bkpob4.rtm,BKPOB4.RTM,False
ienPOE1.rtm,C:\Users\Bob\Desktop\RTMs3\IT6POE1.rtm,IT6POE1.RTM,False
ienPOE1.rtm,C:\DBAMFG\bkpoe1.RTM,BKPOE1.RTM,False
ienPOE1.rtm,C:\DBAMFG\bkpoe1.RTM,BKPOE1.RTM,False
ienPOE1.rtm,C:\DBAMFG\bkpoe1.RTM,BKPOE1.RTM,False
ienPOE2.rtm,C:\Users\Bob\Desktop\RTMs3\IT6POE2.rtm,IT6POE2.RTM,False
ienPOE2.rtm,C:\DBAMFG\bkpoe2.RTM,BKPOE2.RTM,False
ienPOE2.rtm,C:\DBAMFG\bkpoe2.RTM,BKPOE2.RTM,False
ienPOE2.rtm,C:\DBAMFG\bkpoe2.RTM,BKPOE2.RTM,False
ienSOB3.rtm,C:\Users\Bob\Desktop\RTMs3\IT6SOB3.rtm,IT6SOB3.RTM,False
ienSOB3.rtm,C:\SOURCE\RTM\iBksob3.rtm,IBKSOB3.RTM,False
ienSOF1.rtm,C:\TASPRO7\DBA7\ienSOF1.rtm,IENSOF1.RTM,True
ienSOF1.rtm,C:\SOURCE\RTM\ibksof1.rtm,IBKSOF1.RTM,False
ienSOF1.rtm,C:\DBAMFG\bksof1.RTM,BKSOF1.RTM,False
ienSOF1.rtm,C:\DBAMFG\bksof1.RTM,BKSOF1.RTM,False
ienSOF1.rtm,C:\DBAMFG\bksof1.RTM,BKSOF1.RTM,False
ienSOF1.rtm,C:\DBAMFG\bksof1.RTM,BKSOF1.RTM,False
ienSOF1.rtm,C:\DBAMFG\bksof1.RTM,BKSOF1.RTM,False
ienSOF2.rtm,C:\TASPRO7\DBA7\ienSOF2.rtm,IENSOF2.RTM,True
ienSOF2.rtm,C:\SOURCE\RTM\iBksof2.RTM,IBKSOF2.RTM,False
ienSOF2.rtm,C:\DBAMFG\bksof2.RTM,BKSOF2.RTM,False
ienSOF2.rtm,C:\DBAMFG\bksof2.RTM,BKSOF2.RTM,False
ienSOF2.rtm,C:\DBAMFG\bksof2.RTM,BKSOF2.RTM,False
ienSOF2.rtm,C:\DBAMFG\bksof2.RTM,BKSOF2.RTM,False
ienSOF3.rtm,C:\TASPRO7\DBA7\ienSOF3.rtm,IENSOF3.RTM,True
ienSOF3.rtm,C:\SOURCE\RTM\iBksof3.rtm,IBKSOF3.RTM,False
ienSOF3.rtm,C:\SOURCE\apr99\iBksof3.RTM,IBKSOF3.RTM,False
ienSOF3.rtm,C:\SOURCE\apr99\iBksof3.RTM,IBKSOF3.RTM,False
ienSOF3.rtm,C:\SOURCE\apr99\iBksof3.RTM,IBKSOF3.RTM,False
ienSOF3.rtm,C:\SOURCE\apr99\iBksof3.RTM,IBKSOF3.RTM,False
ienSOF3.rtm,C:\SOURCE\apr99\iBksof3.RTM,IBKSOF3.RTM,False
ienSOF4.rtm,C:\DBAMFG\ienSOF4.rtm,IENSOF4.RTM,True
ienSOF4.rtm,C:\SOURCE\RTM\iBksof4.rtm,IBKSOF4.RTM,False
ienSOF4.rtm,C:\SOURCE\apr99\iBksof4.rtm,IBKSOF4.RTM,False
ienSOF4.rtm,C:\SOURCE\apr99\iBksof4.rtm,IBKSOF4.RTM,False
ienSOF4.rtm,C:\SOURCE\apr99\iBksof4.rtm,IBKSOF4.RTM,False
ienSOF4.rtm,C:\SOURCE\apr99\iBksof4.rtm,IBKSOF4.RTM,False
ienSOF4.rtm,C:\DBAMFG\BKSOF4.RTM,BKSOF4.RTM,False
ienSOF4x.rtm,C:\dbamfg\ienSOF4x.RTM,IENSOF4X.RTM,True
ienSOF4x.rtm,C:\SOURCE\RTM\iBksof4.rtm,IBKSOF4.RTM,False
ienSOF4x.rtm,C:\SOURCE\apr99\iBksof4.rtm,IBKSOF4.RTM,False
ienSOF4x.rtm,C:\SOURCE\apr99\iBksof4.rtm,IBKSOF4.RTM,False
ienSOF4x.rtm,C:\SOURCE\apr99\iBksof4.rtm,IBKSOF4.RTM,False
ienSOF4x.rtm,C:\SOURCE\apr99\iBksof4.rtm,IBKSOF4.RTM,False
ienSOF4x.rtm,C:\DBAMFG\BKSOF4.RTM,BKSOF4.RTM,False
ienSOPB1.rtm,C:\Users\Bob\Desktop\RTMs3\IT6SOPB1.rtm,IT6SOPB1.RTM,False
ienSOPB1.rtm,C:\DBAMFG\bksopb1.RTM,BKSOPB1.RTM,False
ienSOPB1.rtm,C:\DBAMFG\bksopb1.RTM,BKSOPB1.RTM,False
ienSOPB1.rtm,C:\DBAMFG\bksopb1.RTM,BKSOPB1.RTM,False
ienSOPB1.rtm,C:\DBAMFG\bksopb1.RTM,BKSOPB1.RTM,False
ienSOPB2.rtm,C:\Users\Bob\Desktop\RTMs3\IT6SOPB2.rtm,IT6SOPB2.RTM,False
ienSOPB2.rtm,D:\My Documents\rtm work dir\Ibksopb2.rtm,IBKSOPB2.RTM,False
ienSOPB2.rtm,D:\My Documents\rtm work dir\Ibksopb2.rtm,IBKSOPB2.RTM,False
ienSOPB2.rtm,D:\My Documents\rtm work dir\Ibksopb2.rtm,IBKSOPB2.RTM,False
ienSOPB3.rtm,C:\Users\Bob\Desktop\RTMs3\IT6SOPB3.rtm,IT6SOPB3.RTM,False
ienSOPB3.rtm,C:\SOURCE\apr99\iBksopb3.RTM,IBKSOPB3.RTM,False
ienSOPB3.rtm,C:\SOURCE\apr99\iBksopb3.RTM,IBKSOPB3.RTM,False
ienSOPB3.rtm,C:\SOURCE\apr99\iBksopb3.RTM,IBKSOPB3.RTM,False
ienSOPB3.rtm,C:\SOURCE\apr99\iBksopb3.RTM,IBKSOPB3.RTM,False
ienSOPB4.rtm,C:\Users\Bob\Desktop\RTMs3\IT6SOPB4.rtm,IT6SOPB4.RTM,False
ienSOPB4.rtm,D:\My Documents\rtm work dir\Ibksopb4.rtm,IBKSOPB4.RTM,False
ienare1.RTM,C:\TASPRO7\DBA7\ienare1.RTM,IENARE1.RTM,True
ienare1.RTM,C:\DBAMFG\bkare1.RTM,BKARE1.RTM,False
ienare1.RTM,C:\DBAMFG\bkare1.RTM,BKARE1.RTM,False
ienesb1.RTM,C:\TASPRO7\DBA7\ienesb1.RTM,IENESB1.RTM,True
ienesb1.RTM,C:\SOURCE\RTM\iBksob4.rtm,IBKSOB4.RTM,False
ienrma1.RTM,C:\DBAMFG\ienrma1.RTM,IENRMA1.RTM,True
ienrma1.RTM,C:\SOURCE\RTM\iBksob4.rtm,IBKSOB4.RTM,False
ienrma1.RTM,C:\DBAMFG\bksrb4.rtm,BKSRB4.RTM,False
ienrma1.RTM,C:\DBAMFG\bksrb4.rtm,BKSRB4.RTM,False
iensob1.rtm,C:\Users\Bob\Desktop\RTMs3\iT6sob1.rtm,IT6SOB1.RTM,False
iensob1.rtm,C:\SOURCE\RTM\Bksob1.rtm,BKSOB1.RTM,False
iensob1.rtm,C:\DBAMFG\bksob1.RTM,BKSOB1.RTM,False
iensob2.rtm,C:\Users\Bob\Desktop\RTMs3\iT6sob2.rtm,IT6SOB2.RTM,False
iensob2.rtm,C:\SOURCE\RTM\iBksob2.rtm,IBKSOB2.RTM,False
iensob4.rtm,C:\Users\Bob\Desktop\RTMs3\iT6sob4.rtm,IT6SOB4.RTM,False
iensob4.rtm,C:\SOURCE\RTM\iBksob4.rtm,IBKSOB4.RTM,False
iensrb1.rtm,C:\DBAMFG\iensrb1.rtm,IENSRB1.RTM,True
iensrb1.rtm,C:\SOURCE\RTM\iBksob1.rtm,IBKSOB1.RTM,False
iensrb1.rtm,C:\DBAMFG\bksopb1.RTM,BKSOPB1.RTM,False
iensrb1.rtm,C:\DBAMFG\bksrb4.rtm,BKSRB4.RTM,False
iensrb1.rtm,C:\DBAMFG\bksrb4.rtm,BKSRB4.RTM,False
iensrb1.rtm,C:\DBAMFG\bksopb1.RTM,BKSOPB1.RTM,False
iensrb1.rtm,C:\DBAMFG\bksopb1.RTM,BKSOPB1.RTM,False
iensrb2.rtm,C:\DBAMFG\iensrb2.rtm,IENSRB2.RTM,True
iensrb2.rtm,C:\SOURCE\RTM\iBksob2.rtm,IBKSOB2.RTM,False
iensrb2.rtm,C:\DBAMFG\bksrb4.rtm,BKSRB4.RTM,False
iensrb2.rtm,C:\DBAMFG\bksrb4.rtm,BKSRB4.RTM,False
iensrb3.rtm,C:\DBAMFG\iensrb3.rtm,IENSRB3.RTM,True
iensrb3.rtm,C:\SOURCE\RTM\iBksob3.rtm,IBKSOB3.RTM,False
iensrb3.rtm,C:\DBAMFG\bksrb4.rtm,BKSRB4.RTM,False
iensrb3.rtm,C:\DBAMFG\bksrb4.rtm,BKSRB4.RTM,False
iensrb4.rtm,C:\DBAMFG\iensrb4.rtm,IENSRB4.RTM,True
iensrb4.rtm,C:\SOURCE\RTM\iBksob4.rtm,IBKSOB4.RTM,False
iensrb4.rtm,C:\DBAMFG\bksrb4.rtm,BKSRB4.RTM,False
iensrb4.rtm,C:\DBAMFG\bksrb4.rtm,BKSRB4.RTM,False
iensrf1.rtm,C:\Users\Bob\Desktop\RTMs3\it6srf1.rtm,IT6SRF1.RTM,False
iensrf1.rtm,C:\SOURCE\RTM\ibksof1.rtm,IBKSOF1.RTM,False
iensrf1.rtm,C:\DBAMFG\bksof1.RTM,BKSOF1.RTM,False
iensrf1.rtm,C:\DBAMFG\bksof1.RTM,BKSOF1.RTM,False
iensrf1.rtm,C:\DBAMFG\bksof1.RTM,BKSOF1.RTM,False
iensrf1.rtm,C:\DBAMFG\bksof1.RTM,BKSOF1.RTM,False
iensrf1.rtm,C:\DBAMFG\bksof1.RTM,BKSOF1.RTM,False
iensrf2.rtm,C:\Users\Bob\Desktop\RTMs3\it6srf2.rtm,IT6SRF2.RTM,False
iensrf2.rtm,C:\SOURCE\RTM\iBksof2.RTM,IBKSOF2.RTM,False
iensrf2.rtm,C:\DBAMFG\bksof2.RTM,BKSOF2.RTM,False
iensrf2.rtm,C:\DBAMFG\bksof2.RTM,BKSOF2.RTM,False
iensrf2.rtm,C:\DBAMFG\bksof2.RTM,BKSOF2.RTM,False
iensrf2.rtm,C:\DBAMFG\bksof2.RTM,BKSOF2.RTM,False
iensrf3.rtm,C:\Users\Bob\Desktop\RTMs3\it6srf3.rtm,IT6SRF3.RTM,False
iensrf3.rtm,C:\SOURCE\RTM\iBksof3.rtm,IBKSOF3.RTM,False
iensrf3.rtm,C:\SOURCE\apr99\iBksof3.RTM,IBKSOF3.RTM,False
iensrf3.rtm,C:\SOURCE\apr99\iBksof3.RTM,IBKSOF3.RTM,False
iensrf3.rtm,C:\SOURCE\apr99\iBksof3.RTM,IBKSOF3.RTM,False
iensrf3.rtm,C:\SOURCE\apr99\iBksof3.RTM,IBKSOF3.RTM,False
iensrf3.rtm,C:\SOURCE\apr99\iBksof3.RTM,IBKSOF3.RTM,False
iensrf4.rtm,C:\Users\Bob\Desktop\RTMs3\it6srf4.rtm,IT6SRF4.RTM,False
iensrf4.rtm,C:\SOURCE\RTM\iBksof4.rtm,IBKSOF4.RTM,False
iensrf4.rtm,C:\SOURCE\apr99\iBksof4.rtm,IBKSOF4.RTM,False
iensrf4.rtm,C:\SOURCE\apr99\iBksof4.rtm,IBKSOF4.RTM,False
iensrf4.rtm,C:\SOURCE\apr99\iBksof4.rtm,IBKSOF4.RTM,False
iensrf4.rtm,C:\SOURCE\apr99\iBksof4.rtm,IBKSOF4.RTM,False
iensrf4.rtm,C:\DBAMFG\BKSOF4.RTM,BKSOF4.RTM,False
imagect.RTM,C:\SOURCE\apr99\imagect.RTM,IMAGECT.RTM,True
imagepc.RTM,C:\SOURCE\apr99\imagepc.RTM,IMAGEPC.RTM,True
insp.rtm,C:\EVOERP\insp.RTM,INSP.RTM,True
insp.rtm,C:\DBAMFG\BKwoc1.RTM,BKWOC1.RTM,False
insp.rtm,C:\DBAMFG\BKwoc1.RTM,BKWOC1.RTM,False
insp.rtm,C:\DBAMFG\BKwoc1.RTM,BKWOC1.RTM,False
insp.rtm,C:\SOURCE\RTM\BKwoc1.rtm,BKWOC1.RTM,False
insp.rtm,C:\SOURCE\RTM\BKwoc1.rtm,BKWOC1.RTM,False
insp.rtm,C:\DBAMFG\BKWOC1.RTM,BKWOC1.RTM,False
insp.rtm,C:\DBAMFG\bkwoc1.rtm,BKWOC1.RTM,False
insp.rtm,C:\DBAMFG\BKWOC1.RTM,BKWOC1.RTM,False
insp.rtm,C:\DBAMFG\BKWOC1.RTM,BKWOC1.RTM,False
iswce1.rtm,C:\DBAMFG\iswce1.RTM,ISWCE1.RTM,True
iswce1.rtm,C:\DBAMFG\iswce1.RTM,ISWCE1.RTM,True
iswce1.rtm,C:\DBAMFG\iswce1.RTM,ISWCE1.RTM,True
iswce1.rtm,C:\DBAMFG\iswce1.RTM,ISWCE1.RTM,True
iswce2.RTM,C:\dbamfg\iswce2.RTM,ISWCE2.RTM,True
iswce2.RTM,C:\dbamfg\iswce1.rtm,ISWCE1.RTM,False
iswce2.RTM,C:\dbamfg\iswce1.rtm,ISWCE1.RTM,False
iswce2.RTM,C:\dbamfg\iswce1.rtm,ISWCE1.RTM,False
iswce2.RTM,C:\dbamfg\iswce1.rtm,ISWCE1.RTM,False
iswce2.RTM,C:\dbamfg\iswce1.rtm,ISWCE1.RTM,False
iswce2.RTM,C:\dbamfg\iswce1.rtm,ISWCE1.RTM,False
it6are1.RTM,C:\TASPro6\DBA\it6are1.RTM,IT6ARE1.RTM,True
it6are1.RTM,C:\DBAMFG\bkare1.RTM,BKARE1.RTM,False
it6are1.RTM,C:\DBAMFG\bkare1.RTM,BKARE1.RTM,False
it6rma1.RTM,C:\TASPRO7\DBA7\it6rma1.RTM,IT6RMA1.RTM,True
it6rma1.RTM,C:\SOURCE\RTM\iBksob4.rtm,IBKSOB4.RTM,False
it6rma1.RTM,C:\DBAMFG\bksrb4.rtm,BKSRB4.RTM,False
it6rma1.RTM,C:\DBAMFG\bksrb4.rtm,BKSRB4.RTM,False
it6soma1.RTM,C:\TASPRO7\dba7\it6soma1.RTM,IT6SOMA1.RTM,True
it6soma1.RTM,C:\SOURCE\RTM\Bksob1.rtm,BKSOB1.RTM,False
it6soma1.RTM,C:\DBAMFG\bksob1.RTM,BKSOB1.RTM,False
it6soma2.RTM,C:\TASPRO7\dba7\it6soma2.RTM,IT6SOMA2.RTM,True
it6soma2.RTM,C:\DBAMFG\bksob1.RTM,BKSOB1.RTM,False
it6soma3.RTM,C:\TASPRO7\dba7\it6soma3.RTM,IT6SOMA3.RTM,True
it6soma3.RTM,C:\SOURCE\RTM\iBksob3.rtm,IBKSOB3.RTM,False
it6soma4.RTM,C:\TASPRO7\dba7\it6soma4.RTM,IT6SOMA4.RTM,True
it6srb1.rtm,C:\TASPRO7\DBA7\it6srb1.rtm,IT6SRB1.RTM,True
it6srb1.rtm,C:\SOURCE\RTM\iBksob1.rtm,IBKSOB1.RTM,False
it6srb1.rtm,C:\DBAMFG\bksopb1.RTM,BKSOPB1.RTM,False
it6srb1.rtm,C:\DBAMFG\bksrb4.rtm,BKSRB4.RTM,False
it6srb1.rtm,C:\DBAMFG\bksrb4.rtm,BKSRB4.RTM,False
it6srb1.rtm,C:\DBAMFG\bksopb1.RTM,BKSOPB1.RTM,False
it6srb1.rtm,C:\DBAMFG\bksopb1.RTM,BKSOPB1.RTM,False
it6srb2.rtm,C:\TASPRO7\DBA7\it6srb2.rtm,IT6SRB2.RTM,True
it6srb2.rtm,C:\SOURCE\RTM\iBksob2.rtm,IBKSOB2.RTM,False
it6srb2.rtm,C:\DBAMFG\bksrb4.rtm,BKSRB4.RTM,False
it6srb2.rtm,C:\DBAMFG\bksrb4.rtm,BKSRB4.RTM,False
it6srb3.rtm,C:\TASPRO7\DBA7\it6srb3.rtm,IT6SRB3.RTM,True
it6srb3.rtm,C:\SOURCE\RTM\iBksob3.rtm,IBKSOB3.RTM,False
it6srb3.rtm,C:\DBAMFG\bksrb4.rtm,BKSRB4.RTM,False
it6srb3.rtm,C:\DBAMFG\bksrb4.rtm,BKSRB4.RTM,False
it6srb4.rtm,C:\TASPRO7\DBA7\it6srb4.RTM,IT6SRB4.RTM,True
it6srb4.rtm,C:\SOURCE\RTM\iBksob4.rtm,IBKSOB4.RTM,False
it6srb4.rtm,C:\DBAMFG\bksrb4.rtm,BKSRB4.RTM,False
it6srb4.rtm,C:\DBAMFG\bksrb4.rtm,BKSRB4.RTM,False
it6srf1.rtm,C:\TASPRO7\DBA7\it6srf1.rtm,IT6SRF1.RTM,True
it6srf1.rtm,C:\SOURCE\RTM\ibksof1.rtm,IBKSOF1.RTM,False
it6srf1.rtm,C:\DBAMFG\bksof1.RTM,BKSOF1.RTM,False
it6srf1.rtm,C:\DBAMFG\bksof1.RTM,BKSOF1.RTM,False
it6srf1.rtm,C:\DBAMFG\bksof1.RTM,BKSOF1.RTM,False
it6srf1.rtm,C:\DBAMFG\bksof1.RTM,BKSOF1.RTM,False
it6srf1.rtm,C:\DBAMFG\bksof1.RTM,BKSOF1.RTM,False
it6srf2.rtm,C:\TASPRO7\DBA7\it6srf2.rtm,IT6SRF2.RTM,True
it6srf2.rtm,C:\SOURCE\RTM\iBksof2.RTM,IBKSOF2.RTM,False
it6srf2.rtm,C:\DBAMFG\bksof2.RTM,BKSOF2.RTM,False
it6srf2.rtm,C:\DBAMFG\bksof2.RTM,BKSOF2.RTM,False
it6srf2.rtm,C:\DBAMFG\bksof2.RTM,BKSOF2.RTM,False
it6srf2.rtm,C:\DBAMFG\bksof2.RTM,BKSOF2.RTM,False
it6srf3.rtm,C:\TASPRO7\DBA7\it6srf3.rtm,IT6SRF3.RTM,True
it6srf3.rtm,C:\SOURCE\RTM\iBksof3.rtm,IBKSOF3.RTM,False
it6srf3.rtm,C:\SOURCE\apr99\iBksof3.RTM,IBKSOF3.RTM,False
it6srf3.rtm,C:\SOURCE\apr99\iBksof3.RTM,IBKSOF3.RTM,False
it6srf3.rtm,C:\SOURCE\apr99\iBksof3.RTM,IBKSOF3.RTM,False
it6srf3.rtm,C:\SOURCE\apr99\iBksof3.RTM,IBKSOF3.RTM,False
it6srf3.rtm,C:\SOURCE\apr99\iBksof3.RTM,IBKSOF3.RTM,False
it6srf4.rtm,C:\TASPRO7\DBA7\it6srf4.rtm,IT6SRF4.RTM,True
it6srf4.rtm,C:\SOURCE\RTM\iBksof4.rtm,IBKSOF4.RTM,False
it6srf4.rtm,C:\SOURCE\apr99\iBksof4.rtm,IBKSOF4.RTM,False
it6srf4.rtm,C:\SOURCE\apr99\iBksof4.rtm,IBKSOF4.RTM,False
it6srf4.rtm,C:\SOURCE\apr99\iBksof4.rtm,IBKSOF4.RTM,False
it6srf4.rtm,C:\SOURCE\apr99\iBksof4.rtm,IBKSOF4.RTM,False
it6srf4.rtm,C:\DBAMFG\BKSOF4.RTM,BKSOF4.RTM,False
j6lpsao2.rtm,C:\TASPRO7\DBA7\j6lpsao2.rtm,J6LPSAO2.RTM,True
j6lpsao2.rtm,C:\DBAMFG\bksam1.rtm,BKSAM1.RTM,False
j7cjb1.rtm,C:\TASPRO7\DBA7\j7cjb1.rtm,J7CJB1.RTM,True
j7cjb1.rtm,C:\DBAMFG\topsale.RTM,TOPSALE.RTM,False
j7dcml1.rtm,C:\TASPRO7\dba7\j7dcml1.rtm,J7DCML1.RTM,True
jksosb4.rtm,C:\jal\TEST221\DMsopb4.rtm,DMSOPB4.RTM,False
jksosb4.rtm,C:\jal\TEST221\DMsopb4.rtm,DMSOPB4.RTM,False
jksosb4.rtm,C:\jal\TEST221\DMsopb4.rtm,DMSOPB4.RTM,False
jksosb4.rtm,C:\jal\TEST221\DMsopb4.rtm,DMSOPB4.RTM,False
jksosb4.rtm,C:\jal\TEST221\DMsopb4.rtm,DMSOPB4.RTM,False
jmcrbfs.rtm,C:\TASPRO7\dba7\jmcrbfs.RTM,JMCRBFS.RTM,True
jmcrbfs.rtm,C:\DBAMFG\bksam1.rtm,BKSAM1.RTM,False
jmcrtopn.rtm,C:\TASPRO7\DBA7\jmcrtopn.RTM,JMCRTOPN.RTM,True
jmcrtopn.rtm,C:\DBAMFG\bksam1.rtm,BKSAM1.RTM,False
jmtopn2.RTM,C:\TASPRO7\DBA7\jmtopn2.RTM,JMTOPN2.RTM,True
jmtopn2.RTM,C:\DBAMFG\bksam1.rtm,BKSAM1.RTM,False
lBKSOD1.RTM,C:\ISTECH\lBKSOD1.RTM,LBKSOD1.RTM,True
lT6SOD1.RTM,C:\TASPRO7\dba7\lT6SOD1.RTM,LT6SOD1.RTM,True
lT6SOPB4.RTM,C:\ISTECH\lT6SOPB4.RTM,LT6SOPB4.RTM,True
lT6SOPB4.RTM,C:\DBAMFG\bksopb4.RTM,BKSOPB4.RTM,False
piT6sob1.RTM,C:\TASPRO7\dba7\piT6sob1.RTM,PIT6SOB1.RTM,True
piT6sob1.RTM,C:\SOURCE\RTM\Bksob1.rtm,BKSOB1.RTM,False
piT6sob1.RTM,C:\DBAMFG\bksob1.RTM,BKSOB1.RTM,False
pit6pob1.RTM,C:\TASPRO7\dba7\pit6pob1.RTM,PIT6POB1.RTM,True
pit6pob1.RTM,C:\SOURCE\RTM\iBkpob1.rtm,IBKPOB1.RTM,False
pit6pob1.RTM,C:\DBAMFG\bkpob1.RTM,BKPOB1.RTM,False
pit6pob1.RTM,C:\DBAMFG\bkpob1.RTM,BKPOB1.RTM,False
pit6pob1.RTM,C:\DBAMFG\bkpob1.RTM,BKPOB1.RTM,False
pit6pob2.RTM,C:\TASPRO7\dba7\pit6pob2.RTM,PIT6POB2.RTM,True
pit6pob2.RTM,C:\SOURCE\RTM\iBkpob2.rtm,IBKPOB2.RTM,False
pit6pob2.RTM,C:\DBAMFG\IBKPOB2a.RTM,IBKPOB2A.RTM,False
pit6pob2.RTM,C:\DBAMFG\IBKPOB2a.RTM,IBKPOB2A.RTM,False
pit6pob2.RTM,C:\DBAMFG\IBKPOB2a.RTM,IBKPOB2A.RTM,False
pit6pob3.RTM,C:\TASPRO7\dba7\pit6pob3.RTM,PIT6POB3.RTM,True
pit6pob3.RTM,C:\SOURCE\RTM\iBkpob3.rtm,IBKPOB3.RTM,False
pit6pob4.RTM,C:\TASPRO7\dba7\pit6pob4.RTM,PIT6POB4.RTM,True
pit6pob4.RTM,C:\SOURCE\RTM\iBkpob4.rtm,IBKPOB4.RTM,False
pit6pob4.RTM,C:\DBAMFG\IBKPOB4.RTM,IBKPOB4.RTM,False
pit6pob4.RTM,C:\DBAMFG\bkpob4.rtm,BKPOB4.RTM,False
pit6sob2.RTM,C:\TASPRO7\dba7\pit6sob2.RTM,PIT6SOB2.RTM,True
pit6sob2.RTM,C:\SOURCE\RTM\iBksob2.rtm,IBKSOB2.RTM,False
pit6sob3.RTM,C:\TASPRO7\dba7\pit6sob3.RTM,PIT6SOB3.RTM,True
pit6sob3.RTM,C:\SOURCE\RTM\iBksob3.rtm,IBKSOB3.RTM,False
pit6sob4.RTM,C:\TASPRO7\dba7\pit6sob4.RTM,PIT6SOB4.RTM,True
pit6sob4.RTM,C:\SOURCE\RTM\iBksob4.rtm,IBKSOB4.RTM,False
pit6sof1.RTM,C:\TASPRO7\dba7\pit6sof1.RTM,PIT6SOF1.RTM,True
pit6sof1.RTM,C:\SOURCE\RTM\ibksof1.rtm,IBKSOF1.RTM,False
pit6sof1.RTM,C:\DBAMFG\bksof1.RTM,BKSOF1.RTM,False
pit6sof1.RTM,C:\DBAMFG\bksof1.RTM,BKSOF1.RTM,False
pit6sof1.RTM,C:\DBAMFG\bksof1.RTM,BKSOF1.RTM,False
pit6sof1.RTM,C:\DBAMFG\bksof1.RTM,BKSOF1.RTM,False
pit6sof1.RTM,C:\DBAMFG\bksof1.RTM,BKSOF1.RTM,False
pit6sof2.RTM,C:\TASPRO7\dba7\pit6sof2.RTM,PIT6SOF2.RTM,True
pit6sof2.RTM,C:\SOURCE\RTM\iBksof2.RTM,IBKSOF2.RTM,False
pit6sof2.RTM,C:\DBAMFG\bksof2.RTM,BKSOF2.RTM,False
pit6sof2.RTM,C:\DBAMFG\bksof2.RTM,BKSOF2.RTM,False
pit6sof2.RTM,C:\DBAMFG\bksof2.RTM,BKSOF2.RTM,False
pit6sof2.RTM,C:\DBAMFG\bksof2.RTM,BKSOF2.RTM,False
pit6sof3.RTM,C:\TASPRO7\dba7\pit6sof3.RTM,PIT6SOF3.RTM,True
pit6sof3.RTM,C:\SOURCE\RTM\iBksof3.rtm,IBKSOF3.RTM,False
pit6sof3.RTM,C:\SOURCE\apr99\iBksof3.RTM,IBKSOF3.RTM,False
pit6sof3.RTM,C:\SOURCE\apr99\iBksof3.RTM,IBKSOF3.RTM,False
pit6sof3.RTM,C:\SOURCE\apr99\iBksof3.RTM,IBKSOF3.RTM,False
pit6sof3.RTM,C:\SOURCE\apr99\iBksof3.RTM,IBKSOF3.RTM,False
pit6sof3.RTM,C:\SOURCE\apr99\iBksof3.RTM,IBKSOF3.RTM,False
pit6sof4.RTM,C:\TASPRO7\dba7\pit6sof4.RTM,PIT6SOF4.RTM,True
pit6sof4.RTM,C:\SOURCE\RTM\iBksof4.rtm,IBKSOF4.RTM,False
pit6sof4.RTM,C:\SOURCE\apr99\iBksof4.rtm,IBKSOF4.RTM,False
pit6sof4.RTM,C:\SOURCE\apr99\iBksof4.rtm,IBKSOF4.RTM,False
pit6sof4.RTM,C:\SOURCE\apr99\iBksof4.rtm,IBKSOF4.RTM,False
pit6sof4.RTM,C:\SOURCE\apr99\iBksof4.rtm,IBKSOF4.RTM,False
pit6sof4.RTM,C:\DBAMFG\BKSOF4.RTM,BKSOF4.RTM,False
pt6pob1.RTM,C:\TASPRO7\dba7\pt6pob1.RTM,PT6POB1.RTM,True
pt6pob1.RTM,C:\SOURCE\RTM\Bkpob1.rtm,BKPOB1.RTM,False
pt6pob1.RTM,C:\SOURCE\RTM\Bkpob1.rtm,BKPOB1.RTM,False
pt6pob1.RTM,C:\SOURCE\RTM\Bkpob1.rtm,BKPOB1.RTM,False
pt6pob1.RTM,C:\DBAMFG\bkpob1.RTM,BKPOB1.RTM,False
pt6pob2.RTM,C:\TASPRO7\dba7\pt6pob2.RTM,PT6POB2.RTM,True
pt6pob2.RTM,C:\SOURCE\RTM\Bkpob2.rtm,BKPOB2.RTM,False
pt6pob2.RTM,C:\DBAMFG\bkpob2.rtm,BKPOB2.RTM,False
pt6pob2.RTM,C:\DBAMFG\bkpob2.rtm,BKPOB2.RTM,False
pt6pob2.RTM,C:\DBAMFG\bkpob2.rtm,BKPOB2.RTM,False
pt6pob4.RTM,C:\TASPRO7\dba7\pt6pob4.RTM,PT6POB4.RTM,True
pt6pob4.RTM,C:\SOURCE\RTM\Bkpob4.rtm,BKPOB4.RTM,False
pt6pob4.RTM,C:\DBAMFG\bkpob4.rtm,BKPOB4.RTM,False
pt6pob4.RTM,C:\DBAMFG\bkpob4.rtm,BKPOB4.RTM,False
pt6pob4.RTM,C:\DBAMFG\bkpob4.rtm,BKPOB4.RTM,False
pt6sob1.RTM,C:\TASPRO7\dba7\pt6sob1.RTM,PT6SOB1.RTM,True
pt6sob1.RTM,C:\SOURCE\RTM\Bksob1.rtm,BKSOB1.RTM,False
pt6sob1.RTM,C:\DBAMFG\bksob1.RTM,BKSOB1.RTM,False
pt6sob2.RTM,C:\TASPRO7\dba7\pt6sob2.RTM,PT6SOB2.RTM,True
pt6sob2.RTM,C:\SOURCE\RTM\Bksob2.rtm,BKSOB2.RTM,False
pt6sob3.RTM,C:\TASPRO7\dba7\pt6sob3.RTM,PT6SOB3.RTM,True
pt6sob3.RTM,C:\SOURCE\RTM\Bksob3.rtm,BKSOB3.RTM,False
pt6sob3.RTM,C:\SOURCE\apr99\Bksob3.rtm,BKSOB3.RTM,False
pt6sob3.RTM,C:\SOURCE\apr99\Bksob3.rtm,BKSOB3.RTM,False
pt6sob3.RTM,C:\SOURCE\apr99\Bksob3.rtm,BKSOB3.RTM,False
pt6sob4.RTM,C:\TASPRO7\dba7\pt6sob4.RTM,PT6SOB4.RTM,True
pt6sob4.RTM,C:\SOURCE\RTM\Bksob4.rtm,BKSOB4.RTM,False
pt6sof1.RTM,C:\TASPRO7\dba7\pt6sof1.RTM,PT6SOF1.RTM,True
pt6sof1.RTM,C:\SOURCE\RTM\Bksof1.rtm,BKSOF1.RTM,False
pt6sof1.RTM,C:\DBAMFG\bksof1.RTM,BKSOF1.RTM,False
pt6sof1.RTM,C:\DBAMFG\bksof1.RTM,BKSOF1.RTM,False
pt6sof1.RTM,C:\DBAMFG\bksof1.RTM,BKSOF1.RTM,False
pt6sof1.RTM,C:\DBAMFG\bksof1.RTM,BKSOF1.RTM,False
pt6sof1.RTM,C:\DBAMFG\bksof1.RTM,BKSOF1.RTM,False
pt6sof2.RTM,C:\TASPRO7\dba7\pt6sof2.RTM,PT6SOF2.RTM,True
pt6sof2.RTM,C:\SOURCE\RTM\bksof2.rtm,BKSOF2.RTM,False
pt6sof2.RTM,C:\DBAMFG\bksof2.RTM,BKSOF2.RTM,False
pt6sof2.RTM,C:\DBAMFG\bksof2.RTM,BKSOF2.RTM,False
pt6sof2.RTM,C:\DBAMFG\bksof2.RTM,BKSOF2.RTM,False
pt6sof2.RTM,C:\DBAMFG\bksof2.RTM,BKSOF2.RTM,False
pt6sof3.RTM,C:\TASPRO7\dba7\pt6sof3.RTM,PT6SOF3.RTM,True
pt6sof3.RTM,C:\SOURCE\RTM\Bksof3.rtm,BKSOF3.RTM,False
pt6sof3.RTM,C:\DBAMFG\bksof3.RTM,BKSOF3.RTM,False
pt6sof3.RTM,C:\DBAMFG\bksof3.RTM,BKSOF3.RTM,False
pt6sof3.RTM,C:\DBAMFG\bksof3.RTM,BKSOF3.RTM,False
pt6sof3.RTM,C:\DBAMFG\bksof3.RTM,BKSOF3.RTM,False
pt6sof3.RTM,C:\DBAMFG\bksof3.RTM,BKSOF3.RTM,False
pt6sof4.RTM,C:\TASPRO7\dba7\pt6sof4.RTM,PT6SOF4.RTM,True
pt6sof4.RTM,C:\SOURCE\RTM\bksof4.rtm,BKSOF4.RTM,False
pt6sof4.RTM,C:\DBAMFG\BKSOF4.RTM,BKSOF4.RTM,False
pt6sof4.RTM,C:\DBAMFG\BKSOF4.RTM,BKSOF4.RTM,False
pt6sof4.RTM,C:\DBAMFG\BKSOF4.RTM,BKSOF4.RTM,False
pt6sof4.RTM,C:\DBAMFG\BKSOF4.RTM,BKSOF4.RTM,False
pt6sof4.RTM,C:\DBAMFG\BKSOF4.RTM,BKSOF4.RTM,False
rtmtest.rtm,C:\ISTECH\rtmtest.RTM,RTMTEST.RTM,True
shipcal.RTM,C:\TASPRO7\DBA7\shipcal.RTM,SHIPCAL.RTM,True
shipcal1.RTM,C:\TASPRO7\DBA7\shipcal.RTM,SHIPCAL.RTM,False
t6ABWOC3.RTM,\\I2s109-solidcrm\dbamfg$\t6ABWOC3.RTM,T6ABWOC3.RTM,True
t6ABWOC3.RTM,C:\DBAMFG\BKwoc1.RTM,BKWOC1.RTM,False
t6ABWOC3.RTM,C:\DBAMFG\BKwoc1.RTM,BKWOC1.RTM,False
t6ABWOC3.RTM,C:\DBAMFG\BKwoc1.RTM,BKWOC1.RTM,False
t6ABWOC3.RTM,C:\SOURCE\RTM\BKwoc1.rtm,BKWOC1.RTM,False
t6ABWOC3.RTM,C:\SOURCE\RTM\BKwoc1.rtm,BKWOC1.RTM,False
t6ABWOC3.RTM,C:\DBAMFG\BKWOC1.RTM,BKWOC1.RTM,False
t6ABWOC3.RTM,C:\DBAMFG\bkwoc1.rtm,BKWOC1.RTM,False
t6ABWOC3.RTM,C:\DBAMFG\BKWOC1.RTM,BKWOC1.RTM,False
t6ABWOC3.RTM,C:\DBAMFG\BKWOC1.RTM,BKWOC1.RTM,False
t6ABWOC4.RTM,\\I2s109-solidcrm\dbamfg$\t6ABWOC4.RTM,T6ABWOC4.RTM,True
t6ABWOC4.RTM,C:\DBAMFG\BKwoc1.RTM,BKWOC1.RTM,False
t6ABWOC4.RTM,C:\DBAMFG\BKwoc1.RTM,BKWOC1.RTM,False
t6ABWOC4.RTM,C:\DBAMFG\BKwoc1.RTM,BKWOC1.RTM,False
t6ABWOC4.RTM,C:\SOURCE\RTM\BKwoc1.rtm,BKWOC1.RTM,False
t6ABWOC4.RTM,C:\SOURCE\RTM\BKwoc1.rtm,BKWOC1.RTM,False
t6ABWOC4.RTM,C:\DBAMFG\BKWOC1.RTM,BKWOC1.RTM,False
t6ABWOC4.RTM,C:\DBAMFG\bkwoc1.rtm,BKWOC1.RTM,False
t6ABWOC4.RTM,C:\DBAMFG\BKWOC1.RTM,BKWOC1.RTM,False
t6ABWOC4.RTM,C:\DBAMFG\BKWOC1.RTM,BKWOC1.RTM,False
t6ABrma1.RTM,\\I2s109-solidcrm\dbamfg$\t6ABrma1.RTM,T6ABRMA1.RTM,True
t6ABrma1.RTM,C:\SOURCE\RTM\Bksob4.rtm,BKSOB4.RTM,False
t6ABrma1.RTM,C:\DBAMFG\bksrb4.rtm,BKSRB4.RTM,False
t6ABrma1.RTM,C:\DBAMFG\bksrb4.rtm,BKSRB4.RTM,False
t6ARE1.RTM,C:\TASPro6\DBA\t6are1.RTM,T6ARE1.RTM,True
t6ARE1.RTM,C:\DBAMFG\bkare1.RTM,BKARE1.RTM,False
t6ARE1.RTM,C:\DBAMFG\bkare1.RTM,BKARE1.RTM,False
t6ARE2.RTM,C:\TASPro6\DBA\t6are2.RTM,T6ARE2.RTM,True
t6ARE2.RTM,C:\DBAMFG\bkare2.RTM,BKARE2.RTM,False
t6ARE2.RTM,C:\DBAMFG\bkare2.RTM,BKARE2.RTM,False
t6ARE3.RTM,C:\TASPro6\DBA\t6are3.RTM,T6ARE3.RTM,True
t6ARE3.RTM,C:\DBAMFG\bkare3.RTM,BKARE3.RTM,False
t6ARE3.RTM,C:\DBAMFG\bkare3.RTM,BKARE3.RTM,False
t6ESD1.RTM,C:\TASPRO7\DBA7\t6ESD1.RTM,T6ESD1.RTM,True
t6ESD1.RTM,C:\DBAMFG\bkesd1.RTM,BKESD1.RTM,False
t6ESD1.RTM,C:\DBAMFG\bkesd1.RTM,BKESD1.RTM,False
t6ESD2.RTM,C:\TASPRO7\DBA7\t6ESD2.RTM,T6ESD2.RTM,True
t6ESD2.RTM,C:\DBAMFG\bkesd2.RTM,BKESD2.RTM,False
t6ESD2.RTM,C:\DBAMFG\bkesd2.RTM,BKESD2.RTM,False
t6ESD3.RTM,C:\TASPRO7\DBA7\t6ESD3.RTM,T6ESD3.RTM,True
t6ESD3.RTM,C:\DBAMFG\bkesd3.RTM,BKESD3.RTM,False
t6ESD3.RTM,C:\DBAMFG\bkesd3.RTM,BKESD3.RTM,False
t6ESD4.RTM,C:\TASPRO7\DBA7\t6ESD4.RTM,T6ESD4.RTM,True
t6ESD4.RTM,C:\DBAMFG\bkesd4.RTM,BKESD4.RTM,False
t6ESD4.RTM,C:\DBAMFG\bkesd2.RTM,BKESD2.RTM,False
t6GLD1.RTM,C:\TASPRO7\DBA7\t6GLD1.RTM,T6GLD1.RTM,True
t6GLD1.RTM,C:\DBAMFG\BKISWCE1.RTM,BKISWCE1.RTM,False
t6GLD1.RTM,C:\DBAMFG\BKISWCE1.RTM,BKISWCE1.RTM,False
t6GLD1.RTM,C:\DBAMFG\BKISWCE1.RTM,BKISWCE1.RTM,False
t6POK.RTM,C:\ISTECH\t6POK.RTM,T6POK.RTM,True
t6apg1.rtm,C:\TASPRO7\DBA7\T7APG1.RTM,T7APG1.RTM,False
t6apg1.rtm,C:\DBAMFG\bksam1.rtm,BKSAM1.RTM,False
t6apg99.rtm,D:\EVOERP\t6apg99.RTM,T6APG99.RTM,True
t6apg99.rtm,C:\DBAMFG\bksam1.rtm,BKSAM1.RTM,False
t6api1a.RTM,C:\TASPRO7\DBA7\t6api1a.RTM,T6API1A.RTM,True
t6api1a.RTM,C:\DBAMFG\bksam1.rtm,BKSAM1.RTM,False
t6api2.RTM,C:\TASPRO7\DBA7\t6api2.RTM,T6API2.RTM,True
t6api2.RTM,C:\DBAMFG\bksam1.rtm,BKSAM1.RTM,False
t6api3.RTM,C:\TASPRO7\DBA7\t6api3.RTM,T6API3.RTM,True
t6api3.RTM,C:\DBAMFG\bksam1.rtm,BKSAM1.RTM,False
t6apits2.RTM,C:\TASPRO7\dba7\t6apits2.RTM,T6APITS2.RTM,True
t6apitst.RTM,C:\TASPRO7\dba7\t6apitst.RTM,T6APITST.RTM,True
t6apj1.rtm,E:\DBAMFG\t6apj1.rtm,T6APJ1.RTM,True
t6apj1.rtm,C:\DBAMFG\bksam1.rtm,BKSAM1.RTM,False
t6apm1.RTM,C:\TASPro6\DBA\t6apm1.RTM,T6APM1.RTM,True
t6apm2.RTM,C:\TASPro6\DBA\t6apm2.RTM,T6APM2.RTM,True
t6apm3.RTM,C:\TASPro6\DBA\t6apm3.RTM,T6APM3.RTM,True
t6are4.RTM,C:\TASPRO7\dba7\t6are4.rtm,T6ARE4.RTM,True
t6are4.RTM,C:\ISTECH\Bkare4.rtm,BKARE4.RTM,False
t6are4.RTM,C:\ISTECH\Bkare4.rtm,BKARE4.RTM,False
t6are4.RTM,C:\ISTECH\Bkare4.rtm,BKARE4.RTM,False
t6arf1.RTM,C:\DBAMFG\t6arf1.RTM,T6ARF1.RTM,True
t6arf1.RTM,C:\DBAMFG\bksam1.rtm,BKSAM1.RTM,False
t6arf1X.rtm,\\2008-server\evoerp\t6arf1X.RTM,T6ARF1X.RTM,True
t6arf1X.rtm,C:\DBAMFG\bksam1.rtm,BKSAM1.RTM,False
t6arf1a.rtm,D:\EVOERP\t6arf1a.RTM,T6ARF1A.RTM,True
t6arf1a.rtm,C:\DBAMFG\bksam1.rtm,BKSAM1.RTM,False
t6arf2.RTM,C:\TASPRO7\dba7\t6arf2.RTM,T6ARF2.RTM,True
t6arf2.RTM,C:\DBAMFG\bksam1.rtm,BKSAM1.RTM,False
t6arf3.RTM,C:\TASPRO7\DBA7\t6arf3.RTM,T6ARF3.RTM,True
t6arf3.RTM,C:\DBAMFG\bksam1.rtm,BKSAM1.RTM,False
t6arf4.RTM,C:\TASPRO7\DBA7\t6arf4.RTM,T6ARF4.RTM,True
t6arf4.RTM,C:\DBAMFG\bksam1.rtm,BKSAM1.RTM,False
t6arg1.RTM,C:\TASPRO7\DBA7\t6arg1.RTM,T6ARG1.RTM,True
t6arg1.RTM,C:\DBAMFG\BKISWCE1.RTM,BKISWCE1.RTM,False
t6arg2.RTM,D:\evoerp\t6arg2.RTM,T6ARG2.RTM,True
t6arg2.RTM,C:\DBAMFG\BKISWCE1.RTM,BKISWCE1.RTM,False
t6ari1.RTM,C:\TASPro6\DBA\t6ari1.RTM,T6ARI1.RTM,True
t6ari2.RTM,C:\TASPro6\DBA\t6ari2.RTM,T6ARI2.RTM,True
t6ari3.RTM,C:\TASPro6\DBA\t6ari3.RTM,T6ARI3.RTM,True
t6ari4.RTM,C:\TASPro6\DBA\t6ari4.RTM,T6ARI4.RTM,True
t6ari5.rtm,C:\DBAMFG\t6ari5.rtm,T6ARI5.RTM,True
t6bmb.RTM,W:\t6bmb.RTM,T6BMB.RTM,True
t6bmb1.RTM,\\I2s109-solidcrm\dbamfg$\t6bmb1.RTM,T6BMB1.RTM,True
t6bmb1L.rtm,Z:\EVOERP\t6bmb1L.RTM,T6BMB1L.RTM,True
t6bmb2.RTM,C:\TASPRO7\DBA7\t6bmb2.RTM,T6BMB2.RTM,True
t6bmg1.RTM,D:\evoerp\t6bmg1.RTM,T6BMG1.RTM,True
t6bmg1.RTM,C:\DBAMFG\BKISWCE1.RTM,BKISWCE1.RTM,False
t6dcd1.RTM,C:\TASPRO7\DBA7\t6dcd1.RTM,T6DCD1.RTM,True
t6dcd1.RTM,C:\DBAMFG\bksam1.rtm,BKSAM1.RTM,False
t6dcd1.RTM,C:\DBAMFG\bksam1.rtm,BKSAM1.RTM,False
t6dcd1.RTM,C:\DBAMFG\bksam1.rtm,BKSAM1.RTM,False
t6dcd1t.rtm,D:\EVOERP\t6dcd1t.RTM,T6DCD1T.RTM,True
t6dcd1t.rtm,C:\DBAMFG\bksam1.rtm,BKSAM1.RTM,False
t6dcd1t.rtm,C:\DBAMFG\bksam1.rtm,BKSAM1.RTM,False
t6dcd1t.rtm,C:\DBAMFG\bksam1.rtm,BKSAM1.RTM,False
t6ddchk.RTM,C:\taspro7\DBA7\t6ddchk.RTM,T6DDCHK.RTM,True
t6dejh1.RTM,C:\TASPRO7\DBA7\t6dejh1.RTM,T6DEJH1.RTM,True
t6fob1.RTM,C:\TASPRO7\DBA7\t6fob1.RTM,T6FOB1.RTM,True
t6gfv1.rtm,C:\TASPRO7\DBA7\t6gfv1.RTM,T6GFV1.RTM,True
t6gfvs1.rtm,C:\TASPRO7\DBA7\t6gfvs1.RTM,T6GFVS1.RTM,True
t6glo1.RTM,C:\TASPRO7\dba7\t6glo1.RTM,T6GLO1.RTM,True
t6glo1.RTM,C:\DBAMFG\BKISWCE1.RTM,BKISWCE1.RTM,False
t6i2WOC3.RTM,\\I2s109-solidcrm\dbamfg$\t6i2WOC3.RTM,T6I2WOC3.RTM,True
t6i2WOC3.RTM,C:\DBAMFG\BKwoc1.RTM,BKWOC1.RTM,False
t6i2WOC3.RTM,C:\DBAMFG\BKwoc1.RTM,BKWOC1.RTM,False
t6i2WOC3.RTM,C:\DBAMFG\BKwoc1.RTM,BKWOC1.RTM,False
t6i2WOC3.RTM,C:\SOURCE\RTM\BKwoc1.rtm,BKWOC1.RTM,False
t6i2WOC3.RTM,C:\SOURCE\RTM\BKwoc1.rtm,BKWOC1.RTM,False
t6i2WOC3.RTM,C:\DBAMFG\BKWOC1.RTM,BKWOC1.RTM,False
t6i2WOC3.RTM,C:\DBAMFG\bkwoc1.rtm,BKWOC1.RTM,False
t6i2WOC3.RTM,C:\DBAMFG\BKWOC1.RTM,BKWOC1.RTM,False
t6i2WOC3.RTM,C:\DBAMFG\BKWOC1.RTM,BKWOC1.RTM,False
t6i2WOC4.RTM,\\I2s109-solidcrm\dbamfg$\t6i2WOC4.RTM,T6I2WOC4.RTM,True
t6i2WOC4.RTM,C:\DBAMFG\BKwoc1.RTM,BKWOC1.RTM,False
t6i2WOC4.RTM,C:\DBAMFG\BKwoc1.RTM,BKWOC1.RTM,False
t6i2WOC4.RTM,C:\DBAMFG\BKwoc1.RTM,BKWOC1.RTM,False
t6i2WOC4.RTM,C:\SOURCE\RTM\BKwoc1.rtm,BKWOC1.RTM,False
t6i2WOC4.RTM,C:\SOURCE\RTM\BKwoc1.rtm,BKWOC1.RTM,False
t6i2WOC4.RTM,C:\DBAMFG\BKWOC1.RTM,BKWOC1.RTM,False
t6i2WOC4.RTM,C:\DBAMFG\bkwoc1.rtm,BKWOC1.RTM,False
t6i2WOC4.RTM,C:\DBAMFG\BKWOC1.RTM,BKWOC1.RTM,False
t6i2WOC4.RTM,C:\DBAMFG\BKWOC1.RTM,BKWOC1.RTM,False
t6ind2.RTM,C:\TASPRO7\DBA7\t6ind2.RTM,T6IND2.RTM,True
t6ind2.RTM,C:\DBAMFG\BKISWCE1.RTM,BKISWCE1.RTM,False
t6ind3.RTM,C:\TASPRO7\DBA7\t6ind3.RTM,T6IND3.RTM,True
t6ind3.RTM,C:\DBAMFG\BKISWCE1.RTM,BKISWCE1.RTM,False
t6ine1.rtm,D:\evoerp\t6ine1.rtm,T6INE1.RTM,True
t6ine1.rtm,C:\DBAMFG\topsale.RTM,TOPSALE.RTM,False
t6ine1B.rtm,D:\EVOERP\t6ine1B.RTM,T6INE1B.RTM,True
t6ine1B.rtm,C:\DBAMFG\topsale.RTM,TOPSALE.RTM,False
t6ine1a.rtm,D:\EVOERP\t6ine1a.RTM,T6INE1A.RTM,True
t6ine1a.rtm,C:\DBAMFG\topsale.RTM,TOPSALE.RTM,False
t6ine1p.rtm,D:\EVOERP\t6ine1p.RTM,T6INE1P.RTM,True
t6ine1p.rtm,C:\DBAMFG\topsale.RTM,TOPSALE.RTM,False
t6ine2.RTM,T:\t6ine2.RTM,T6INE2.RTM,True
t6ine2.RTM,C:\DBAMFG\topsale.RTM,TOPSALE.RTM,False
t6inf1.RTM,C:\TASPRO7\DBA7\t6inf1.RTM,T6INF1.RTM,True
t6inf1.RTM,C:\DBAMFG\BKISWCE1.RTM,BKISWCE1.RTM,False
t6inf1a.rtm,D:\EVOERP\t6inf1a.RTM,T6INF1A.RTM,True
t6inf1a.rtm,C:\DBAMFG\BKISWCE1.RTM,BKISWCE1.RTM,False
t6inf1q.rtm,C:\TASPRO7\DBA7\t6inf1.RTM,T6INF1.RTM,False
t6inf1q.rtm,C:\DBAMFG\BKISWCE1.RTM,BKISWCE1.RTM,False
t6inf2.RTM,C:\TASPRO7\DBA7\t6inf2.RTM,T6INF2.RTM,True
t6inf2.RTM,C:\DBAMFG\BKISWCE1.RTM,BKISWCE1.RTM,False
t6inh1.RTM,C:\DBAMFG\t6inh1.RTM,T6INH1.RTM,True
t6inh1.RTM,C:\DBAMFG\BKISWCE1.RTM,BKISWCE1.RTM,False
t6inh1A.rtm,D:\EVOERP\t6inh1A.RTM,T6INH1A.RTM,True
t6inh1A.rtm,C:\DBAMFG\BKISWCE1.RTM,BKISWCE1.RTM,False
t6inh1D.RTM,C:\EvoERP\t6inh1D.RTM,T6INH1D.RTM,True
t6inh1D.RTM,C:\DBAMFG\BKISWCE1.RTM,BKISWCE1.RTM,False
t6inh1c.rtm,D:\EVOERP\t6inh1c.RTM,T6INH1C.RTM,True
t6inh1c.rtm,C:\DBAMFG\BKISWCE1.RTM,BKISWCE1.RTM,False
t6inh1r.rtm,D:\EVOERP\t6inh1r.RTM,T6INH1R.RTM,True
t6inh1r.rtm,C:\DBAMFG\BKISWCE1.RTM,BKISWCE1.RTM,False
t6ini1.RTM,C:\TASPRO7\dba7\t6ini1.RTM,T6INI1.RTM,True
t6ini1.RTM,C:\DBAMFG\BKISWCE1.RTM,BKISWCE1.RTM,False
t6inld1.RTM,C:\TASPRO7\DBA7\t6inld1.RTM,T6INLD1.RTM,True
t6inld1.RTM,C:\DBAMFG\topsale.RTM,TOPSALE.RTM,False
t6inlg1.RTM,C:\TASPRO7\DBA7\t6inlg1.RTM,T6INLG1.RTM,True
t6inlg1.RTM,C:\DBAMFG\BKISWCE1.RTM,BKISWCE1.RTM,False
t6inm1.RTM,C:\TASPRO7\DBA7\t6inm1.RTM,T6INM1.RTM,True
t6inm1.RTM,C:\DBAMFG\BKISWCE1.RTM,BKISWCE1.RTM,False
t6inna1.RTM,C:\TASPRO7\DBA7\t6inna1.RTM,T6INNA1.RTM,True
t6inna1.RTM,C:\DBAMFG\topsale.RTM,TOPSALE.RTM,False
t6innb1.RTM,C:\TASPRO7\DBA7\t6innb1.RTM,T6INNB1.RTM,True
t6innb1.RTM,C:\DBAMFG\topsale.RTM,TOPSALE.RTM,False
t6innc1.RTM,C:\TASPRO7\DBA7\t6innc1.RTM,T6INNC1.RTM,True
t6innc1.RTM,C:\DBAMFG\topsale.RTM,TOPSALE.RTM,False
t6innd1.RTM,C:\TASPRO7\DBA7\t6innd1.RTM,T6INND1.RTM,True
t6innd1.RTM,C:\DBAMFG\topsale.RTM,TOPSALE.RTM,False
t6innd2.RTM,C:\TASPRO7\DBA7\t6innd2.RTM,T6INND2.RTM,True
t6innd2.RTM,C:\DBAMFG\topsale.RTM,TOPSALE.RTM,False
t6ino1.RTM,C:\TASPRO7\DBA7\t6ino1.RTM,T6INO1.RTM,True
t6ino1.RTM,C:\DBAMFG\topsale.RTM,TOPSALE.RTM,False
t6ino1.RTM,C:\DBAMFG\topsale.RTM,TOPSALE.RTM,False
t6ino1.RTM,C:\DBAMFG\topsale.RTM,TOPSALE.RTM,False
t6ino1.RTM,C:\DBAMFG\topsale.RTM,TOPSALE.RTM,False
t6ino1.RTM,C:\DBAMFG\topsale.RTM,TOPSALE.RTM,False
t6ino1.RTM,C:\DBAMFG\topsale.RTM,TOPSALE.RTM,False
t6ino2.RTM,C:\TASPRO7\DBA7\t6ino2.RTM,T6INO2.RTM,True
t6ino2.RTM,C:\DBAMFG\topsale.RTM,TOPSALE.RTM,False
t6ino2.RTM,C:\DBAMFG\topsale.RTM,TOPSALE.RTM,False
t6ino2.RTM,C:\DBAMFG\topsale.RTM,TOPSALE.RTM,False
t6ino2.RTM,C:\DBAMFG\topsale.RTM,TOPSALE.RTM,False
t6ino2.RTM,C:\DBAMFG\topsale.RTM,TOPSALE.RTM,False
t6ino2.RTM,C:\DBAMFG\topsale.RTM,TOPSALE.RTM,False
t6islce1.RTM,C:\TASPRO7\dba7\t6islce1.RTM,T6ISLCE1.RTM,True
t6islce1.RTM,C:\DBAMFG\bksam1.rtm,BKSAM1.RTM,False
t6jca1.rtm,C:\DBAMFG\t6jca1.rtm,T6JCA1.RTM,True
t6lcc1.RTM,C:\TASPRO7\DBA7\t6lcc1.RTM,T6LCC1.RTM,True
t6lcc1.RTM,C:\DBAMFG\bksam1.rtm,BKSAM1.RTM,False
t6mrh1.RTM,C:\TASPRO7\DBA7\t6mrh1.RTM,T6MRH1.RTM,True
t6mrh1.RTM,C:\DBAMFG\BKISWCE1.RTM,BKISWCE1.RTM,False
t6mrh3.rtm,C:\TASPRO7\DBA7\t6mrh1.RTM,T6MRH1.RTM,False
t6mrh3.rtm,C:\DBAMFG\BKISWCE1.RTM,BKISWCE1.RTM,False
t6opsale.RTM,C:\TASPRO7\DBA7\t6opsale.RTM,T6OPSALE.RTM,True
t6opsale.RTM,C:\DBAMFG\topsale.RTM,TOPSALE.RTM,False
t6opsale.RTM,C:\DBAMFG\topsale.RTM,TOPSALE.RTM,False
t6opsale.RTM,C:\DBAMFG\topsale.RTM,TOPSALE.RTM,False
t6opsale.RTM,C:\DBAMFG\topsale.RTM,TOPSALE.RTM,False
t6opsale.RTM,C:\DBAMFG\topsale.RTM,TOPSALE.RTM,False
t6opsale.RTM,C:\DBAMFG\topsale.RTM,TOPSALE.RTM,False
t6opsale1.rtm,D:\EVOERP\t6opsale1.RTM,T6OPSALE1.RTM,True
t6opsale1.rtm,C:\DBAMFG\topsale.RTM,TOPSALE.RTM,False
t6opsale1.rtm,C:\DBAMFG\topsale.RTM,TOPSALE.RTM,False
t6opsale1.rtm,C:\DBAMFG\topsale.RTM,TOPSALE.RTM,False
t6opsale1.rtm,C:\DBAMFG\topsale.RTM,TOPSALE.RTM,False
t6opsale1.rtm,C:\DBAMFG\topsale.RTM,TOPSALE.RTM,False
t6opsale1.rtm,C:\DBAMFG\topsale.RTM,TOPSALE.RTM,False
t6pib12.rtm,C:\TASPRO7\DBA7\t6pib1.RTM,T6PIB1.RTM,False
t6pib12.rtm,C:\DBAMFG\bkpica1.RTM,BKPICA1.RTM,False
t6pica1.RTM,C:\DBAMFG\t6pica1.RTM,T6PICA1.RTM,True
t6pica1.RTM,C:\DBAMFG\bkpica1.RTM,BKPICA1.RTM,False
t6pif1.rtm,C:\TASPRO7\DBA7\t6pif1.rtm,T6PIF1.RTM,True
t6poia1.RTM,\\I2s109-solidcrm\dbamfg$\t6poia1.RTM,T6POIA1.RTM,True
t6poia1.RTM,C:\TASPro6\DBA\t6poia1.RTM,T6POIA1.RTM,True
t6poia1.RTM,C:\TASPro6\DBA\t6poia1.RTM,T6POIA1.RTM,True
t6poia1.RTM,C:\TASPro6\DBA\t6poie1.rtm,T6POIE1.RTM,False
t6poia1.RTM,C:\TASPro6\DBA\t6poia1.RTM,T6POIA1.RTM,True
t6poia1a.rtm,D:\EVOERP\t6poia1a.RTM,T6POIA1A.RTM,True
t6poia1a.rtm,C:\TASPro6\DBA\t6poia1.RTM,T6POIA1.RTM,False
t6poia1a.rtm,C:\TASPro6\DBA\t6poia1.RTM,T6POIA1.RTM,False
t6poia1a.rtm,C:\TASPro6\DBA\t6poie1.rtm,T6POIE1.RTM,False
t6poia1a.rtm,C:\TASPro6\DBA\t6poia1.RTM,T6POIA1.RTM,False
t6poia2.RTM,C:\TASPRO7\DBA7\t6poia2.RTM,T6POIA2.RTM,True
t6poia2.RTM,C:\TASPro6\DBA\bkpoia2.RTM,BKPOIA2.RTM,False
t6poia2.RTM,C:\TASPro6\DBA\bkpoia2.RTM,BKPOIA2.RTM,False
t6poia2.RTM,C:\TASPro6\DBA\t6poie1.rtm,T6POIE1.RTM,False
t6poia2.RTM,C:\TASPro6\DBA\bkpoia2.RTM,BKPOIA2.RTM,False
t6poib1.rtm,C:\TASPRO7\DBA7\t6poib1.rtm,T6POIB1.RTM,True
t6poib1.rtm,C:\TASPro6\DBA\t6poib1.RTM,T6POIB1.RTM,True
t6poib1.rtm,C:\TASPro6\DBA\t6poib1.RTM,T6POIB1.RTM,True
t6poib1.rtm,C:\TASPro6\DBA\t6poib1.RTM,T6POIB1.RTM,True
t6poib2.rtm,C:\TASPRO7\DBA7\t6poib2.rtm,T6POIB2.RTM,True
t6poib2.rtm,C:\TASPro6\DBA\t6poib2.RTM,T6POIB2.RTM,True
t6poib2.rtm,C:\TASPro6\DBA\t6poib2.RTM,T6POIB2.RTM,True
t6poib2.rtm,C:\TASPro6\DBA\t6poib2.RTM,T6POIB2.RTM,True
t6poie1.rtm,C:\TASPro6\DBA\t6poie1.rtm,T6POIE1.RTM,True
t6poie1.rtm,C:\TASPro6\DBA\t6poie1.rtm,T6POIE1.RTM,True
t6poie1.rtm,C:\TASPro6\DBA\t6poie1.rtm,T6POIE1.RTM,True
t6poie1.rtm,C:\TASPro6\DBA\t6poie1.rtm,T6POIE1.RTM,True
t6poie1.rtm,C:\TASPro6\DBA\t6poie1.rtm,T6POIE1.RTM,True
t6poie1v.RTM,D:\evoerp\t6poie1v.RTM,T6POIE1V.RTM,True
t6poie1v.RTM,C:\TASPro6\DBA\t6poie1.rtm,T6POIE1.RTM,False
t6poie1v.RTM,C:\TASPro6\DBA\t6poie1.rtm,T6POIE1.RTM,False
t6poie1v.RTM,C:\TASPro6\DBA\t6poie1.rtm,T6POIE1.RTM,False
t6poie1v.RTM,C:\TASPro6\DBA\t6poie1.rtm,T6POIE1.RTM,False
t6poie2.rtm,C:\TASPRO7\dba7\t6poie2.RTM,T6POIE2.RTM,True
t6poie2.rtm,C:\TASPro6\DBA\t6poie2.RTM,T6POIE2.RTM,True
t6poie2.rtm,C:\TASPro6\DBA\t6poie2.RTM,T6POIE2.RTM,True
t6poie2.rtm,C:\TASPro6\DBA\t6poie2.RTM,T6POIE2.RTM,True
t6poie2.rtm,C:\TASPro6\DBA\t6poie2.RTM,T6POIE2.RTM,True
t6poif1.rtm,C:\TASPRO7\dba7\t6poif1.RTM,T6POIF1.RTM,True
t6poif1.rtm,C:\TASPro6\DBA\t6poiF1.rtm,T6POIF1.RTM,True
t6poif1.rtm,C:\TASPro6\DBA\t6poiF1.rtm,T6POIF1.RTM,True
t6poif1.rtm,C:\TASPro6\DBA\t6poiF1.rtm,T6POIF1.RTM,True
t6poif1.rtm,C:\TASPro6\DBA\t6poiF1.rtm,T6POIF1.RTM,True
t6poif1.rtm,C:\TASPro6\DBA\t6poiF1.rtm,T6POIF1.RTM,True
t6poif2.rtm,C:\TASPRO7\dba7\t6poif2.RTM,T6POIF2.RTM,True
t6poif2.rtm,C:\TASPro6\DBA\t6poif2.RTM,T6POIF2.RTM,True
t6poif2.rtm,C:\TASPro6\DBA\t6poif2.RTM,T6POIF2.RTM,True
t6poif2.rtm,C:\TASPro6\DBA\t6poif2.RTM,T6POIF2.RTM,True
t6poif2.rtm,C:\TASPro6\DBA\t6poif2.RTM,T6POIF2.RTM,True
t6poif2.rtm,C:\TASPro6\DBA\t6poif2.RTM,T6POIF2.RTM,True
t6poig1.RTM,C:\TASPRO7\DBA7\t6poig1.RTM,T6POIG1.RTM,True
t6poig1.RTM,C:\DBAMFG\topsale.RTM,TOPSALE.RTM,False
t6poig2.rtm,C:\TASPRO7\DBA7\t6poig2.RTM,T6POIG2.RTM,True
t6poig2.rtm,C:\DBAMFG\topsale.RTM,TOPSALE.RTM,False
t6poih2.RTM,C:\DBAMFG\t6poih2.RTM,T6POIH2.RTM,True
t6poja1.RTM,T:\t6poja1.RTM,T6POJA1.RTM,True
t6poja1.RTM,C:\DBAMFG\bkpoja1.RTM,BKPOJA1.RTM,False
t6poja1.RTM,C:\DBAMFG\bkpoja1.RTM,BKPOJA1.RTM,False
t6poja1.RTM,C:\DBAMFG\bkpoja1.RTM,BKPOJA1.RTM,False
t6poja1.RTM,C:\DBAMFG\bkpoja1.RTM,BKPOJA1.RTM,False
t6poja1.RTM,C:\DBAMFG\bkpoja1.RTM,BKPOJA1.RTM,False
t6poja2.RTM,C:\TASPro6\DBA\t6poja2.RTM,T6POJA2.RTM,True
t6poja2.RTM,C:\DBAMFG\bkpoja1.RTM,BKPOJA1.RTM,False
t6poja2.RTM,C:\DBAMFG\bkpoja1.RTM,BKPOJA1.RTM,False
t6poja2.RTM,C:\DBAMFG\BKPOJA2a.RTM,BKPOJA2A.RTM,False
t6poja2.RTM,C:\DBAMFG\BKPOJA2a.RTM,BKPOJA2A.RTM,False
t6poja2.RTM,C:\DBAMFG\bkpoja1.RTM,BKPOJA1.RTM,False
t6pojb1.RTM,C:\TASPRO7\DBA7\t6pojb1.RTM,T6POJB1.RTM,True
t6pojb1.RTM,C:\DBAMFG\BKISWCE1.RTM,BKISWCE1.RTM,False
t6prd1.RTM,C:\DBAMFG\t6prd1.RTM,T6PRD1.RTM,True
t6prd2.rtm,C:\TASPro6\DBA\t6prd2.RTM,T6PRD2.RTM,True
t6qcfb1.RTM,C:\taspro7\DBA7\t6qcfb1.RTM,T6QCFB1.RTM,True
t6qcgb1.RTM,C:\taspro7\DBA7\t6qcgb1.RTM,T6QCGB1.RTM,True
t6qual1.rtm,C:\TASPRO7\DBA7\t6qual1.RTM,T6QUAL1.RTM,True
t6rma1.RTM,\\I2s109-solidcrm\dbamfg$\t6rma1.RTM,T6RMA1.RTM,True
t6rma1.RTM,C:\SOURCE\RTM\Bksob4.rtm,BKSOB4.RTM,False
t6rma1.RTM,C:\DBAMFG\bksrb4.rtm,BKSRB4.RTM,False
t6rma1.RTM,C:\DBAMFG\bksrb4.rtm,BKSRB4.RTM,False
t6rma2.RTM,\\I2s109-solidcrm\dbamfg$\t6rma2.RTM,T6RMA2.RTM,True
t6rma2.RTM,C:\SOURCE\RTM\Bksob4.rtm,BKSOB4.RTM,False
t6rma2.RTM,C:\DBAMFG\bksrb4.rtm,BKSRB4.RTM,False
t6rma2.RTM,C:\DBAMFG\bksrb4.rtm,BKSRB4.RTM,False
t6rma4.RTM,G:\t6rma4.RTM,T6RMA4.RTM,True
t6rma4.RTM,C:\SOURCE\RTM\Bksob4.rtm,BKSOB4.RTM,False
t6rma4.RTM,C:\DBAMFG\bksrb4.rtm,BKSRB4.RTM,False
t6rma4.RTM,C:\DBAMFG\bksrb4.rtm,BKSRB4.RTM,False
t6rma6.RTM,T:\t6rma6.RTM,T6RMA6.RTM,True
t6rma6.RTM,C:\SOURCE\RTM\Bksob4.rtm,BKSOB4.RTM,False
t6rma6.RTM,C:\DBAMFG\bksrb4.rtm,BKSRB4.RTM,False
t6rma6.RTM,C:\DBAMFG\bksrb4.rtm,BKSRB4.RTM,False
t6rma7.RTM,T:\t6rma7.RTM,T6RMA7.RTM,True
t6rma7.RTM,C:\SOURCE\RTM\Bksob4.rtm,BKSOB4.RTM,False
t6rma7.RTM,C:\DBAMFG\bksrb4.rtm,BKSRB4.RTM,False
t6rma7.RTM,C:\DBAMFG\bksrb4.rtm,BKSRB4.RTM,False
t6rma9.RTM,T:\t6rma5.RTM,T6RMA5.RTM,False
t6rma9.RTM,C:\SOURCE\RTM\Bksob4.rtm,BKSOB4.RTM,False
t6rma9.RTM,C:\DBAMFG\bksrb4.rtm,BKSRB4.RTM,False
t6rma9.RTM,C:\DBAMFG\bksrb4.rtm,BKSRB4.RTM,False
t6saa1.RTM,C:\TASPRO7\DBA7\t6saa1.RTM,T6SAA1.RTM,True
t6saa1.RTM,C:\DBAMFG\BKISWCE1.RTM,BKISWCE1.RTM,False
t6saa1a.rtm,D:\EVOERP\t6saa1a.RTM,T6SAA1A.RTM,True
t6saa1a.rtm,C:\DBAMFG\BKISWCE1.RTM,BKISWCE1.RTM,False
t6saa2.rtm,C:\TASPRO7\DBA7\t6saa2.RTM,T6SAA2.RTM,True
t6saa2.rtm,C:\DBAMFG\BKISWCE1.RTM,BKISWCE1.RTM,False
t6saa5.RTM,C:\TASPRO7\DBA7\t6saa5.RTM,T6SAA5.RTM,True
t6saa5.RTM,C:\DBAMFG\BKISWCE1.RTM,BKISWCE1.RTM,False
t6sam1.RTM,C:\TASPRO7\dba7\t6sam1.RTM,T6SAM1.RTM,True
t6sam1.RTM,C:\SOURCE\RTM\Bksam1.rtm,BKSAM1.RTM,False
t6sam1.RTM,C:\SOURCE\RTM\Bksam1.rtm,BKSAM1.RTM,False
t6sam1.RTM,C:\DBAMFG\bksam1.rtm,BKSAM1.RTM,False
t6sam1.RTM,C:\DBAMFG\bksam1.rtm,BKSAM1.RTM,False
t6sam1.RTM,C:\DBAMFG\bksam1.rtm,BKSAM1.RTM,False
t6sam1.RTM,C:\DBAMFG\bksam1.rtm,BKSAM1.RTM,False
t6sam1R.RTM,D:\Apps\dbamfg\t6sam1R.RTM,T6SAM1R.RTM,True
t6sam1R.RTM,C:\SOURCE\RTM\Bksam1.rtm,BKSAM1.RTM,False
t6sam1R.RTM,C:\SOURCE\RTM\Bksam1.rtm,BKSAM1.RTM,False
t6sam1R.RTM,C:\DBAMFG\bksam1.rtm,BKSAM1.RTM,False
t6sam1R.RTM,C:\DBAMFG\bksam1.rtm,BKSAM1.RTM,False
t6sam1R.RTM,C:\DBAMFG\bksam1.rtm,BKSAM1.RTM,False
t6sam1R.RTM,C:\DBAMFG\bksam1.rtm,BKSAM1.RTM,False
t6sam1c.rtm,D:\EVOERP\t6sam1c.RTM,T6SAM1C.RTM,True
t6sam1c.rtm,C:\SOURCE\RTM\Bksam1.rtm,BKSAM1.RTM,False
t6sam1c.rtm,C:\SOURCE\RTM\Bksam1.rtm,BKSAM1.RTM,False
t6sam1c.rtm,C:\DBAMFG\bksam1.rtm,BKSAM1.RTM,False
t6sam1c.rtm,C:\DBAMFG\bksam1.rtm,BKSAM1.RTM,False
t6sam1c.rtm,C:\DBAMFG\bksam1.rtm,BKSAM1.RTM,False
t6sam1c.rtm,C:\DBAMFG\bksam1.rtm,BKSAM1.RTM,False
t6sam1l.RTM,C:\TASPro6\DBA\t6sam1l.RTM,T6SAM1L.RTM,True
t6sam1l.RTM,C:\DBAMFG\BKSAM1L.RTM,BKSAM1L.RTM,False
t6sam1l.RTM,C:\DBAMFG\BKSAM1L.RTM,BKSAM1L.RTM,False
t6sam1l.RTM,C:\DBAMFG\BKSAM1L.RTM,BKSAM1L.RTM,False
t6sam1l.RTM,C:\DBAMFG\BKSAM1L.RTM,BKSAM1L.RTM,False
t6sam1l.RTM,C:\DBAMFG\BKSAM1L.RTM,BKSAM1L.RTM,False
t6sam1l.RTM,C:\DBAMFG\BKSAM1L.RTM,BKSAM1L.RTM,False
t6sam1la.rtm,D:\EVOERP\t6sam1la.RTM,T6SAM1LA.RTM,True
t6sam1la.rtm,C:\DBAMFG\BKSAM1L.RTM,BKSAM1L.RTM,False
t6sam1la.rtm,C:\DBAMFG\BKSAM1L.RTM,BKSAM1L.RTM,False
t6sam1la.rtm,C:\DBAMFG\BKSAM1L.RTM,BKSAM1L.RTM,False
t6sam1la.rtm,C:\DBAMFG\BKSAM1L.RTM,BKSAM1L.RTM,False
t6sam1la.rtm,C:\DBAMFG\BKSAM1L.RTM,BKSAM1L.RTM,False
t6sam1la.rtm,C:\DBAMFG\BKSAM1L.RTM,BKSAM1L.RTM,False
t6sam2.RTM,C:\TASPro6\DBA\t6sam2.RTM,T6SAM2.RTM,True
t6sam2.RTM,C:\SOURCE\RTM\Bksam1.rtm,BKSAM1.RTM,False
t6sam2.RTM,C:\SOURCE\RTM\Bksam1.rtm,BKSAM1.RTM,False
t6sam2.RTM,C:\DBAMFG\bksam1.rtm,BKSAM1.RTM,False
t6sam2.RTM,C:\DBAMFG\bksam1.rtm,BKSAM1.RTM,False
t6sam2.RTM,C:\DBAMFG\bksam1.rtm,BKSAM1.RTM,False
t6sam2.RTM,C:\DBAMFG\bksam1.rtm,BKSAM1.RTM,False
t6shi1.rtm,C:\TASPRO7\DBA7\t6shi1.rtm,T6SHI1.RTM,True
t6shi1.rtm,C:\DBAMFG\BKISWCE1.RTM,BKISWCE1.RTM,False
t6shi2.RTM,C:\TASPRO7\DBA7\t6shi2.RTM,T6SHI2.RTM,True
t6shi2.RTM,C:\DBAMFG\BKISWCE1.RTM,BKISWCE1.RTM,False
t6shi3.rtm,C:\TASPRO7\DBA7\t6shi3.RTM,T6SHI3.RTM,True
t6shi3.rtm,C:\DBAMFG\BKISWCE1.RTM,BKISWCE1.RTM,False
t6shi4.rtm,C:\TASPRO7\DBA7\t6shi4.RTM,T6SHI4.RTM,True
t6shi4.rtm,C:\DBAMFG\BKISWCE1.RTM,BKISWCE1.RTM,False
t6shp1.RTM,C:\TASPRO7\DBA7\t6shp1.RTM,T6SHP1.RTM,True
t6shp1.RTM,C:\DBAMFG\BKISWCE1.RTM,BKISWCE1.RTM,False
t6smjc.rtm,C:\TASPRO7\DBA7\t6smjc.RTM,T6SMJC.RTM,True
t6smjc1.RTM,C:\TASPRO7\DBA7\t6smjc1.RTM,T6SMJC1.RTM,True
t6sob4c.RTM,C:\TASPRO7\dba7\t6sob4c.RTM,T6SOB4C.RTM,True
t6sob4c.RTM,C:\SOURCE\RTM\Bksob4.rtm,BKSOB4.RTM,False
t6soc3d.rtm,C:\DBAMFG\t6soc3d.rtm,T6SOC3D.RTM,True
t6soc3d.rtm,C:\DBAMFG\Bksoc3.rtm,BKSOC3.RTM,False
t6soc3d.rtm,C:\DBAMFG\bksoc3.RTM,BKSOC3.RTM,False
t6soc3d.rtm,C:\DBAMFG\bksoc3.RTM,BKSOC3.RTM,False
t6soc4bb.rtm,C:\TASPRO7\dba7\t6soc4bb.RTM,T6SOC4BB.RTM,True
t6soc4bb.rtm,C:\DBAMFG\Bksoc4.rtm,BKSOC4.RTM,False
t6soc4bb.rtm,C:\DBAMFG\bksoc4.RTM,BKSOC4.RTM,False
t6soc4bb.rtm,C:\DBAMFG\bksoc4.RTM,BKSOC4.RTM,False
t6soc4w.rtm,C:\TASPRO7\dba7\t6soc4bb.RTM,T6SOC4BB.RTM,False
t6soc4w.rtm,C:\DBAMFG\Bksoc4.rtm,BKSOC4.RTM,False
t6soc4w.rtm,C:\DBAMFG\bksoc4.RTM,BKSOC4.RTM,False
t6soc4w.rtm,C:\DBAMFG\bksoc4.RTM,BKSOC4.RTM,False
t6socal.RTM,C:\TASPRO7\DBA7\t6socal.RTM,T6SOCAL.RTM,True
t6socal2.RTM,C:\TASPRO7\DBA7\t6socal2.RTM,T6SOCAL2.RTM,True
t6sok1.RTM,C:\TASPRO7\DBA7\T6SOK1.RTM,T6SOK1.RTM,True
t6sok1.RTM,C:\DBAMFG\BKISWCE1.RTM,BKISWCE1.RTM,False
t6som1.RTM,C:\TASPRO7\dba7\T6SOM1.RTM,T6SOM1.RTM,True
t6som1.RTM,C:\DBAMFG\bksom1.rtm,BKSOM1.RTM,False
t6som1.RTM,C:\DBAMFG\bksom1.rtm,BKSOM1.RTM,False
t6som1.RTM,C:\DBAMFG\bksom1.rtm,BKSOM1.RTM,False
t6som1.RTM,C:\DBAMFG\bksom1.rtm,BKSOM1.RTM,False
t6som2.RTM,C:\TASPRO7\dba7\t6som2.RTM,T6SOM2.RTM,True
t6som2.RTM,C:\DBAMFG\bksom2.RTM,BKSOM2.RTM,False
t6som3.RTM,C:\TASPRO7\dba7\T6SOM3.RTM,T6SOM3.RTM,True
t6som3.RTM,C:\DBAMFG\bksom3.RTM,BKSOM3.RTM,False
t6som3.RTM,C:\DBAMFG\bksom3.RTM,BKSOM3.RTM,False
t6som3.RTM,C:\DBAMFG\bksom3.RTM,BKSOM3.RTM,False
t6som3.RTM,C:\DBAMFG\bksom3.RTM,BKSOM3.RTM,False
t6som4.RTM,C:\TASPRO7\dba7\t6som4.RTM,T6SOM4.RTM,True
t6som4.RTM,C:\DBAMFG\bksom4.RTM,BKSOM4.RTM,False
t6soma1.RTM,C:\TASPRO7\dba7\t6soma1.RTM,T6SOMA1.RTM,True
t6soma1.RTM,C:\SOURCE\RTM\Bksob1.rtm,BKSOB1.RTM,False
t6soma1.RTM,C:\DBAMFG\bksob1.RTM,BKSOB1.RTM,False
t6soma2.RTM,C:\TASPRO7\dba7\t6soma2.RTM,T6SOMA2.RTM,True
t6soma2.RTM,C:\DBAMFG\bksob1.RTM,BKSOB1.RTM,False
t6soma3.RTM,C:\TASPRO7\dba7\t6soma3.RTM,T6SOMA3.RTM,True
t6soma3.RTM,C:\SOURCE\RTM\Bksob3.rtm,BKSOB3.RTM,False
t6soma3.RTM,C:\SOURCE\apr99\Bksob3.rtm,BKSOB3.RTM,False
t6soma3.RTM,C:\SOURCE\apr99\Bksob3.rtm,BKSOB3.RTM,False
t6soma3.RTM,C:\SOURCE\apr99\Bksob3.rtm,BKSOB3.RTM,False
t6soma4.RTM,C:\TASPRO7\dba7\t6soma4.RTM,T6SOMA4.RTM,True
t6soma4.RTM,C:\SOURCE\apr99\Bksob3.rtm,BKSOB3.RTM,False
t6soof1.RTM,C:\TASPRO7\DBA7\t6soof1.RTM,T6SOOF1.RTM,True
t6soof1.RTM,C:\DBAMFG\bksam1.rtm,BKSAM1.RTM,False
t6soof1b.rtm,D:\EVOERP\t6soof1b.RTM,T6SOOF1B.RTM,True
t6soof1b.rtm,C:\DBAMFG\bksam1.rtm,BKSAM1.RTM,False
t6soof2.rtm,C:\TASPRO7\DBA7\t6soof2.RTM,T6SOOF2.RTM,True
t6soof2.rtm,C:\DBAMFG\bksam1.rtm,BKSAM1.RTM,False
t6soof3.rtm,C:\TASPRO7\DBA7\t6soof3.RTM,T6SOOF3.RTM,True
t6soof3.rtm,C:\DBAMFG\bksam1.rtm,BKSAM1.RTM,False
t6soof5.rtm,C:\dbamfg\t6soof4.rtm,T6SOOF4.RTM,False
t6soof5.rtm,C:\DBAMFG\bksam1.rtm,BKSAM1.RTM,False
t6sooj2.RTM,C:\TASPRO7\dba7\t6sooj2.RTM,T6SOOJ2.RTM,True
t6sooj2.RTM,C:\DBAMFG\bksooj1.RTM,BKSOOJ1.RTM,False
t6sooj2.RTM,C:\DBAMFG\bksooj1.RTM,BKSOOJ1.RTM,False
t6sooj2.RTM,C:\DBAMFG\bksooj1.RTM,BKSOOJ1.RTM,False
t6sooj2.RTM,C:\DBAMFG\bksooj1.RTM,BKSOOJ1.RTM,False
t6sooj2.RTM,C:\DBAMFG\bksooj1.RTM,BKSOOJ1.RTM,False
t6sooj2.RTM,C:\DBAMFG\bksooj1.RTM,BKSOOJ1.RTM,False
t6sook2.RTM,C:\TASPRO7\dba7\t6sook2.RTM,T6SOOK2.RTM,True
t6sook2.RTM,D:\My Documents\RTMs\T6sook1.rtm,T6SOOK1.RTM,False
t6sook2.RTM,D:\My Documents\RTMs\T6sook1.rtm,T6SOOK1.RTM,False
t6sook2.RTM,D:\My Documents\RTMs\T6sook1.rtm,T6SOOK1.RTM,False
t6sook2.RTM,D:\My Documents\RTMs\T6sook1.rtm,T6SOOK1.RTM,False
t6sook2.RTM,D:\My Documents\RTMs\T6sook1.rtm,T6SOOK1.RTM,False
t6sook2.RTM,D:\My Documents\RTMs\T6sook1.rtm,T6SOOK1.RTM,False
t6soom1.RTM,C:\TASPRO7\DBA7\t6soom1.RTM,T6SOOM1.RTM,True
t6soom1.RTM,C:\DBAMFG\BKISWCE1.RTM,BKISWCE1.RTM,False
t6soom2.RTM,\\I2s109-solidcrm\dbamfg$\t6soom2.RTM,T6SOOM2.RTM,True
t6soom2.RTM,C:\DBAMFG\BKISWCE1.RTM,BKISWCE1.RTM,False
t6soon1.RTM,C:\TASPRO7\DBA7\t6soon1.RTM,T6SOON1.RTM,True
t6soon1.RTM,C:\DBAMFG\BKISWCE1.RTM,BKISWCE1.RTM,False
t6soon2.RTM,C:\TASPRO7\DBA7\t6soon2.RTM,T6SOON2.RTM,True
t6soon2.RTM,C:\DBAMFG\BKISWCE1.RTM,BKISWCE1.RTM,False
t6soon3.RTM,C:\TASPRO7\DBA7\t6soon3.RTM,T6SOON3.RTM,True
t6soon3.RTM,C:\DBAMFG\BKISWCE1.RTM,BKISWCE1.RTM,False
t6soon4.RTM,\\I2s109-solidcrm\dbamfg$\t6soon4.RTM,T6SOON4.RTM,True
t6soon4.RTM,C:\DBAMFG\BKISWCE1.RTM,BKISWCE1.RTM,False
t6sopb4x.rtm,C:\Documents and Settings\dustin.alton\Desktop\t6sopb4.RTM,T6SOPB4.RTM,False
t6sopb4x.rtm,C:\DBAMFG\bksopb4.RTM,BKSOPB4.RTM,False
t6soqb1.RTM,C:\TASPRO7\DBA7\t6soqb1.RTM,T6SOQB1.RTM,True
t6soqb1.RTM,C:\DBAMFG\BKISWCE1.RTM,BKISWCE1.RTM,False
t6soqe1.RTM,C:\TASPRO7\DBA7\t6soqe1.RTM,T6SOQE1.RTM,True
t6soqe1.RTM,C:\DBAMFG\BKISWCE1.RTM,BKISWCE1.RTM,False
t6soqg1.RTM,C:\TASPRO7\DBA7\t6soqg1.RTM,T6SOQG1.RTM,True
t6soqg1.RTM,C:\DBAMFG\BKISWCE1.RTM,BKISWCE1.RTM,False
t6soqi1.RTM,C:\TASPRO7\DBA7\t6soqi1.RTM,T6SOQI1.RTM,True
t6soqi1.RTM,C:\DBAMFG\BKISWCE1.RTM,BKISWCE1.RTM,False
t6soqj1.RTM,C:\TASPRO7\DBA7\t6soqj1.RTM,T6SOQJ1.RTM,True
t6soqj1.RTM,C:\DBAMFG\BKISWCE1.RTM,BKISWCE1.RTM,False
t6soqk1.rtm,C:\taspro7\DBA7\t6soqk1.RTM,T6SOQK1.RTM,True
t6soqk1.rtm,C:\DBAMFG\BKISWCE1.RTM,BKISWCE1.RTM,False
t6soqk2.rtm,C:\taspro7\DBA7\t6soqk2.RTM,T6SOQK2.RTM,True
t6soqk2.rtm,C:\DBAMFG\BKISWCE1.RTM,BKISWCE1.RTM,False
t6srb1.rtm,C:\TASPRO7\DBA7\t6srb1.rtm,T6SRB1.RTM,True
t6srb1.rtm,C:\SOURCE\RTM\Bksob1.rtm,BKSOB1.RTM,False
t6srb1.rtm,C:\DBAMFG\bksrb4.rtm,BKSRB4.RTM,False
t6srb1.rtm,C:\DBAMFG\bksrb4.rtm,BKSRB4.RTM,False
t6srb1.rtm,C:\DBAMFG\bksob1.RTM,BKSOB1.RTM,False
t6srb2.rtm,C:\TASPRO7\DBA7\t6srb2.rtm,T6SRB2.RTM,True
t6srb2.rtm,C:\SOURCE\RTM\Bksob2.rtm,BKSOB2.RTM,False
t6srb2.rtm,C:\DBAMFG\bksrb4.rtm,BKSRB4.RTM,False
t6srb2.rtm,C:\DBAMFG\bksrb4.rtm,BKSRB4.RTM,False
t6srb3.rtm,C:\TASPRO7\DBA7\t6srb3.rtm,T6SRB3.RTM,True
t6srb3.rtm,C:\SOURCE\RTM\Bksob3.rtm,BKSOB3.RTM,False
t6srb3.rtm,C:\SOURCE\apr99\Bksob3.rtm,BKSOB3.RTM,False
t6srb3.rtm,C:\DBAMFG\bksrb4.rtm,BKSRB4.RTM,False
t6srb3.rtm,C:\DBAMFG\bksrb4.rtm,BKSRB4.RTM,False
t6srb3.rtm,C:\SOURCE\apr99\Bksob3.rtm,BKSOB3.RTM,False
t6srb3.rtm,C:\SOURCE\apr99\Bksob3.rtm,BKSOB3.RTM,False
t6srb4.rtm,C:\TASPRO7\DBA7\t6srb4.rtm,T6SRB4.RTM,True
t6srb4.rtm,C:\SOURCE\RTM\Bksob4.rtm,BKSOB4.RTM,False
t6srb4.rtm,C:\DBAMFG\bksrb4.rtm,BKSRB4.RTM,False
t6srb4.rtm,C:\DBAMFG\bksrb4.rtm,BKSRB4.RTM,False
t6srd1.rtm,C:\TASPRO7\DBA7\t6srd1.rtm,T6SRD1.RTM,True
t6srd1.rtm,C:\DBAMFG\Bksoc1.rtm,BKSOC1.RTM,False
t6srd1.rtm,C:\DBAMFG\Bksoc1.rtm,BKSOC1.RTM,False
t6srd1.rtm,C:\DBAMFG\Bksoc1.rtm,BKSOC1.RTM,False
t6srd1.rtm,C:\DBAMFG\Bksoc1.rtm,BKSOC1.RTM,False
t6srd1.rtm,C:\DBAMFG\Bksoc1.rtm,BKSOC1.RTM,False
t6srd1.rtm,C:\DBAMFG\bksoc1.RTM,BKSOC1.RTM,False
t6srd1t.rtm,C:\TASPRO7\DBA7\t6srd1t.rtm,T6SRD1T.RTM,True
t6srd1t.rtm,C:\DBAMFG\Bksoc1.rtm,BKSOC1.RTM,False
t6srd1t.rtm,C:\DBAMFG\Bksoc1.rtm,BKSOC1.RTM,False
t6srd1t.rtm,C:\DBAMFG\Bksoc1.rtm,BKSOC1.RTM,False
t6srd1t.rtm,C:\DBAMFG\Bksoc1.rtm,BKSOC1.RTM,False
t6srd1t.rtm,C:\DBAMFG\Bksoc1.rtm,BKSOC1.RTM,False
t6srd1t.rtm,C:\DBAMFG\bksoc1.RTM,BKSOC1.RTM,False
t6srd2.rtm,C:\TASPRO7\DBA7\t6srd2.rtm,T6SRD2.RTM,True
t6srd2.rtm,C:\DBAMFG\Bksoc2.rtm,BKSOC2.RTM,False
t6srd2.rtm,C:\DBAMFG\bksoc2.RTM,BKSOC2.RTM,False
t6srd2.rtm,C:\DBAMFG\bksoc2.RTM,BKSOC2.RTM,False
t6srd2.rtm,C:\DBAMFG\bksoc2.RTM,BKSOC2.RTM,False
t6srd2.rtm,C:\DBAMFG\bksoc2.RTM,BKSOC2.RTM,False
t6srd2.rtm,C:\DBAMFG\bksoc2.RTM,BKSOC2.RTM,False
t6srd2t.rtm,C:\TASPRO7\DBA7\t6srd2t.rtm,T6SRD2T.RTM,True
t6srd2t.rtm,C:\DBAMFG\Bksoc2.rtm,BKSOC2.RTM,False
t6srd2t.rtm,C:\DBAMFG\bksoc2.RTM,BKSOC2.RTM,False
t6srd2t.rtm,C:\DBAMFG\bksoc2.RTM,BKSOC2.RTM,False
t6srd2t.rtm,C:\DBAMFG\bksoc2.RTM,BKSOC2.RTM,False
t6srd2t.rtm,C:\DBAMFG\bksoc2.RTM,BKSOC2.RTM,False
t6srd2t.rtm,C:\DBAMFG\bksoc2.RTM,BKSOC2.RTM,False
t6srd3.rtm,C:\TASPRO7\DBA7\t6srd3.rtm,T6SRD3.RTM,True
t6srd3.rtm,C:\DBAMFG\Bksoc3.rtm,BKSOC3.RTM,False
t6srd3.rtm,C:\DBAMFG\bksoc3.RTM,BKSOC3.RTM,False
t6srd3.rtm,C:\DBAMFG\bksoc3.RTM,BKSOC3.RTM,False
t6srd3t.rtm,C:\TASPRO7\DBA7\t6srd3t.rtm,T6SRD3T.RTM,True
t6srd3t.rtm,C:\DBAMFG\Bksoc3.rtm,BKSOC3.RTM,False
t6srd3t.rtm,C:\DBAMFG\bksoc3.RTM,BKSOC3.RTM,False
t6srd3t.rtm,C:\DBAMFG\bksoc3.RTM,BKSOC3.RTM,False
t6srd4.rtm,\\I2s109-solidcrm\dbamfg$\t6srd4.rtm,T6SRD4.RTM,True
t6srd4.rtm,C:\DBAMFG\Bksoc4.rtm,BKSOC4.RTM,False
t6srd4.rtm,C:\DBAMFG\bksoc4.RTM,BKSOC4.RTM,False
t6srd4.rtm,C:\DBAMFG\bksoc4.RTM,BKSOC4.RTM,False
t6srd4t.rtm,C:\TASPRO7\DBA7\t6srd4t.rtm,T6SRD4T.RTM,True
t6srd4t.rtm,C:\DBAMFG\Bksoc4.rtm,BKSOC4.RTM,False
t6srd4t.rtm,C:\DBAMFG\bksoc4.RTM,BKSOC4.RTM,False
t6srd4t.rtm,C:\DBAMFG\bksoc4.RTM,BKSOC4.RTM,False
t6srf1.rtm,C:\TASPRO7\DBA7\t6srf1.rtm,T6SRF1.RTM,True
t6srf1.rtm,C:\SOURCE\RTM\Bksof1.rtm,BKSOF1.RTM,False
t6srf1.rtm,C:\DBAMFG\bksof1.RTM,BKSOF1.RTM,False
t6srf1.rtm,C:\DBAMFG\bksof1.RTM,BKSOF1.RTM,False
t6srf1.rtm,C:\DBAMFG\bksof1.RTM,BKSOF1.RTM,False
t6srf1.rtm,C:\DBAMFG\bksof1.RTM,BKSOF1.RTM,False
t6srf1.rtm,C:\DBAMFG\bksof1.RTM,BKSOF1.RTM,False
t6srf2.rtm,C:\TASPRO7\DBA7\t6srf2.rtm,T6SRF2.RTM,True
t6srf2.rtm,C:\SOURCE\RTM\bksof2.rtm,BKSOF2.RTM,False
t6srf2.rtm,C:\DBAMFG\bksof2.RTM,BKSOF2.RTM,False
t6srf2.rtm,C:\DBAMFG\bksof2.RTM,BKSOF2.RTM,False
t6srf2.rtm,C:\DBAMFG\bksof2.RTM,BKSOF2.RTM,False
t6srf2.rtm,C:\DBAMFG\bksof2.RTM,BKSOF2.RTM,False
t6srf3.rtm,C:\TASPRO7\DBA7\t6srf3.rtm,T6SRF3.RTM,True
t6srf3.rtm,C:\SOURCE\RTM\Bksof3.rtm,BKSOF3.RTM,False
t6srf3.rtm,C:\DBAMFG\bksof3.RTM,BKSOF3.RTM,False
t6srf3.rtm,C:\DBAMFG\bksof3.RTM,BKSOF3.RTM,False
t6srf3.rtm,C:\DBAMFG\bksof3.RTM,BKSOF3.RTM,False
t6srf3.rtm,C:\DBAMFG\bksof3.RTM,BKSOF3.RTM,False
t6srf3.rtm,C:\DBAMFG\bksof3.RTM,BKSOF3.RTM,False
t6srf4.rtm,C:\TASPRO7\DBA7\t6srf4.rtm,T6SRF4.RTM,True
t6srf4.rtm,C:\SOURCE\RTM\bksof4.rtm,BKSOF4.RTM,False
t6srf4.rtm,C:\DBAMFG\BKSOF4.RTM,BKSOF4.RTM,False
t6srf4.rtm,C:\DBAMFG\BKSOF4.RTM,BKSOF4.RTM,False
t6srf4.rtm,C:\DBAMFG\BKSOF4.RTM,BKSOF4.RTM,False
t6srf4.rtm,C:\DBAMFG\BKSOF4.RTM,BKSOF4.RTM,False
t6srf4.rtm,C:\DBAMFG\BKSOF4.RTM,BKSOF4.RTM,False
t6wai1.RTM,T:\t6wai1.RTM,T6WAI1.RTM,True
t6wai1.RTM,C:\DBAMFG\BKISWCE1.RTM,BKISWCE1.RTM,False
t6wob1.RTM,C:\TASPRO7\DBA7\t6wob1.RTM,T6WOB1.RTM,True
t6wob1.RTM,C:\DBAMFG\BKISWCE1.RTM,BKISWCE1.RTM,False
t6woc1.RTM,T:\T6WOC1.RTM,T6WOC1.RTM,True
t6woc1.RTM,T:\T6WOC1.RTM,T6WOC1.RTM,True
t6woc1.RTM,C:\DBAMFG\BKwoc1.RTM,BKWOC1.RTM,False
t6woc1.RTM,C:\DBAMFG\BKwoc1.RTM,BKWOC1.RTM,False
t6woc1.RTM,C:\SOURCE\RTM\BKwoc1.rtm,BKWOC1.RTM,False
t6woc1.RTM,C:\SOURCE\RTM\BKwoc1.rtm,BKWOC1.RTM,False
t6woc1.RTM,C:\DBAMFG\BKWOC1.RTM,BKWOC1.RTM,False
t6woc1.RTM,C:\DBAMFG\bkwoc1.rtm,BKWOC1.RTM,False
t6woc1.RTM,C:\DBAMFG\BKWOC1.RTM,BKWOC1.RTM,False
t6woc1.RTM,C:\DBAMFG\BKWOC1.RTM,BKWOC1.RTM,False
t6woc10.RTM,\\I2s109-solidcrm\dbamfg$\t6woc10.RTM,T6WOC10.RTM,True
t6woc10.RTM,C:\DBAMFG\BKwoc1.RTM,BKWOC1.RTM,False
t6woc10.RTM,C:\DBAMFG\BKwoc1.RTM,BKWOC1.RTM,False
t6woc10.RTM,C:\DBAMFG\BKwoc1.RTM,BKWOC1.RTM,False
t6woc10.RTM,C:\SOURCE\RTM\BKwoc1.rtm,BKWOC1.RTM,False
t6woc10.RTM,C:\SOURCE\RTM\BKwoc1.rtm,BKWOC1.RTM,False
t6woc10.RTM,C:\DBAMFG\BKWOC1.RTM,BKWOC1.RTM,False
t6woc10.RTM,C:\DBAMFG\bkwoc1.rtm,BKWOC1.RTM,False
t6woc10.RTM,C:\DBAMFG\BKWOC1.RTM,BKWOC1.RTM,False
t6woc10.RTM,C:\DBAMFG\BKWOC1.RTM,BKWOC1.RTM,False
t6woc11.RTM,\\I2s109-solidcrm\dbamfg$\t6woc11.RTM,T6WOC11.RTM,True
t6woc11.RTM,C:\DBAMFG\BKwoc1.RTM,BKWOC1.RTM,False
t6woc11.RTM,C:\DBAMFG\BKwoc1.RTM,BKWOC1.RTM,False
t6woc11.RTM,C:\DBAMFG\BKwoc1.RTM,BKWOC1.RTM,False
t6woc11.RTM,C:\SOURCE\RTM\BKwoc1.rtm,BKWOC1.RTM,False
t6woc11.RTM,C:\SOURCE\RTM\BKwoc1.rtm,BKWOC1.RTM,False
t6woc11.RTM,C:\DBAMFG\BKWOC1.RTM,BKWOC1.RTM,False
t6woc11.RTM,C:\DBAMFG\bkwoc1.rtm,BKWOC1.RTM,False
t6woc11.RTM,C:\DBAMFG\BKWOC1.RTM,BKWOC1.RTM,False
t6woc11.RTM,C:\DBAMFG\BKWOC1.RTM,BKWOC1.RTM,False
t6woc1e.rtm,D:\EVOERP\t6woc1e.RTM,T6WOC1E.RTM,True
t6woc1e.rtm,C:\DBAMFG\BKwoc1.RTM,BKWOC1.RTM,False
t6woc1e.rtm,C:\DBAMFG\BKwoc1.RTM,BKWOC1.RTM,False
t6woc1e.rtm,C:\DBAMFG\BKwoc1.RTM,BKWOC1.RTM,False
t6woc1e.rtm,C:\SOURCE\RTM\BKwoc1.rtm,BKWOC1.RTM,False
t6woc1e.rtm,C:\SOURCE\RTM\BKwoc1.rtm,BKWOC1.RTM,False
t6woc1e.rtm,C:\DBAMFG\BKWOC1.RTM,BKWOC1.RTM,False
t6woc1e.rtm,C:\DBAMFG\bkwoc1.rtm,BKWOC1.RTM,False
t6woc1e.rtm,C:\DBAMFG\BKWOC1.RTM,BKWOC1.RTM,False
t6woc1e.rtm,C:\DBAMFG\BKWOC1.RTM,BKWOC1.RTM,False
t6woc2.rtm,T:\t6woc2.rtm,T6WOC2.RTM,True
t6woc2.rtm,C:\DBAMFG\BKwoc2.RTM,BKWOC2.RTM,False
t6woc2.rtm,C:\DBAMFG\BKwoc2.RTM,BKWOC2.RTM,False
t6woc2.rtm,C:\DBAMFG\BKwoc2.RTM,BKWOC2.RTM,False
t6woc2.rtm,C:\DBAMFG\BKwoc2.RTM,BKWOC2.RTM,False
t6woc2.rtm,C:\DBAMFG\BKwoc2.RTM,BKWOC2.RTM,False
t6woc2.rtm,C:\DBAMFG\BKWOC2.RTM,BKWOC2.RTM,False
t6woc2.rtm,C:\DBAMFG\bkwoc2.RTM,BKWOC2.RTM,False
t6woc2.rtm,C:\DBAMFG\BKAWC2.RTM,BKAWC2.RTM,False
t6woc2.rtm,C:\DBAMFG\BKAWC2.RTM,BKAWC2.RTM,False
t6woc3.RTM,\\I2s109-solidcrm\dbamfg$\t6woc5.RTM,T6WOC5.RTM,False
t6woc3.RTM,C:\DBAMFG\BKwoc1.RTM,BKWOC1.RTM,False
t6woc3.RTM,C:\DBAMFG\BKwoc1.RTM,BKWOC1.RTM,False
t6woc3.RTM,C:\DBAMFG\BKwoc1.RTM,BKWOC1.RTM,False
t6woc3.RTM,C:\SOURCE\RTM\BKwoc1.rtm,BKWOC1.RTM,False
t6woc3.RTM,C:\SOURCE\RTM\BKwoc1.rtm,BKWOC1.RTM,False
t6woc3.RTM,C:\DBAMFG\BKWOC1.RTM,BKWOC1.RTM,False
t6woc3.RTM,C:\DBAMFG\bkwoc1.rtm,BKWOC1.RTM,False
t6woc3.RTM,C:\DBAMFG\BKWOC1.RTM,BKWOC1.RTM,False
t6woc3.RTM,C:\DBAMFG\BKWOC1.RTM,BKWOC1.RTM,False
t6woc3e.rtm,\\Server\eimco\Public\Apps\DBAMFG\t6woc3.RTM,T6WOC3.RTM,False
t6woc3e.rtm,C:\DBAMFG\BKwoc1.RTM,BKWOC1.RTM,False
t6woc3e.rtm,C:\DBAMFG\BKwoc1.RTM,BKWOC1.RTM,False
t6woc3e.rtm,C:\DBAMFG\BKwoc1.RTM,BKWOC1.RTM,False
t6woc3e.rtm,C:\SOURCE\RTM\BKwoc1.rtm,BKWOC1.RTM,False
t6woc3e.rtm,C:\SOURCE\RTM\BKwoc1.rtm,BKWOC1.RTM,False
t6woc3e.rtm,C:\DBAMFG\BKWOC1.RTM,BKWOC1.RTM,False
t6woc3e.rtm,C:\DBAMFG\bkwoc1.rtm,BKWOC1.RTM,False
t6woc3e.rtm,C:\DBAMFG\BKWOC1.RTM,BKWOC1.RTM,False
t6woc3e.rtm,C:\DBAMFG\BKWOC1.RTM,BKWOC1.RTM,False
t6woc5.RTM,\\I2s109-solidcrm\dbamfg$\t6woc5.RTM,T6WOC5.RTM,True
t6woc5.RTM,C:\DBAMFG\BKwoc1.RTM,BKWOC1.RTM,False
t6woc5.RTM,C:\DBAMFG\BKwoc1.RTM,BKWOC1.RTM,False
t6woc5.RTM,C:\DBAMFG\BKwoc1.RTM,BKWOC1.RTM,False
t6woc5.RTM,C:\SOURCE\RTM\BKwoc1.rtm,BKWOC1.RTM,False
t6woc5.RTM,C:\SOURCE\RTM\BKwoc1.rtm,BKWOC1.RTM,False
t6woc5.RTM,C:\DBAMFG\BKWOC1.RTM,BKWOC1.RTM,False
t6woc5.RTM,C:\DBAMFG\bkwoc1.rtm,BKWOC1.RTM,False
t6woc5.RTM,C:\DBAMFG\BKWOC1.RTM,BKWOC1.RTM,False
t6woc5.RTM,C:\DBAMFG\BKWOC1.RTM,BKWOC1.RTM,False
t6woc6.RTM,\\I2s109-solidcrm\dbamfg$\t6woc6.RTM,T6WOC6.RTM,True
t6woc6.RTM,C:\DBAMFG\BKwoc1.RTM,BKWOC1.RTM,False
t6woc6.RTM,C:\DBAMFG\BKwoc1.RTM,BKWOC1.RTM,False
t6woc6.RTM,C:\DBAMFG\BKwoc1.RTM,BKWOC1.RTM,False
t6woc6.RTM,C:\SOURCE\RTM\BKwoc1.rtm,BKWOC1.RTM,False
t6woc6.RTM,C:\SOURCE\RTM\BKwoc1.rtm,BKWOC1.RTM,False
t6woc6.RTM,C:\DBAMFG\BKWOC1.RTM,BKWOC1.RTM,False
t6woc6.RTM,C:\DBAMFG\bkwoc1.rtm,BKWOC1.RTM,False
t6woc6.RTM,C:\DBAMFG\BKWOC1.RTM,BKWOC1.RTM,False
t6woc6.RTM,C:\DBAMFG\BKWOC1.RTM,BKWOC1.RTM,False
t6woc9 - backup 9-24-25.RTM,\\I2s109-solidcrm\dbamfg$\t6woc9.RTM,T6WOC9.RTM,False
t6woc9 - backup 9-24-25.RTM,C:\DBAMFG\BKwoc1.RTM,BKWOC1.RTM,False
t6woc9 - backup 9-24-25.RTM,C:\DBAMFG\BKwoc1.RTM,BKWOC1.RTM,False
t6woc9 - backup 9-24-25.RTM,C:\DBAMFG\BKwoc1.RTM,BKWOC1.RTM,False
t6woc9 - backup 9-24-25.RTM,C:\SOURCE\RTM\BKwoc1.rtm,BKWOC1.RTM,False
t6woc9 - backup 9-24-25.RTM,C:\SOURCE\RTM\BKwoc1.rtm,BKWOC1.RTM,False
t6woc9 - backup 9-24-25.RTM,C:\DBAMFG\BKWOC1.RTM,BKWOC1.RTM,False
t6woc9 - backup 9-24-25.RTM,C:\DBAMFG\bkwoc1.rtm,BKWOC1.RTM,False
t6woc9 - backup 9-24-25.RTM,C:\DBAMFG\BKWOC1.RTM,BKWOC1.RTM,False
t6woc9 - backup 9-24-25.RTM,C:\DBAMFG\BKWOC1.RTM,BKWOC1.RTM,False
t6woc9 backup 5-14-25.RTM,\\I2s109-solidcrm\dbamfg$\t6woc9.RTM,T6WOC9.RTM,False
t6woc9 backup 5-14-25.RTM,C:\DBAMFG\BKwoc1.RTM,BKWOC1.RTM,False
t6woc9 backup 5-14-25.RTM,C:\DBAMFG\BKwoc1.RTM,BKWOC1.RTM,False
t6woc9 backup 5-14-25.RTM,C:\DBAMFG\BKwoc1.RTM,BKWOC1.RTM,False
t6woc9 backup 5-14-25.RTM,C:\SOURCE\RTM\BKwoc1.rtm,BKWOC1.RTM,False
t6woc9 backup 5-14-25.RTM,C:\SOURCE\RTM\BKwoc1.rtm,BKWOC1.RTM,False
t6woc9 backup 5-14-25.RTM,C:\DBAMFG\BKWOC1.RTM,BKWOC1.RTM,False
t6woc9 backup 5-14-25.RTM,C:\DBAMFG\bkwoc1.rtm,BKWOC1.RTM,False
t6woc9 backup 5-14-25.RTM,C:\DBAMFG\BKWOC1.RTM,BKWOC1.RTM,False
t6woc9 backup 5-14-25.RTM,C:\DBAMFG\BKWOC1.RTM,BKWOC1.RTM,False
t6woc9.RTM,\\I2s109-solidcrm\dbamfg$\t6woc9.RTM,T6WOC9.RTM,True
t6woc9.RTM,C:\DBAMFG\BKwoc1.RTM,BKWOC1.RTM,False
t6woc9.RTM,C:\DBAMFG\BKwoc1.RTM,BKWOC1.RTM,False
t6woc9.RTM,C:\DBAMFG\BKwoc1.RTM,BKWOC1.RTM,False
t6woc9.RTM,C:\SOURCE\RTM\BKwoc1.rtm,BKWOC1.RTM,False
t6woc9.RTM,C:\SOURCE\RTM\BKwoc1.rtm,BKWOC1.RTM,False
t6woc9.RTM,C:\DBAMFG\BKWOC1.RTM,BKWOC1.RTM,False
t6woc9.RTM,C:\DBAMFG\bkwoc1.rtm,BKWOC1.RTM,False
t6woc9.RTM,C:\DBAMFG\BKWOC1.RTM,BKWOC1.RTM,False
t6woc9.RTM,C:\DBAMFG\BKWOC1.RTM,BKWOC1.RTM,False
t6woc9B.RTM,\\I2s109-solidcrm\dbamfg$\t6woc9B.RTM,T6WOC9B.RTM,True
t6woc9B.RTM,C:\DBAMFG\BKwoc1.RTM,BKWOC1.RTM,False
t6woc9B.RTM,C:\DBAMFG\BKwoc1.RTM,BKWOC1.RTM,False
t6woc9B.RTM,C:\DBAMFG\BKwoc1.RTM,BKWOC1.RTM,False
t6woc9B.RTM,C:\SOURCE\RTM\BKwoc1.rtm,BKWOC1.RTM,False
t6woc9B.RTM,C:\SOURCE\RTM\BKwoc1.rtm,BKWOC1.RTM,False
t6woc9B.RTM,C:\DBAMFG\BKWOC1.RTM,BKWOC1.RTM,False
t6woc9B.RTM,C:\DBAMFG\bkwoc1.rtm,BKWOC1.RTM,False
t6woc9B.RTM,C:\DBAMFG\BKWOC1.RTM,BKWOC1.RTM,False
t6woc9B.RTM,C:\DBAMFG\BKWOC1.RTM,BKWOC1.RTM,False
t6wod1.RTM,\\i2s109-solidcrm\dbamfg$\t6wod1.RTM,T6WOD1.RTM,True
t6wod1.RTM,C:\DBAMFG\BKISWCE1.RTM,BKISWCE1.RTM,False
t6wod1C.RTM,\\I2s109-solidcrm\dbamfg$\t6wod1C.RTM,T6WOD1C.RTM,True
t6wod1C.RTM,C:\DBAMFG\BKISWCE1.RTM,BKISWCE1.RTM,False
t6wod1L.rtm,Z:\EVOERP\t6wod1L.RTM,T6WOD1L.RTM,True
t6wod1L.rtm,C:\DBAMFG\BKISWCE1.RTM,BKISWCE1.RTM,False
t6wod1M.RTM,T:\t6wod1M.RTM,T6WOD1M.RTM,True
t6wod1M.RTM,C:\DBAMFG\BKISWCE1.RTM,BKISWCE1.RTM,False
t6wod1a.rtm,D:\EVOERP\t6wod1a.RTM,T6WOD1A.RTM,True
t6wod1a.rtm,C:\DBAMFG\BKISWCE1.RTM,BKISWCE1.RTM,False
t6wod3.RTM,\\I2s109-solidcrm\dbamfg$\t6wod3.RTM,T6WOD3.RTM,True
t6wod3.RTM,C:\DBAMFG\BKISWCE1.RTM,BKISWCE1.RTM,False
t6wod4.RTM,\\I2s109-solidcrm\dbamfg$\t6wod4.RTM,T6WOD4.RTM,True
t6wod4.RTM,C:\DBAMFG\BKISWCE1.RTM,BKISWCE1.RTM,False
t6wogimp1.RTM,C:\TASPRO7\DBA7\t6wogimp1.RTM,T6WOGIMP1.RTM,True
t6wola1.RTM,C:\TASPRO7\dba7\t6wola1.RTM,T6WOLA1.RTM,True
t6wola1.RTM,C:\DBAMFG\bksam1.rtm,BKSAM1.RTM,False
t6wola2.RTM,C:\DBAMFG\t6wola2.RTM,T6WOLA2.RTM,True
t6wola2.RTM,C:\DBAMFG\bksam1.rtm,BKSAM1.RTM,False
t6wola3.rtm,C:\TASPRO7\DBA7\t6wola3.RTM,T6WOLA3.RTM,True
t6wola3.rtm,C:\DBAMFG\bksam1.rtm,BKSAM1.RTM,False
t6wolc1.RTM,C:\TASPRO7\DBA7\t6wolc1.RTM,T6WOLC1.RTM,True
t6wolc1.RTM,C:\DBAMFG\BKISWCE1.RTM,BKISWCE1.RTM,False
t6wolc2.RTM,C:\TASPRO7\DBA7\t6wolc2.RTM,T6WOLC2.RTM,True
t6wolc2.RTM,C:\DBAMFG\BKISWCE1.RTM,BKISWCE1.RTM,False
t6wolc3.rtm,C:\TASPRO7\DBA7\t6wolc3.RTM,T6WOLC3.RTM,True
t6wolc3.rtm,C:\DBAMFG\BKISWCE1.RTM,BKISWCE1.RTM,False
t6wold1.RTM,C:\TASPRO7\DBA7\t6wold1.RTM,T6WOLD1.RTM,True
t6wold1.RTM,C:\DBAMFG\BKISWCE1.RTM,BKISWCE1.RTM,False
t6wold2.rtm,C:\TASPRO7\DBA7\t6wold2.RTM,T6WOLD2.RTM,True
t6wold2.rtm,C:\DBAMFG\BKISWCE1.RTM,BKISWCE1.RTM,False
t6wold3.rtm,C:\TASPRO7\DBA7\t6wold3.RTM,T6WOLD3.RTM,True
t6wold3.rtm,C:\DBAMFG\BKISWCE1.RTM,BKISWCE1.RTM,False
t6wolf1.RTM,\\I2s109-solidcrm\dbamfg$\t6wolf1.RTM,T6WOLF1.RTM,True
t6wolf2.rtm,C:\TASPRO7\DBA7\t6wolf2.RTM,T6WOLF2.RTM,True
t6wolf3.RTM,C:\TASPRO7\DBA7\t6wolf3.RTM,T6WOLF3.RTM,True
t7ing1.rtm,C:\TASPRO7\DBA7\t7ing1.rtm,T7ING1.RTM,True
t7ing1A.rtm,F:\DBAMFG\t7ing1A.RTM,T7ING1A.RTM,True
t7woc2.RTM,C:\RTMS\Mike Rtms\t7woc2.RTM,T7WOC2.RTM,True
t7woc2.RTM,C:\DBAMFG\BKwoc2.RTM,BKWOC2.RTM,False
t7woc2.RTM,C:\DBAMFG\BKwoc2.RTM,BKWOC2.RTM,False
t7woc2.RTM,C:\DBAMFG\BKwoc2.RTM,BKWOC2.RTM,False
t7woc2.RTM,C:\DBAMFG\BKwoc2.RTM,BKWOC2.RTM,False
t7woc2.RTM,C:\DBAMFG\BKwoc2.RTM,BKWOC2.RTM,False
t7woc2.RTM,C:\DBAMFG\BKWOC2.RTM,BKWOC2.RTM,False
t7woc2.RTM,C:\DBAMFG\bkwoc2.RTM,BKWOC2.RTM,False
t7woc2.RTM,C:\DBAMFG\BKAWC2.RTM,BKAWC2.RTM,False
t7woc2.RTM,C:\DBAMFG\BKAWC2.RTM,BKAWC2.RTM,False
ticket.rtm,C:\TASPRO7\DBA7\ticket.rtm,TICKET.RTM,True
ticket2.rtm,C:\TASPRO7\DBA7\ticket2.RTM,TICKET2.RTM,True
topsale.RTM,C:\DBAMFG\topsale.RTM,TOPSALE.RTM,True
topsale.RTM,C:\DBAMFG\topsale.RTM,TOPSALE.RTM,True
topsale.RTM,C:\DBAMFG\topsale.RTM,TOPSALE.RTM,True
topsale.RTM,C:\DBAMFG\topsale.RTM,TOPSALE.RTM,True
topsale.RTM,C:\DBAMFG\topsale.RTM,TOPSALE.RTM,True
topsale.RTM,C:\DBAMFG\topsale.RTM,TOPSALE.RTM,True
topsale.RTM,C:\DBAMFG\topsale.RTM,TOPSALE.RTM,True
topsale1.rtm,C:\DBAMFG\topsale1.RTM,TOPSALE1.RTM,True
topsale1.rtm,C:\DBAMFG\topsale.RTM,TOPSALE.RTM,False
topsale1.rtm,C:\DBAMFG\topsale.RTM,TOPSALE.RTM,False
topsale1.rtm,C:\DBAMFG\topsale.RTM,TOPSALE.RTM,False
topsale1.rtm,C:\DBAMFG\topsale.RTM,TOPSALE.RTM,False
topsale1.rtm,C:\DBAMFG\topsale.RTM,TOPSALE.RTM,False
xt6acwl1.rtm,C:\TASPRO7\DBA7\t6acwl1.RTM,T6ACWL1.RTM,False
